ISO-10303-21;
HEADER;
FILE_DESCRIPTION (( 'STEP AP214' ),
    '1' );
FILE_NAME ('LTC4368IMS-1#TRPBF.STEP',
    '2023-01-18T12:46:51',
    ( '' ),
    ( '' ),
    'SwSTEP 2.0',
    'SolidWorks 2017',
    '' );
FILE_SCHEMA (( 'AUTOMOTIVE_DESIGN' ));
ENDSEC;

DATA;
#1 = LINE ( 'NONE', #3898, #3622 ) ;
#2 = ORIENTED_EDGE ( 'NONE', *, *, #971, .F. ) ;
#3 = EDGE_LOOP ( 'NONE', ( #1753, #1577, #4547, #324 ) ) ;
#4 = VECTOR ( 'NONE', #4805, 1000.000000000000000 ) ;
#5 = ORIENTED_EDGE ( 'NONE', *, *, #3312, .F. ) ;
#6 = EDGE_CURVE ( 'NONE', #915, #3189, #578, .T. ) ;
#7 = EDGE_LOOP ( 'NONE', ( #3688, #3356, #4182, #362 ) ) ;
#8 = ADVANCED_FACE ( 'NONE', ( #525 ), #2895, .F. ) ;
#9 = DIRECTION ( 'NONE',  ( 0.0000000000000000000, 1.000000000000000000, 0.0000000000000000000 ) ) ;
#10 = CIRCLE ( 'NONE', #2625, 0.2921194534934680200 ) ;
#11 = LINE ( 'NONE', #4027, #2930 ) ;
#12 = PRESENTATION_LAYER_ASSIGNMENT (  '', '', ( #3758 ) ) ;
#13 = AXIS2_PLACEMENT_3D ( 'NONE', #2311, #3776, #2271 ) ;
#14 = DIRECTION ( 'NONE',  ( -1.000000000000000000, -2.355586009297741800E-015, 0.0000000000000000000 ) ) ;
#15 = CARTESIAN_POINT ( 'NONE',  ( -2.192393151670311500, 0.01300689682525813000, 0.6100000000000005400 ) ) ;
#16 = ORIENTED_EDGE ( 'NONE', *, *, #3096, .F. ) ;
#17 = FACE_OUTER_BOUND ( 'NONE', #3533, .T. ) ;
#18 =( NAMED_UNIT ( * ) PLANE_ANGLE_UNIT ( ) SI_UNIT ( $, .RADIAN. ) );
#19 = EDGE_LOOP ( 'NONE', ( #1224, #3067, #774, #3529 ) ) ;
#20 = EDGE_LOOP ( 'NONE', ( #781, #4856, #746, #1876 ) ) ;
#21 = ORIENTED_EDGE ( 'NONE', *, *, #1342, .T. ) ;
#22 = ORIENTED_EDGE ( 'NONE', *, *, #4429, .T. ) ;
#23 = VERTEX_POINT ( 'NONE', #3237 ) ;
#24 = VERTEX_POINT ( 'NONE', #612 ) ;
#25 = DIRECTION ( 'NONE',  ( -0.0000000000000000000, -1.000000000000000000, -0.0000000000000000000 ) ) ;
#26 = CARTESIAN_POINT ( 'NONE',  ( -2.207681502606056800, 0.3047260107602004500, -0.3899999999999995100 ) ) ;
#27 = ORIENTED_EDGE ( 'NONE', *, *, #4255, .F. ) ;
#28 = ADVANCED_FACE ( 'NONE', ( #3723 ), #4039, .F. ) ;
#29 = DIRECTION ( 'NONE',  ( -0.0000000000000000000, -0.0000000000000000000, -1.000000000000000000 ) ) ;
#30 = CARTESIAN_POINT ( 'NONE',  ( -2.097265395542197400, 0.2852566719800474500, -0.1099999999999995300 ) ) ;
#31 = SURFACE_STYLE_FILL_AREA ( #3597 ) ;
#32 = ORIENTED_EDGE ( 'NONE', *, *, #422, .F. ) ;
#33 = CARTESIAN_POINT ( 'NONE',  ( -2.450000000000000200, 0.1797533162558227800, -0.8899999999999995700 ) ) ;
#34 = CARTESIAN_POINT ( 'NONE',  ( 1.500000000000000900, 0.5362000000000004500, 0.8900000000000004600 ) ) ;
#35 = AXIS2_PLACEMENT_3D ( 'NONE', #1356, #2906, #2524 ) ;
#36 = CIRCLE ( 'NONE', #494, 0.2921194534934680200 ) ;
#37 = CARTESIAN_POINT ( 'NONE',  ( 1.500000000000000900, 0.7162000000000003900, 1.110000000000000500 ) ) ;
#38 = PLANE ( 'NONE',  #2019 ) ;
#39 =( NAMED_UNIT ( * ) PLANE_ANGLE_UNIT ( ) SI_UNIT ( $, .RADIAN. ) );
#40 = LINE ( 'NONE', #3369, #2765 ) ;
#41 = CARTESIAN_POINT ( 'NONE',  ( 2.207681502606056800, 0.3047260107602004500, 0.1100000000000005000 ) ) ;
#42 = EDGE_CURVE ( 'NONE', #2083, #3871, #1591, .T. ) ;
#43 = ORIENTED_EDGE ( 'NONE', *, *, #3033, .T. ) ;
#44 = AXIS2_PLACEMENT_3D ( 'NONE', #4284, #888, #3876 ) ;
#45 = ORIENTED_EDGE ( 'NONE', *, *, #3296, .F. ) ;
#46 = LINE ( 'NONE', #4395, #826 ) ;
#47 = DIRECTION ( 'NONE',  ( -0.0000000000000000000, -0.0000000000000000000, -1.000000000000000000 ) ) ;
#48 = CARTESIAN_POINT ( 'NONE',  ( 2.440579527876271600, -6.776263578034402700E-018, 0.3900000000000004600 ) ) ;
#49 = ORIENTED_EDGE ( 'NONE', *, *, #3029, .F. ) ;
#50 = ORIENTED_EDGE ( 'NONE', *, *, #4129, .F. ) ;
#51 = CARTESIAN_POINT ( 'NONE',  ( -1.776161133969903900, 0.5362000000000003400, -1.109999999999999400 ) ) ;
#52 = VECTOR ( 'NONE', #3749, 1000.000000000000000 ) ;
#53 = EDGE_CURVE ( 'NONE', #299, #3524, #2189, .T. ) ;
#54 = ORIENTED_EDGE ( 'NONE', *, *, #928, .F. ) ;
#55 = DIRECTION ( 'NONE',  ( 0.0000000000000000000, 0.0000000000000000000, 1.000000000000000000 ) ) ;
#56 = ADVANCED_FACE ( 'NONE', ( #2426 ), #975, .F. ) ;
#57 = CARTESIAN_POINT ( 'NONE',  ( 2.207681502606056800, 0.3047260107602004500, 1.110000000000000500 ) ) ;
#58 = LINE ( 'NONE', #188, #599 ) ;
#59 = DIRECTION ( 'NONE',  ( -0.0000000000000000000, -0.0000000000000000000, -1.000000000000000000 ) ) ;
#60 = CARTESIAN_POINT ( 'NONE',  ( 2.450000000000000200, 0.1797533162558224400, 1.110000000000000500 ) ) ;
#61 = VECTOR ( 'NONE', #1009, 1000.000000000000000 ) ;
#62 = VERTEX_POINT ( 'NONE', #208 ) ;
#63 = CARTESIAN_POINT ( 'NONE',  ( -1.886577241033763300, 0.4435498852866847600, -0.1099999999999995300 ) ) ;
#64 = DIRECTION ( 'NONE',  ( 0.0000000000000000000, 1.000000000000000000, 0.0000000000000000000 ) ) ;
#65 = VECTOR ( 'NONE', #1033, 1000.000000000000000 ) ;
#66 = DIRECTION ( 'NONE',  ( 0.0000000000000000000, 0.0000000000000000000, 1.000000000000000000 ) ) ;
#67 = DIRECTION ( 'NONE',  ( 0.9986295347545742800, -0.05233595624293722200, 0.0000000000000000000 ) ) ;
#68 = CIRCLE ( 'NONE', #1016, 0.2921194534934680200 ) ;
#69 = DIRECTION ( 'NONE',  ( 0.0000000000000000000, 1.000000000000000000, 0.0000000000000000000 ) ) ;
#70 = EDGE_CURVE ( 'NONE', #299, #1155, #4513, .T. ) ;
#71 = DIRECTION ( 'NONE',  ( -1.000000000000000000, 0.0000000000000000000, 0.0000000000000000000 ) ) ;
#72 = CARTESIAN_POINT ( 'NONE',  ( -2.192393151670311500, 0.01300689682525813000, -1.109999999999999400 ) ) ;
#73 = EDGE_CURVE ( 'NONE', #4004, #3115, #3489, .T. ) ;
#74 = EDGE_CURVE ( 'NONE', #3350, #1440, #4338, .T. ) ;
#75 = VERTEX_POINT ( 'NONE', #551 ) ;
#76 = VECTOR ( 'NONE', #3738, 1000.000000000000000 ) ;
#77 = CARTESIAN_POINT ( 'NONE',  ( 2.207681502606056800, 0.3047260107602004500, -0.8899999999999995700 ) ) ;
#78 = ORIENTED_EDGE ( 'NONE', *, *, #4870, .F. ) ;
#79 = LINE ( 'NONE', #1702, #4011 ) ;
#80 = ADVANCED_FACE ( 'NONE', ( #2655 ), #992, .F. ) ;
#81 = AXIS2_PLACEMENT_3D ( 'NONE', #2389, #1183, #1245 ) ;
#82 = CARTESIAN_POINT ( 'NONE',  ( -1.920000000000000400, 0.2540000000000001100, -0.3899999999999995100 ) ) ;
#83 = EDGE_CURVE ( 'NONE', #4724, #2431, #4629, .T. ) ;
#84 = VERTEX_POINT ( 'NONE', #3180 ) ;
#85 = EDGE_LOOP ( 'NONE', ( #2207, #4741, #4607, #2841 ) ) ;
#86 = DIRECTION ( 'NONE',  ( -0.0000000000000000000, -0.0000000000000000000, -1.000000000000000000 ) ) ;
#87 = ORIENTED_EDGE ( 'NONE', *, *, #3534, .T. ) ;
#88 = MANIFOLD_SOLID_BREP ( 'Boss-Extrude4[1]', #4421 ) ;
#89 = ORIENTED_EDGE ( 'NONE', *, *, #492, .T. ) ;
#90 = EDGE_LOOP ( 'NONE', ( #3222, #3478, #5, #4089 ) ) ;
#91 = CARTESIAN_POINT ( 'NONE',  ( 2.201813623794040400, 0.1927602130810809300, 0.6100000000000005400 ) ) ;
#92 = ORIENTED_EDGE ( 'NONE', *, *, #2711, .F. ) ;
#93 = CARTESIAN_POINT ( 'NONE',  ( 2.201813623794040400, 0.1927602130810809300, -0.6099999999999995400 ) ) ;
#94 = VERTEX_POINT ( 'NONE', #589 ) ;
#95 = CARTESIAN_POINT ( 'NONE',  ( 1.776161133969903700, 0.5362000000000003400, 1.110000000000000500 ) ) ;
#96 = VECTOR ( 'NONE', #1901, 1000.000000000000000 ) ;
#97 = DIRECTION ( 'NONE',  ( -0.0000000000000000000, -0.0000000000000000000, -1.000000000000000000 ) ) ;
#98 = CARTESIAN_POINT ( 'NONE',  ( -2.201813623794040400, 0.1927602130810808800, -0.1099999999999995300 ) ) ;
#99 = EDGE_CURVE ( 'NONE', #1440, #1790, #650, .T. ) ;
#100 = LINE ( 'NONE', #1497, #998 ) ;
#101 = CIRCLE ( 'NONE', #2495, 0.1121194534934686200 ) ;
#102 = VECTOR ( 'NONE', #2829, 1000.000000000000000 ) ;
#103 = CARTESIAN_POINT ( 'NONE',  ( -1.072574600253919600, 1.099999999999999400, -1.159618693102123300 ) ) ;
#104 = VERTEX_POINT ( 'NONE', #4015 ) ;
#105 = DIRECTION ( 'NONE',  ( 1.000000000000000000, -2.355586009297741800E-015, 0.0000000000000000000 ) ) ;
#106 = CYLINDRICAL_SURFACE ( 'NONE', #3246, 0.2921194534934680200 ) ;
#107 = CARTESIAN_POINT ( 'NONE',  ( 1.500000000000000900, 0.7162000000000003900, 1.110000000000000500 ) ) ;
#108 = ADVANCED_FACE ( 'NONE', ( #3549 ), #1647, .F. ) ;
#109 = VERTEX_POINT ( 'NONE', #2466 ) ;
#110 = CIRCLE ( 'NONE', #3009, 0.2921194534934680200 ) ;
#111 = DIRECTION ( 'NONE',  ( -1.000000000000000000, 0.0000000000000000000, 0.0000000000000000000 ) ) ;
#112 = ORIENTED_EDGE ( 'NONE', *, *, #1696, .T. ) ;
#113 = EDGE_CURVE ( 'NONE', #4325, #806, #158, .T. ) ;
#114 = CIRCLE ( 'NONE', #1869, 0.2921194534934680200 ) ;
#115 = VERTEX_POINT ( 'NONE', #3201 ) ;
#116 = ORIENTED_EDGE ( 'NONE', *, *, #775, .T. ) ;
#117 = CARTESIAN_POINT ( 'NONE',  ( 2.201813623794040400, 0.1927602130810809100, 0.8900000000000004600 ) ) ;
#118 = ORIENTED_EDGE ( 'NONE', *, *, #4315, .F. ) ;
#119 = VECTOR ( 'NONE', #3910, 1000.000000000000000 ) ;
#120 = CARTESIAN_POINT ( 'NONE',  ( 1.500000000000000900, 0.7162000000000003900, 0.6100000000000005400 ) ) ;
#121 = CARTESIAN_POINT ( 'NONE',  ( 2.097265395542197400, 0.2852566719800475000, 0.3900000000000004600 ) ) ;
#122 = ORIENTED_EDGE ( 'NONE', *, *, #3570, .F. ) ;
#123 = VERTEX_POINT ( 'NONE', #2451 ) ;
#124 = CARTESIAN_POINT ( 'NONE',  ( -2.207681502606056800, 0.3047260107602004500, 0.3900000000000004600 ) ) ;
#125 = DIRECTION ( 'NONE',  ( -0.0000000000000000000, -0.0000000000000000000, -1.000000000000000000 ) ) ;
#126 = ADVANCED_FACE ( 'NONE', ( #1416 ), #1310, .F. ) ;
#127 = ORIENTED_EDGE ( 'NONE', *, *, #3708, .F. ) ;
#128 = EDGE_CURVE ( 'NONE', #1790, #4143, #4884, .T. ) ;
#129 = CARTESIAN_POINT ( 'NONE',  ( 2.450000000000000200, 0.1797533162558224400, -1.109999999999999400 ) ) ;
#130 = LINE ( 'NONE', #3292, #680 ) ;
#131 = CARTESIAN_POINT ( 'NONE',  ( 2.097265395542197400, 0.2852566719800475000, -0.3899999999999995100 ) ) ;
#132 = EDGE_CURVE ( 'NONE', #3524, #2408, #1835, .T. ) ;
#133 = EDGE_LOOP ( 'NONE', ( #164, #2051, #2280, #4711 ) ) ;
#134 = FILL_AREA_STYLE_COLOUR ( '', #2628 ) ;
#135 = AXIS2_PLACEMENT_3D ( 'NONE', #675, #1834, #661 ) ;
#136 = VERTEX_POINT ( 'NONE', #166 ) ;
#137 = ORIENTED_EDGE ( 'NONE', *, *, #3737, .F. ) ;
#138 = EDGE_LOOP ( 'NONE', ( #4477, #2151, #4615, #3586 ) ) ;
#139 = VERTEX_POINT ( 'NONE', #3218 ) ;
#140 = ORIENTED_EDGE ( 'NONE', *, *, #1424, .T. ) ;
#141 = AXIS2_PLACEMENT_3D ( 'NONE', #4005, #3241, #4393 ) ;
#142 = PLANE ( 'NONE',  #2937 ) ;
#143 = EDGE_CURVE ( 'NONE', #477, #910, #4935, .T. ) ;
#144 = VERTEX_POINT ( 'NONE', #2877 ) ;
#145 = CARTESIAN_POINT ( 'NONE',  ( 1.886577241033763100, 0.4435498852866847600, -0.8899999999999995700 ) ) ;
#146 = VECTOR ( 'NONE', #2453, 1000.000000000000000 ) ;
#147 = SURFACE_STYLE_USAGE ( .BOTH. , #4770 ) ;
#148 = ORIENTED_EDGE ( 'NONE', *, *, #3472, .F. ) ;
#149 = CARTESIAN_POINT ( 'NONE',  ( -2.063842636575960100, 0.4748065572667322100, 0.1100000000000005000 ) ) ;
#150 = CARTESIAN_POINT ( 'NONE',  ( -1.776161133969903700, 0.4240805465065317600, 1.110000000000000500 ) ) ;
#151 = LINE ( 'NONE', #2752, #4331 ) ;
#152 = DIRECTION ( 'NONE',  ( -0.05233595624293675000, -0.9986295347545742800, 0.0000000000000000000 ) ) ;
#153 = ADVANCED_FACE ( 'NONE', ( #3777 ), #4751, .F. ) ;
#154 = VECTOR ( 'NONE', #361, 1000.000000000000000 ) ;
#155 = DIRECTION ( 'NONE',  ( -0.05233595624293722200, 0.9986295347545742800, 0.0000000000000000000 ) ) ;
#156 = DIRECTION ( 'NONE',  ( 0.0000000000000000000, 0.0000000000000000000, 1.000000000000000000 ) ) ;
#157 = ORIENTED_EDGE ( 'NONE', *, *, #731, .T. ) ;
#158 = LINE ( 'NONE', #933, #3973 ) ;
#159 = DIRECTION ( 'NONE',  ( 1.000000000000000000, 3.925976682162903200E-016, -0.0000000000000000000 ) ) ;
#160 = EDGE_CURVE ( 'NONE', #2225, #966, #4755, .T. ) ;
#161 = LINE ( 'NONE', #925, #464 ) ;
#162 = LINE ( 'NONE', #1847, #1419 ) ;
#163 = EDGE_CURVE ( 'NONE', #1793, #3871, #3914, .T. ) ;
#164 = ORIENTED_EDGE ( 'NONE', *, *, #4397, .T. ) ;
#165 = EDGE_CURVE ( 'NONE', #1891, #84, #2728, .T. ) ;
#166 = CARTESIAN_POINT ( 'NONE',  ( -2.440579527876271600, -6.776263578034402700E-018, 0.3900000000000004600 ) ) ;
#167 = CARTESIAN_POINT ( 'NONE',  ( 2.192393151670311500, 0.01300689682525813000, -0.3899999999999995100 ) ) ;
#168 = ORIENTED_EDGE ( 'NONE', *, *, #4748, .T. ) ;
#169 = DIRECTION ( 'NONE',  ( -0.0000000000000000000, -0.0000000000000000000, -1.000000000000000000 ) ) ;
#170 = VECTOR ( 'NONE', #1833, 1000.000000000000000 ) ;
#171 = VERTEX_POINT ( 'NONE', #1783 ) ;
#172 = DIRECTION ( 'NONE',  ( -0.9986295347545742800, 0.05233595624293675000, 0.0000000000000000000 ) ) ;
#173 = DIRECTION ( 'NONE',  ( 0.9986295347545742800, 0.05233595624293722200, -0.0000000000000000000 ) ) ;
#174 = AXIS2_PLACEMENT_3D ( 'NONE', #285, #2949, #4106 ) ;
#175 = AXIS2_PLACEMENT_3D ( 'NONE', #1939, #1542, #4197 ) ;
#176 = FACE_OUTER_BOUND ( 'NONE', #1251, .T. ) ;
#177 = ORIENTED_EDGE ( 'NONE', *, *, #2745, .F. ) ;
#178 = ORIENTED_EDGE ( 'NONE', *, *, #1535, .F. ) ;
#179 = CARTESIAN_POINT ( 'NONE',  ( 1.500000000000000900, 0.5362000000000004500, 1.110000000000000500 ) ) ;
#180 = DIRECTION ( 'NONE',  ( -1.000000000000000000, 0.0000000000000000000, 0.0000000000000000000 ) ) ;
#181 = FACE_OUTER_BOUND ( 'NONE', #4574, .T. ) ;
#182 = CARTESIAN_POINT ( 'NONE',  ( -2.192393151670311500, 0.01300689682525813000, -0.1099999999999995300 ) ) ;
#183 = ORIENTED_EDGE ( 'NONE', *, *, #3212, .T. ) ;
#184 = ADVANCED_FACE ( 'NONE', ( #2013 ), #1893, .F. ) ;
#185 = FACE_OUTER_BOUND ( 'NONE', #3169, .T. ) ;
#186 = CARTESIAN_POINT ( 'NONE',  ( -1.886577241033763300, 0.4435498852866847600, 0.1100000000000005000 ) ) ;
#187 = LINE ( 'NONE', #2707, #4847 ) ;
#188 = CARTESIAN_POINT ( 'NONE',  ( 2.201813623794040400, 0.1927602130810809100, -0.8899999999999995700 ) ) ;
#189 = CARTESIAN_POINT ( 'NONE',  ( -2.201813623794040400, 0.1927602130810807700, 0.1100000000000005000 ) ) ;
#190 = VERTEX_POINT ( 'NONE', #2545 ) ;
#191 = VECTOR ( 'NONE', #3403, 1000.000000000000000 ) ;
#192 = EDGE_CURVE ( 'NONE', #915, #490, #4169, .T. ) ;
#193 = DIRECTION ( 'NONE',  ( -0.0000000000000000000, -0.0000000000000000000, -1.000000000000000000 ) ) ;
#194 = CARTESIAN_POINT ( 'NONE',  ( 1.776161133969903500, 0.7161999999999997300, -0.3899999999999995100 ) ) ;
#195 = AXIS2_PLACEMENT_3D ( 'NONE', #3726, #1443, #4133 ) ;
#196 =( LENGTH_UNIT ( ) NAMED_UNIT ( * ) SI_UNIT ( .MILLI., .METRE. ) );
#197 = EDGE_LOOP ( 'NONE', ( #556, #1986, #3048, #4920 ) ) ;
#198 = LINE ( 'NONE', #459, #3225 ) ;
#199 = PLANE ( 'NONE',  #3359 ) ;
#200 = ORIENTED_EDGE ( 'NONE', *, *, #2904, .T. ) ;
#201 = DIRECTION ( 'NONE',  ( -1.000000000000000000, -2.355586009297741800E-015, 0.0000000000000000000 ) ) ;
#202 = ORIENTED_EDGE ( 'NONE', *, *, #3972, .T. ) ;
#203 = CARTESIAN_POINT ( 'NONE',  ( -1.776161133969903900, 0.4240805465065317600, -0.3899999999999995100 ) ) ;
#204 = EDGE_CURVE ( 'NONE', #2544, #1155, #2894, .T. ) ;
#205 = AXIS2_PLACEMENT_3D ( 'NONE', #4749, #4782, #988 ) ;
#206 = MECHANICAL_DESIGN_GEOMETRIC_PRESENTATION_REPRESENTATION (  '', ( #358 ), #3353 ) ;
#207 = EDGE_LOOP ( 'NONE', ( #1105, #2640, #2396, #4669 ) ) ;
#208 = CARTESIAN_POINT ( 'NONE',  ( -2.192393151670311500, 0.01300689682525813000, -0.8899999999999995700 ) ) ;
#209 = ORIENTED_EDGE ( 'NONE', *, *, #1953, .T. ) ;
#210 = CARTESIAN_POINT ( 'NONE',  ( -1.500000000000000900, 0.7162000000000003900, 0.6100000000000005400 ) ) ;
#211 = ORIENTED_EDGE ( 'NONE', *, *, #4377, .T. ) ;
#212 = ADVANCED_FACE ( 'NONE', ( #3013 ), #875, .T. ) ;
#213 = ORIENTED_EDGE ( 'NONE', *, *, #4909, .F. ) ;
#214 = DIRECTION ( 'NONE',  ( 0.9986295347545742800, 0.05233595624293664600, 0.0000000000000000000 ) ) ;
#215 = CARTESIAN_POINT ( 'NONE',  ( 1.886577241033763300, 0.4435498852866847600, 1.110000000000000500 ) ) ;
#216 = EDGE_CURVE ( 'NONE', #293, #1212, #1886, .T. ) ;
#217 = VECTOR ( 'NONE', #549, 1000.000000000000000 ) ;
#218 = DIRECTION ( 'NONE',  ( -0.1736481776669282800, 0.9848077530122084600, -0.0000000000000000000 ) ) ;
#219 = PLANE ( 'NONE',  #135 ) ;
#220 = LINE ( 'NONE', #4738, #3008 ) ;
#221 = CARTESIAN_POINT ( 'NONE',  ( -2.201813623794040400, 0.1927602130810807700, 0.6100000000000005400 ) ) ;
#222 = DIRECTION ( 'NONE',  ( 0.9986295347545742800, -0.05233595624293722200, 0.0000000000000000000 ) ) ;
#223 = CIRCLE ( 'NONE', #4476, 0.1121194534934686200 ) ;
#224 = CIRCLE ( 'NONE', #2648, 0.2921194534934680200 ) ;
#225 = ORIENTED_EDGE ( 'NONE', *, *, #775, .F. ) ;
#226 = DIRECTION ( 'NONE',  ( 0.9848077530122082400, 0.1736481776669294200, -0.0000000000000000000 ) ) ;
#227 = ORIENTED_EDGE ( 'NONE', *, *, #1446, .T. ) ;
#228 = VECTOR ( 'NONE', #4843, 1000.000000000000000 ) ;
#229 = DIRECTION ( 'NONE',  ( 1.000000000000000000, 0.0000000000000000000, 0.0000000000000000000 ) ) ;
#230 = FACE_OUTER_BOUND ( 'NONE', #4371, .T. ) ;
#231 = CARTESIAN_POINT ( 'NONE',  ( 2.097265395542197400, 0.2852566719800475000, -0.8899999999999995700 ) ) ;
#232 = DIRECTION ( 'NONE',  ( -1.000000000000000000, 0.0000000000000000000, 0.0000000000000000000 ) ) ;
#233 = EDGE_CURVE ( 'NONE', #546, #2965, #101, .T. ) ;
#234 = ADVANCED_FACE ( 'NONE', ( #4817 ), #106, .T. ) ;
#235 = EDGE_CURVE ( 'NONE', #4278, #911, #2134, .T. ) ;
#236 = VECTOR ( 'NONE', #3224, 1000.000000000000000 ) ;
#237 = DIRECTION ( 'NONE',  ( -1.000000000000000000, 0.0000000000000000000, 0.0000000000000000000 ) ) ;
#238 = ORIENTED_EDGE ( 'NONE', *, *, #1034, .F. ) ;
#239 = CARTESIAN_POINT ( 'NONE',  ( -2.097265395542197400, 0.2852566719800474500, 0.3900000000000004600 ) ) ;
#240 = LINE ( 'NONE', #2971, #4180 ) ;
#241 = DIRECTION ( 'NONE',  ( 0.9986295347545742800, -0.05233595624293722200, 0.0000000000000000000 ) ) ;
#242 = DIRECTION ( 'NONE',  ( 0.0000000000000000000, -1.000000000000000000, 0.0000000000000000000 ) ) ;
#243 = ORIENTED_EDGE ( 'NONE', *, *, #1487, .T. ) ;
#244 = VERTEX_POINT ( 'NONE', #1395 ) ;
#245 = AXIS2_PLACEMENT_3D ( 'NONE', #1200, #3503, #4249 ) ;
#246 = DIRECTION ( 'NONE',  ( -0.0000000000000000000, -0.0000000000000000000, -1.000000000000000000 ) ) ;
#247 = VECTOR ( 'NONE', #3600, 1000.000000000000000 ) ;
#248 = ORIENTED_EDGE ( 'NONE', *, *, #83, .T. ) ;
#249 = PLANE ( 'NONE',  #4628 ) ;
#250 = VECTOR ( 'NONE', #837, 1000.000000000000000 ) ;
#251 = CARTESIAN_POINT ( 'NONE',  ( 2.440579527876271600, -6.776263578034402700E-018, -0.8899999999999995700 ) ) ;
#252 = ORIENTED_EDGE ( 'NONE', *, *, #350, .T. ) ;
#253 = CARTESIAN_POINT ( 'NONE',  ( 1.500000000000000700, 0.7162000000000003900, -0.6099999999999995400 ) ) ;
#254 = VECTOR ( 'NONE', #2984, 1000.000000000000000 ) ;
#255 = CARTESIAN_POINT ( 'NONE',  ( -2.440579527876271600, -6.776263578034402700E-018, -0.6099999999999995400 ) ) ;
#256 = ORIENTED_EDGE ( 'NONE', *, *, #4360, .F. ) ;
#257 = CARTESIAN_POINT ( 'NONE',  ( -1.499999999999999100, 0.5362000000000004500, 1.499999999999999100 ) ) ;
#258 = LINE ( 'NONE', #4849, #2573 ) ;
#259 = ADVANCED_FACE ( 'NONE', ( #1719 ), #3654, .T. ) ;
#260 = ORIENTED_EDGE ( 'NONE', *, *, #1281, .T. ) ;
#261 = CARTESIAN_POINT ( 'NONE',  ( -1.500000000000000900, 0.5362000000000004500, 0.6100000000000005400 ) ) ;
#262 = VERTEX_POINT ( 'NONE', #2947 ) ;
#263 = ORIENTED_EDGE ( 'NONE', *, *, #4298, .T. ) ;
#264 = EDGE_CURVE ( 'NONE', #2364, #4126, #4044, .T. ) ;
#265 = CARTESIAN_POINT ( 'NONE',  ( 2.192393151670311500, 0.01300689682525813000, -0.3899999999999995100 ) ) ;
#266 = CARTESIAN_POINT ( 'NONE',  ( -2.192393151670311500, 0.01300689682525813000, 0.6100000000000005400 ) ) ;
#267 = EDGE_CURVE ( 'NONE', #4061, #1300, #4406, .T. ) ;
#268 = EDGE_CURVE ( 'NONE', #4354, #4556, #2767, .T. ) ;
#269 = ORIENTED_EDGE ( 'NONE', *, *, #4377, .F. ) ;
#270 = EDGE_LOOP ( 'NONE', ( #987, #4733, #3835, #1332 ) ) ;
#271 = ORIENTED_EDGE ( 'NONE', *, *, #1696, .F. ) ;
#272 = ORIENTED_EDGE ( 'NONE', *, *, #233, .F. ) ;
#273 = DIRECTION ( 'NONE',  ( -0.0000000000000000000, -0.0000000000000000000, -1.000000000000000000 ) ) ;
#274 = AXIS2_PLACEMENT_3D ( 'NONE', #3931, #3127, #3419 ) ;
#275 = LINE ( 'NONE', #1524, #4030 ) ;
#276 = DIRECTION ( 'NONE',  ( -0.0000000000000000000, -0.0000000000000000000, -1.000000000000000000 ) ) ;
#277 = VERTEX_POINT ( 'NONE', #691 ) ;
#278 = DIRECTION ( 'NONE',  ( 0.9986295347545742800, 0.05233595624293722200, -0.0000000000000000000 ) ) ;
#279 = VECTOR ( 'NONE', #1322, 1000.000000000000000 ) ;
#280 = DIRECTION ( 'NONE',  ( -1.000000000000000000, 0.0000000000000000000, 0.0000000000000000000 ) ) ;
#281 = COLOUR_RGB ( '',0.7921568627450980000, 0.8196078431372548800, 0.9333333333333333500 ) ;
#282 = LINE ( 'NONE', #3183, #4220 ) ;
#283 = ADVANCED_FACE ( 'NONE', ( #831 ), #3138, .T. ) ;
#284 = CARTESIAN_POINT ( 'NONE',  ( -1.499999999999999100, 0.7162000000000003900, 1.499999999999999100 ) ) ;
#285 = CARTESIAN_POINT ( 'NONE',  ( -2.207681502606056800, 0.3047260107602004500, 0.1100000000000005000 ) ) ;
#286 = VECTOR ( 'NONE', #4409, 1000.000000000000000 ) ;
#287 = CIRCLE ( 'NONE', #4283, 0.1121194534934686200 ) ;
#288 = CARTESIAN_POINT ( 'NONE',  ( 1.500000000000000700, 0.7162000000000003900, -1.109999999999999400 ) ) ;
#289 = VECTOR ( 'NONE', #2629, 1000.000000000000000 ) ;
#290 = ORIENTED_EDGE ( 'NONE', *, *, #2492, .F. ) ;
#291 = DIRECTION ( 'NONE',  ( 0.9986295347545742800, -0.05233595624293722200, 0.0000000000000000000 ) ) ;
#292 = PLANE ( 'NONE',  #2060 ) ;
#293 = VERTEX_POINT ( 'NONE', #4543 ) ;
#294 = VECTOR ( 'NONE', #698, 1000.000000000000000 ) ;
#295 = CARTESIAN_POINT ( 'NONE',  ( -2.063842636575960100, 0.4748065572667322100, 0.1100000000000005000 ) ) ;
#296 = PLANE ( 'NONE',  #3578 ) ;
#297 = PRESENTATION_STYLE_ASSIGNMENT (( #3113 ) ) ;
#298 = ORIENTED_EDGE ( 'NONE', *, *, #399, .F. ) ;
#299 = VERTEX_POINT ( 'NONE', #769 ) ;
#300 = EDGE_CURVE ( 'NONE', #825, #4228, #3611, .T. ) ;
#301 = AXIS2_PLACEMENT_3D ( 'NONE', #3839, #2712, #438 ) ;
#302 = CARTESIAN_POINT ( 'NONE',  ( -1.886577241033763600, 0.4435498852866847600, -0.8899999999999995700 ) ) ;
#303 = VECTOR ( 'NONE', #3321, 1000.000000000000000 ) ;
#304 = CARTESIAN_POINT ( 'NONE',  ( -1.072574600253919600, 0.9999999999999993300, -1.015223721361092800 ) ) ;
#305 = PLANE ( 'NONE',  #4841 ) ;
#306 = DIRECTION ( 'NONE',  ( -0.0000000000000000000, -0.0000000000000000000, -1.000000000000000000 ) ) ;
#307 = ORIENTED_EDGE ( 'NONE', *, *, #1846, .T. ) ;
#308 = VECTOR ( 'NONE', #3299, 1000.000000000000000 ) ;
#309 = CARTESIAN_POINT ( 'NONE',  ( 1.776161133969903700, 0.5362000000000003400, 0.6100000000000005400 ) ) ;
#310 = EDGE_CURVE ( 'NONE', #1829, #546, #1011, .T. ) ;
#311 = VECTOR ( 'NONE', #1593, 1000.000000000000000 ) ;
#312 = DIRECTION ( 'NONE',  ( 0.0000000000000000000, -1.000000000000000000, 0.0000000000000000000 ) ) ;
#313 = VERTEX_POINT ( 'NONE', #2636 ) ;
#314 = LINE ( 'NONE', #3307, #1564 ) ;
#315 = CARTESIAN_POINT ( 'NONE',  ( 1.500000000000000700, 0.5362000000000004500, -1.109999999999999400 ) ) ;
#316 = ORIENTED_EDGE ( 'NONE', *, *, #4067, .T. ) ;
#317 = FACE_OUTER_BOUND ( 'NONE', #207, .T. ) ;
#318 = DIRECTION ( 'NONE',  ( -0.0000000000000000000, -0.0000000000000000000, -1.000000000000000000 ) ) ;
#319 = ORIENTED_EDGE ( 'NONE', *, *, #1218, .T. ) ;
#320 = DIRECTION ( 'NONE',  ( -0.9848077530122082400, 0.1736481776669294200, 0.0000000000000000000 ) ) ;
#321 = DIRECTION ( 'NONE',  ( -0.0000000000000000000, -0.0000000000000000000, -1.000000000000000000 ) ) ;
#322 = ORIENTED_EDGE ( 'NONE', *, *, #3383, .T. ) ;
#323 = CARTESIAN_POINT ( 'NONE',  ( 1.776161133969903700, 0.4240805465065317600, 1.110000000000000500 ) ) ;
#324 = ORIENTED_EDGE ( 'NONE', *, *, #4267, .T. ) ;
#325 = EDGE_CURVE ( 'NONE', #3857, #4440, #3375, .T. ) ;
#326 = ORIENTED_EDGE ( 'NONE', *, *, #688, .T. ) ;
#327 = CARTESIAN_POINT ( 'NONE',  ( 0.0000000000000000000, 1.099999999999999400, 0.0000000000000000000 ) ) ;
#328 = EDGE_CURVE ( 'NONE', #24, #706, #4038, .T. ) ;
#329 = MECHANICAL_DESIGN_GEOMETRIC_PRESENTATION_REPRESENTATION (  '', ( #2715 ), #1862 ) ;
#330 = AXIS2_PLACEMENT_3D ( 'NONE', #203, #2857, #1298 ) ;
#331 = EDGE_LOOP ( 'NONE', ( #1140, #4673, #1046, #3334 ) ) ;
#332 = VECTOR ( 'NONE', #2414, 1000.000000000000100 ) ;
#333 = DIRECTION ( 'NONE',  ( -0.0000000000000000000, -0.0000000000000000000, -1.000000000000000000 ) ) ;
#334 = AXIS2_PLACEMENT_3D ( 'NONE', #802, #4643, #3904 ) ;
#335 = EDGE_CURVE ( 'NONE', #3087, #1976, #4942, .T. ) ;
#336 = CARTESIAN_POINT ( 'NONE',  ( -2.192393151670311500, 0.01300689682525813000, 0.1100000000000005000 ) ) ;
#337 = CARTESIAN_POINT ( 'NONE',  ( 2.440579527876271600, -6.776263578034402700E-018, 0.6100000000000005400 ) ) ;
#338 = LINE ( 'NONE', #3962, #3661 ) ;
#339 = FILL_AREA_STYLE_COLOUR ( '', #3139 ) ;
#340 = VECTOR ( 'NONE', #4596, 1000.000000000000000 ) ;
#341 = LINE ( 'NONE', #1674, #2602 ) ;
#342 = VECTOR ( 'NONE', #3221, 1000.000000000000000 ) ;
#343 = DIRECTION ( 'NONE',  ( -1.000000000000000000, 0.0000000000000000000, 0.0000000000000000000 ) ) ;
#344 = VERTEX_POINT ( 'NONE', #1464 ) ;
#345 = ORIENTED_EDGE ( 'NONE', *, *, #1859, .F. ) ;
#346 = FACE_OUTER_BOUND ( 'NONE', #432, .T. ) ;
#347 = DIRECTION ( 'NONE',  ( 0.1736481776669293900, 0.9848077530122082400, -0.0000000000000000000 ) ) ;
#348 = FACE_OUTER_BOUND ( 'NONE', #2377, .T. ) ;
#349 = CARTESIAN_POINT ( 'NONE',  ( -2.063842636575960100, 0.4748065572667322100, 0.6100000000000005400 ) ) ;
#350 = EDGE_CURVE ( 'NONE', #4154, #4143, #2905, .T. ) ;
#351 = ADVANCED_FACE ( 'NONE', ( #2776 ), #2242, .F. ) ;
#352 = CARTESIAN_POINT ( 'NONE',  ( 2.201813623794040400, 0.1927602130810809100, 0.6100000000000005400 ) ) ;
#353 = VERTEX_POINT ( 'NONE', #4187 ) ;
#354 = ADVANCED_FACE ( 'NONE', ( #767 ), #4900, .F. ) ;
#355 = ORIENTED_EDGE ( 'NONE', *, *, #1990, .T. ) ;
#356 = VECTOR ( 'NONE', #952, 1000.000000000000000 ) ;
#357 = EDGE_LOOP ( 'NONE', ( #3826, #2705, #4499, #4526 ) ) ;
#358 = STYLED_ITEM ( 'NONE', ( #3276 ), #1489 ) ;
#359 = CARTESIAN_POINT ( 'NONE',  ( 1.920000000000000400, 0.2540000000000001100, 1.110000000000000500 ) ) ;
#360 = LINE ( 'NONE', #3744, #3806 ) ;
#361 = DIRECTION ( 'NONE',  ( 0.0000000000000000000, -1.000000000000000000, 0.0000000000000000000 ) ) ;
#362 = ORIENTED_EDGE ( 'NONE', *, *, #3381, .T. ) ;
#363 = CARTESIAN_POINT ( 'NONE',  ( -1.072574600253919600, 0.9999999999999993300, -1.015223721361092800 ) ) ;
#364 = LINE ( 'NONE', #1457, #427 ) ;
#365 = AXIS2_PLACEMENT_3D ( 'NONE', #2140, #1335, #3260 ) ;
#366 = EDGE_CURVE ( 'NONE', #2742, #3798, #715, .T. ) ;
#367 = ORIENTED_EDGE ( 'NONE', *, *, #384, .T. ) ;
#368 = LINE ( 'NONE', #1807, #4603 ) ;
#369 = CARTESIAN_POINT ( 'NONE',  ( 1.500000000000000700, 0.7162000000000003900, -0.8899999999999995700 ) ) ;
#370 = ORIENTED_EDGE ( 'NONE', *, *, #1442, .T. ) ;
#371 = VERTEX_POINT ( 'NONE', #3715 ) ;
#372 = ADVANCED_FACE ( 'NONE', ( #2368 ), #2622, .F. ) ;
#373 = CARTESIAN_POINT ( 'NONE',  ( -2.207681502606056800, 0.3047260107602004500, -0.1099999999999995300 ) ) ;
#374 =( NAMED_UNIT ( * ) PLANE_ANGLE_UNIT ( ) SI_UNIT ( $, .RADIAN. ) );
#375 = ORIENTED_EDGE ( 'NONE', *, *, #3065, .T. ) ;
#376 = ORIENTED_EDGE ( 'NONE', *, *, #4240, .F. ) ;
#377 = DIRECTION ( 'NONE',  ( 0.0000000000000000000, 0.0000000000000000000, 1.000000000000000000 ) ) ;
#378 = ORIENTED_EDGE ( 'NONE', *, *, #2014, .F. ) ;
#379 = ORIENTED_EDGE ( 'NONE', *, *, #475, .T. ) ;
#380 =( NAMED_UNIT ( * ) SI_UNIT ( $, .STERADIAN. ) SOLID_ANGLE_UNIT ( ) );
#381 = PLANE ( 'NONE',  #461 ) ;
#382 = DIRECTION ( 'NONE',  ( 0.0000000000000000000, -0.9848077530122080200, -0.1736481776669307200 ) ) ;
#383 = PLANE ( 'NONE',  #2649 ) ;
#384 = EDGE_CURVE ( 'NONE', #4206, #4555, #3784, .T. ) ;
#385 = VECTOR ( 'NONE', #3231, 1000.000000000000000 ) ;
#386 = ORIENTED_EDGE ( 'NONE', *, *, #3752, .F. ) ;
#387 = CARTESIAN_POINT ( 'NONE',  ( -2.192393151670311500, 0.01300689682525813000, 1.110000000000000500 ) ) ;
#388 = DIRECTION ( 'NONE',  ( -0.05233595624293675000, -0.9986295347545742800, 0.0000000000000000000 ) ) ;
#389 = EDGE_CURVE ( 'NONE', #2133, #3591, #592, .T. ) ;
#390 = AXIS2_PLACEMENT_3D ( 'NONE', #485, #1978, #3550 ) ;
#391 = AXIS2_PLACEMENT_3D ( 'NONE', #4720, #4319, #1269 ) ;
#392 = VECTOR ( 'NONE', #1216, 1000.000000000000000 ) ;
#393 = CARTESIAN_POINT ( 'NONE',  ( 2.192393151670311500, 0.01300689682525813000, -0.6099999999999995400 ) ) ;
#394 = FACE_OUTER_BOUND ( 'NONE', #3828, .T. ) ;
#395 = VECTOR ( 'NONE', #1777, 1000.000000000000000 ) ;
#396 = CARTESIAN_POINT ( 'NONE',  ( -2.207681502606056800, 0.3047260107602004500, -0.3899999999999995100 ) ) ;
#397 = CIRCLE ( 'NONE', #1921, 0.2921194534934680200 ) ;
#398 = AXIS2_PLACEMENT_3D ( 'NONE', #1014, #4455, #3306 ) ;
#399 = EDGE_CURVE ( 'NONE', #4555, #2131, #2127, .T. ) ;
#400 = DIRECTION ( 'NONE',  ( 0.05233595624293722200, 0.9986295347545742800, -0.0000000000000000000 ) ) ;
#401 = ORIENTED_EDGE ( 'NONE', *, *, #1234, .T. ) ;
#402 = CIRCLE ( 'NONE', #1885, 0.2921194534934680200 ) ;
#403 = CARTESIAN_POINT ( 'NONE',  ( 2.440579527876271600, -6.776263578034402700E-018, -0.3899999999999995100 ) ) ;
#404 = ADVANCED_FACE ( 'NONE', ( #2607 ), #1214, .F. ) ;
#405 = DIRECTION ( 'NONE',  ( 0.05233595624293666000, -0.9986295347545742800, 0.0000000000000000000 ) ) ;
#406 = ORIENTED_EDGE ( 'NONE', *, *, #3198, .T. ) ;
#407 = DIRECTION ( 'NONE',  ( -0.0000000000000000000, -1.000000000000000000, -0.0000000000000000000 ) ) ;
#408 = CARTESIAN_POINT ( 'NONE',  ( 1.500000000000000700, 0.7162000000000003900, -0.3899999999999995100 ) ) ;
#409 = LINE ( 'NONE', #1483, #2195 ) ;
#410 = VERTEX_POINT ( 'NONE', #4266 ) ;
#411 = PLANE ( 'NONE',  #3693 ) ;
#412 = PRESENTATION_STYLE_ASSIGNMENT (( #2761 ) ) ;
#413 = FILL_AREA_STYLE_COLOUR ( '', #1087 ) ;
#414 = CARTESIAN_POINT ( 'NONE',  ( 2.440579527876271600, -6.776263578034402700E-018, -1.109999999999999400 ) ) ;
#415 = DIRECTION ( 'NONE',  ( -1.000000000000000000, 0.0000000000000000000, 0.0000000000000000000 ) ) ;
#416 = EDGE_LOOP ( 'NONE', ( #1279, #4056, #4261, #4491 ) ) ;
#417 = ORIENTED_EDGE ( 'NONE', *, *, #4258, .F. ) ;
#418 = LINE ( 'NONE', #2516, #356 ) ;
#419 = EDGE_CURVE ( 'NONE', #144, #4278, #4697, .T. ) ;
#420 = CLOSED_SHELL ( 'NONE', ( #3543, #4410, #1729, #2156 ) ) ;
#421 = EDGE_CURVE ( 'NONE', #1877, #2980, #2005, .T. ) ;
#422 = EDGE_CURVE ( 'NONE', #3226, #123, #2251, .T. ) ;
#423 = FACE_OUTER_BOUND ( 'NONE', #4682, .T. ) ;
#424 = DIRECTION ( 'NONE',  ( -0.0000000000000000000, 1.000000000000000000, -0.0000000000000000000 ) ) ;
#425 = ORIENTED_EDGE ( 'NONE', *, *, #366, .T. ) ;
#426 = DIRECTION ( 'NONE',  ( -1.000000000000000000, 2.355586009297741800E-015, -0.0000000000000000000 ) ) ;
#427 = VECTOR ( 'NONE', #2261, 1000.000000000000000 ) ;
#428 = ADVANCED_FACE ( 'NONE', ( #1000, #4521 ), #3085, .T. ) ;
#429 = PRESENTATION_LAYER_ASSIGNMENT (  '', '', ( #3483 ) ) ;
#430 = DIRECTION ( 'NONE',  ( 1.000000000000000000, 0.0000000000000000000, 0.0000000000000000000 ) ) ;
#431 = DIRECTION ( 'NONE',  ( -0.0000000000000000000, -0.0000000000000000000, -1.000000000000000000 ) ) ;
#432 = EDGE_LOOP ( 'NONE', ( #1916, #2822, #4495, #1490 ) ) ;
#433 = CIRCLE ( 'NONE', #1805, 0.1121194534934686200 ) ;
#434 = PLANE ( 'NONE',  #557 ) ;
#435 =( NAMED_UNIT ( * ) PLANE_ANGLE_UNIT ( ) SI_UNIT ( $, .RADIAN. ) );
#436 = ORIENTED_EDGE ( 'NONE', *, *, #2783, .T. ) ;
#437 = ORIENTED_EDGE ( 'NONE', *, *, #1948, .F. ) ;
#438 = DIRECTION ( 'NONE',  ( -0.1736481776669294200, 0.9848077530122082400, 0.0000000000000000000 ) ) ;
#439 = LINE ( 'NONE', #1258, #914 ) ;
#440 = DIRECTION ( 'NONE',  ( 0.0000000000000000000, -0.0000000000000000000, -1.000000000000000000 ) ) ;
#441 = EDGE_LOOP ( 'NONE', ( #1930, #1923, #4917, #4833 ) ) ;
#442 = VERTEX_POINT ( 'NONE', #3450 ) ;
#443 = DIRECTION ( 'NONE',  ( -0.0000000000000000000, -0.0000000000000000000, -1.000000000000000000 ) ) ;
#444 = DIRECTION ( 'NONE',  ( 1.000000000000000000, 0.0000000000000000000, 0.0000000000000000000 ) ) ;
#445 = VERTEX_POINT ( 'NONE', #4236 ) ;
#446 = VECTOR ( 'NONE', #871, 1000.000000000000000 ) ;
#447 = EDGE_LOOP ( 'NONE', ( #653, #510, #2401, #2291 ) ) ;
#448 = DIRECTION ( 'NONE',  ( -1.000000000000000000, 0.0000000000000000000, 0.0000000000000000000 ) ) ;
#449 = EDGE_CURVE ( 'NONE', #3877, #3266, #4281, .T. ) ;
#450 = CARTESIAN_POINT ( 'NONE',  ( 1.500000000000000900, 0.7162000000000003900, 0.6100000000000005400 ) ) ;
#451 = AXIS2_PLACEMENT_3D ( 'NONE', #4610, #1182, #2687 ) ;
#452 = UNCERTAINTY_MEASURE_WITH_UNIT (LENGTH_MEASURE( 1.000000000000000100E-005 ), #3804, 'distance_accuracy_value', 'NONE');
#453 = VECTOR ( 'NONE', #1694, 1000.000000000000100 ) ;
#454 = DIRECTION ( 'NONE',  ( -0.0000000000000000000, -0.0000000000000000000, -1.000000000000000000 ) ) ;
#455 = ADVANCED_FACE ( 'NONE', ( #2493 ), #3100, .F. ) ;
#456 = CARTESIAN_POINT ( 'NONE',  ( -2.063842636575960100, 0.4748065572667322100, -0.8899999999999995700 ) ) ;
#457 = LINE ( 'NONE', #2216, #4931 ) ;
#458 = SURFACE_SIDE_STYLE ('',( #4768 ) ) ;
#459 = CARTESIAN_POINT ( 'NONE',  ( -1.500000000000001100, 0.5362000000000004500, -1.109999999999999400 ) ) ;
#460 = EDGE_CURVE ( 'NONE', #4710, #2133, #2361, .T. ) ;
#461 = AXIS2_PLACEMENT_3D ( 'NONE', #3062, #3438, #4193 ) ;
#462 = AXIS2_PLACEMENT_3D ( 'NONE', #4172, #1515, #1530 ) ;
#463 = VECTOR ( 'NONE', #218, 1000.000000000000100 ) ;
#464 = VECTOR ( 'NONE', #1305, 1000.000000000000000 ) ;
#465 = VECTOR ( 'NONE', #1968, 1000.000000000000000 ) ;
#466 = CARTESIAN_POINT ( 'NONE',  ( 1.776161133969903700, 0.5362000000000003400, 1.110000000000000500 ) ) ;
#467 = DIRECTION ( 'NONE',  ( -0.0000000000000000000, -0.0000000000000000000, -1.000000000000000000 ) ) ;
#468 = ORIENTED_EDGE ( 'NONE', *, *, #1919, .F. ) ;
#469 = EDGE_LOOP ( 'NONE', ( #2424, #4321, #981, #4362, #3339, #3982, #836, #506, #3208, #355, #3000, #4465 ) ) ;
#470 = DIRECTION ( 'NONE',  ( 0.9986295347545742800, 0.05233595624293722200, -0.0000000000000000000 ) ) ;
#471 = DIRECTION ( 'NONE',  ( -0.0000000000000000000, 0.0000000000000000000, -1.000000000000000000 ) ) ;
#472 = VECTOR ( 'NONE', #2196, 1000.000000000000000 ) ;
#473 = AXIS2_PLACEMENT_3D ( 'NONE', #3335, #4901, #2610 ) ;
#474 = VECTOR ( 'NONE', #1740, 1000.000000000000000 ) ;
#475 = EDGE_CURVE ( 'NONE', #1447, #171, #4165, .T. ) ;
#476 = DIRECTION ( 'NONE',  ( -0.0000000000000000000, -0.0000000000000000000, -1.000000000000000000 ) ) ;
#477 = VERTEX_POINT ( 'NONE', #788 ) ;
#478 = CARTESIAN_POINT ( 'NONE',  ( -1.500000000000000900, 0.7162000000000003900, -0.1099999999999995300 ) ) ;
#479 = CARTESIAN_POINT ( 'NONE',  ( -1.500000000000000900, 0.7162000000000003900, 0.6100000000000005400 ) ) ;
#480 = FACE_OUTER_BOUND ( 'NONE', #3185, .T. ) ;
#481 = VERTEX_POINT ( 'NONE', #466 ) ;
#482 = DIRECTION ( 'NONE',  ( -0.0000000000000000000, -0.0000000000000000000, -1.000000000000000000 ) ) ;
#483 = ORIENTED_EDGE ( 'NONE', *, *, #4769, .T. ) ;
#484 = FACE_OUTER_BOUND ( 'NONE', #3582, .T. ) ;
#485 = CARTESIAN_POINT ( 'NONE',  ( 1.500000000000000700, 0.7162000000000003900, -0.8899999999999995700 ) ) ;
#486 = VERTEX_POINT ( 'NONE', #848 ) ;
#487 = ADVANCED_FACE ( 'NONE', ( #2070 ), #411, .F. ) ;
#488 = EDGE_CURVE ( 'NONE', #1492, #863, #3975, .T. ) ;
#489 = DIRECTION ( 'NONE',  ( -0.0000000000000000000, -0.0000000000000000000, -1.000000000000000000 ) ) ;
#490 = VERTEX_POINT ( 'NONE', #3811 ) ;
#491 = CARTESIAN_POINT ( 'NONE',  ( -1.776161133969903900, 0.4240805465065317600, -0.6099999999999995400 ) ) ;
#492 = EDGE_CURVE ( 'NONE', #2387, #822, #3368, .T. ) ;
#493 = AXIS2_PLACEMENT_3D ( 'NONE', #3219, #2132, #237 ) ;
#494 = AXIS2_PLACEMENT_3D ( 'NONE', #396, #2314, #448 ) ;
#495 = ORIENTED_EDGE ( 'NONE', *, *, #4348, .F. ) ;
#496 =( LENGTH_UNIT ( ) NAMED_UNIT ( * ) SI_UNIT ( .MILLI., .METRE. ) );
#497 = CARTESIAN_POINT ( 'NONE',  ( -2.097265395542197400, 0.2852566719800474500, 0.8900000000000004600 ) ) ;
#498 = ORIENTED_EDGE ( 'NONE', *, *, #4097, .F. ) ;
#499 = LINE ( 'NONE', #95, #1812 ) ;
#500 = AXIS2_PLACEMENT_3D ( 'NONE', #926, #3175, #4309 ) ;
#501 = DIRECTION ( 'NONE',  ( 0.0000000000000000000, 0.0000000000000000000, 1.000000000000000000 ) ) ;
#502 = EDGE_CURVE ( 'NONE', #1775, #4254, #3427, .T. ) ;
#503 = ORIENTED_EDGE ( 'NONE', *, *, #267, .F. ) ;
#504 = VERTEX_POINT ( 'NONE', #3884 ) ;
#505 = DIRECTION ( 'NONE',  ( -0.1736481776669294200, 0.9848077530122082400, 0.0000000000000000000 ) ) ;
#506 = ORIENTED_EDGE ( 'NONE', *, *, #2299, .T. ) ;
#507 = ORIENTED_EDGE ( 'NONE', *, *, #4166, .T. ) ;
#508 = VERTEX_POINT ( 'NONE', #1609 ) ;
#509 = DIRECTION ( 'NONE',  ( -0.0000000000000000000, -1.000000000000000000, -0.0000000000000000000 ) ) ;
#510 = ORIENTED_EDGE ( 'NONE', *, *, #2738, .F. ) ;
#511 = EDGE_LOOP ( 'NONE', ( #3164, #1540, #2, #4487 ) ) ;
#512 = DIRECTION ( 'NONE',  ( -2.355586009297741800E-015, -1.000000000000000000, 0.0000000000000000000 ) ) ;
#513 = DIRECTION ( 'NONE',  ( -0.0000000000000000000, -0.0000000000000000000, -1.000000000000000000 ) ) ;
#514 = ADVANCED_FACE ( 'NONE', ( #1349 ), #4292, .F. ) ;
#515 = LINE ( 'NONE', #182, #385 ) ;
#516 = DIRECTION ( 'NONE',  ( -0.9848077530122084600, -0.1736481776669282800, 0.0000000000000000000 ) ) ;
#517 = CARTESIAN_POINT ( 'NONE',  ( 2.450000000000000200, 0.1797533162558224400, 1.110000000000000500 ) ) ;
#518 = EDGE_CURVE ( 'NONE', #3637, #1891, #2547, .T. ) ;
#519 = LINE ( 'NONE', #948, #4452 ) ;
#520 = EDGE_CURVE ( 'NONE', #4556, #2364, #223, .T. ) ;
#521 = SURFACE_STYLE_FILL_AREA ( #4580 ) ;
#522 = EDGE_CURVE ( 'NONE', #3293, #4126, #4461, .T. ) ;
#523 = CARTESIAN_POINT ( 'NONE',  ( -1.072574600253919600, 1.508410654749289500, -1.015223721361092800 ) ) ;
#524 = FACE_OUTER_BOUND ( 'NONE', #3562, .T. ) ;
#525 = FACE_OUTER_BOUND ( 'NONE', #1993, .T. ) ;
#526 = DIRECTION ( 'NONE',  ( -0.0000000000000000000, -0.0000000000000000000, -1.000000000000000000 ) ) ;
#527 = VECTOR ( 'NONE', #2111, 1000.000000000000000 ) ;
#528 = VECTOR ( 'NONE', #1425, 1000.000000000000000 ) ;
#529 =( GEOMETRIC_REPRESENTATION_CONTEXT ( 3 ) GLOBAL_UNCERTAINTY_ASSIGNED_CONTEXT ( ( #2668 ) ) GLOBAL_UNIT_ASSIGNED_CONTEXT ( ( #3366, #374, #1104 ) ) REPRESENTATION_CONTEXT ( 'NONE', 'WORKASPACE' ) );
#530 = EDGE_LOOP ( 'NONE', ( #3747, #2589, #3867, #4086 ) ) ;
#531 = DIRECTION ( 'NONE',  ( 3.925976682162903200E-016, 1.000000000000000000, -0.0000000000000000000 ) ) ;
#532 = VECTOR ( 'NONE', #2540, 1000.000000000000000 ) ;
#533 = DIRECTION ( 'NONE',  ( 1.000000000000000000, 2.355586009297741800E-015, 0.0000000000000000000 ) ) ;
#534 = DIRECTION ( 'NONE',  ( -0.1736481776669294200, 0.9848077530122082400, 0.0000000000000000000 ) ) ;
#535 = VERTEX_POINT ( 'NONE', #2443 ) ;
#536 = ADVANCED_FACE ( 'NONE', ( #1713 ), #2720, .F. ) ;
#537 = VECTOR ( 'NONE', #4558, 1000.000000000000100 ) ;
#538 = CARTESIAN_POINT ( 'NONE',  ( -2.450000000000000200, 0.1797533162558227800, -0.8899999999999995700 ) ) ;
#539 = ORIENTED_EDGE ( 'NONE', *, *, #1541, .T. ) ;
#540 = ORIENTED_EDGE ( 'NONE', *, *, #2188, .F. ) ;
#541 = LINE ( 'NONE', #4771, #2086 ) ;
#542 = CARTESIAN_POINT ( 'NONE',  ( -2.440579527876271600, -6.776263578034402700E-018, 0.8900000000000004600 ) ) ;
#543 = DIRECTION ( 'NONE',  ( -0.1736481776669294200, -0.9848077530122082400, 0.0000000000000000000 ) ) ;
#544 = EDGE_LOOP ( 'NONE', ( #1112, #2556, #3351, #2577, #4650, #4754, #3153, #3767, #3892, #2074, #3399, #1259 ) ) ;
#545 = VECTOR ( 'NONE', #4727, 1000.000000000000000 ) ;
#546 = VERTEX_POINT ( 'NONE', #3196 ) ;
#547 = DIRECTION ( 'NONE',  ( -0.9986295347545742800, -0.05233595624293722200, 0.0000000000000000000 ) ) ;
#548 = CARTESIAN_POINT ( 'NONE',  ( 1.920000000000000400, 0.2540000000000001100, 0.8900000000000004600 ) ) ;
#549 = DIRECTION ( 'NONE',  ( -0.0000000000000000000, -0.0000000000000000000, -1.000000000000000000 ) ) ;
#550 = ORIENTED_EDGE ( 'NONE', *, *, #132, .T. ) ;
#551 = CARTESIAN_POINT ( 'NONE',  ( -2.450000000000000200, 0.1797533162558227800, -0.3899999999999995100 ) ) ;
#552 = CARTESIAN_POINT ( 'NONE',  ( -2.207681502606056800, 0.3047260107602004500, 0.8900000000000004600 ) ) ;
#553 = VECTOR ( 'NONE', #4865, 1000.000000000000000 ) ;
#554 = CARTESIAN_POINT ( 'NONE',  ( -1.500000000000000900, 0.5362000000000004500, 0.6100000000000005400 ) ) ;
#555 = EDGE_CURVE ( 'NONE', #3995, #410, #341, .T. ) ;
#556 = ORIENTED_EDGE ( 'NONE', *, *, #4597, .T. ) ;
#557 = AXIS2_PLACEMENT_3D ( 'NONE', #819, #3039, #3452 ) ;
#558 = EDGE_LOOP ( 'NONE', ( #1516, #1588, #1872, #1388 ) ) ;
#559 = CARTESIAN_POINT ( 'NONE',  ( 2.063842636575960600, 0.4748065572667323800, -0.8899999999999995700 ) ) ;
#560 = CARTESIAN_POINT ( 'NONE',  ( -1.886577241033763600, 0.4435498852866847600, -0.3899999999999995100 ) ) ;
#561 = VECTOR ( 'NONE', #1211, 1000.000000000000000 ) ;
#562 = ADVANCED_FACE ( 'NONE', ( #582 ), #2063, .F. ) ;
#563 = ORIENTED_EDGE ( 'NONE', *, *, #2295, .T. ) ;
#564 = ORIENTED_EDGE ( 'NONE', *, *, #2801, .F. ) ;
#565 = STYLED_ITEM ( 'NONE', ( #4463 ), #3179 ) ;
#566 = CARTESIAN_POINT ( 'NONE',  ( -1.432325704804090300, 1.099999999999999400, 1.432325704804090300 ) ) ;
#567 = EDGE_CURVE ( 'NONE', #2515, #3706, #2307, .T. ) ;
#568 = ORIENTED_EDGE ( 'NONE', *, *, #2618, .T. ) ;
#569 = CARTESIAN_POINT ( 'NONE',  ( 2.440579527876271600, -6.776263578034402700E-018, 1.110000000000000500 ) ) ;
#570 = ORIENTED_EDGE ( 'NONE', *, *, #2360, .T. ) ;
#571 = CARTESIAN_POINT ( 'NONE',  ( -2.450000000000000200, 0.1797533162558227800, 1.110000000000000500 ) ) ;
#572 = DIRECTION ( 'NONE',  ( -0.05233595624293665300, 0.9986295347545742800, 0.0000000000000000000 ) ) ;
#573 = LINE ( 'NONE', #1266, #332 ) ;
#574 = DIRECTION ( 'NONE',  ( 1.000000000000000000, -3.925976682162903200E-016, 0.0000000000000000000 ) ) ;
#575 = CIRCLE ( 'NONE', #1511, 0.1121194534934686200 ) ;
#576 = CARTESIAN_POINT ( 'NONE',  ( -2.450000000000000200, 0.1797533162558227800, -0.1099999999999995300 ) ) ;
#577 = CARTESIAN_POINT ( 'NONE',  ( 1.776161133969903500, 0.7161999999999997300, -0.3899999999999995100 ) ) ;
#578 = LINE ( 'NONE', #3604, #286 ) ;
#579 =( NAMED_UNIT ( * ) PLANE_ANGLE_UNIT ( ) SI_UNIT ( $, .RADIAN. ) );
#580 = EDGE_CURVE ( 'NONE', #104, #3697, #287, .T. ) ;
#581 = EDGE_LOOP ( 'NONE', ( #1412, #4017, #3051, #2347 ) ) ;
#582 = FACE_OUTER_BOUND ( 'NONE', #3851, .T. ) ;
#583 = LINE ( 'NONE', #4687, #465 ) ;
#584 = ADVANCED_FACE ( 'NONE', ( #2833 ), #142, .F. ) ;
#585 = DIRECTION ( 'NONE',  ( 0.0000000000000000000, 0.0000000000000000000, 1.000000000000000000 ) ) ;
#586 = EDGE_CURVE ( 'NONE', #3877, #508, #402, .T. ) ;
#587 = ORIENTED_EDGE ( 'NONE', *, *, #2869, .F. ) ;
#588 = EDGE_CURVE ( 'NONE', #4693, #1257, #4339, .T. ) ;
#589 = CARTESIAN_POINT ( 'NONE',  ( 2.440579527876271600, -6.776263578034402700E-018, 0.1100000000000005000 ) ) ;
#590 = CARTESIAN_POINT ( 'NONE',  ( -1.500000000000000900, 0.7162000000000003900, 0.3900000000000004600 ) ) ;
#591 = ORIENTED_EDGE ( 'NONE', *, *, #3505, .T. ) ;
#592 = CIRCLE ( 'NONE', #4131, 0.2921194534934680200 ) ;
#593 = DIRECTION ( 'NONE',  ( -0.9986295347545741700, 0.05233595624293849900, -0.0000000000000000000 ) ) ;
#594 = LINE ( 'NONE', #1871, #657 ) ;
#595 = CARTESIAN_POINT ( 'NONE',  ( -1.886577241033763600, 0.4435498852866847600, -0.3899999999999995100 ) ) ;
#596 = DIRECTION ( 'NONE',  ( -1.423640940395205700E-016, 0.1736481776669307200, -0.9848077530122080200 ) ) ;
#597 = DIRECTION ( 'NONE',  ( 2.355586009297741800E-015, -1.000000000000000000, 0.0000000000000000000 ) ) ;
#598 = AXIS2_PLACEMENT_3D ( 'NONE', #1263, #908, #3920 ) ;
#599 = VECTOR ( 'NONE', #2087, 1000.000000000000100 ) ;
#600 = EDGE_CURVE ( 'NONE', #3163, #2772, #4575, .T. ) ;
#601 = PLANE ( 'NONE',  #365 ) ;
#602 = ORIENTED_EDGE ( 'NONE', *, *, #1343, .F. ) ;
#603 = DIRECTION ( 'NONE',  ( -2.168404344971009100E-016, -0.0000000000000000000, -1.000000000000000000 ) ) ;
#604 = FACE_OUTER_BOUND ( 'NONE', #197, .T. ) ;
#605 = ORIENTED_EDGE ( 'NONE', *, *, #1321, .F. ) ;
#606 = CARTESIAN_POINT ( 'NONE',  ( -1.776161133969903900, 0.7161999999999997300, -0.8899999999999995700 ) ) ;
#607 = CARTESIAN_POINT ( 'NONE',  ( 2.201813623794040400, 0.1927602130810809300, -0.8899999999999995700 ) ) ;
#608 = CARTESIAN_POINT ( 'NONE',  ( 2.063842636575960600, 0.4748065572667323800, -0.3899999999999995100 ) ) ;
#609 = PLANE ( 'NONE',  #1414 ) ;
#610 = MANIFOLD_SOLID_BREP ( 'LPattern1[6]', #2405 ) ;
#611 = FACE_OUTER_BOUND ( 'NONE', #3117, .T. ) ;
#612 = CARTESIAN_POINT ( 'NONE',  ( 1.500000000000000900, 0.7162000000000003900, 1.110000000000000500 ) ) ;
#613 = DIRECTION ( 'NONE',  ( -1.000000000000000000, 0.0000000000000000000, 0.0000000000000000000 ) ) ;
#614 = DIRECTION ( 'NONE',  ( -0.9986295347545741700, 0.05233595624293849900, -0.0000000000000000000 ) ) ;
#615 = ADVANCED_FACE ( 'NONE', ( #1179 ), #1836, .T. ) ;
#616 = ORIENTED_EDGE ( 'NONE', *, *, #4868, .F. ) ;
#617 = DIRECTION ( 'NONE',  ( -1.000000000000000000, 0.0000000000000000000, 0.0000000000000000000 ) ) ;
#618 = EDGE_CURVE ( 'NONE', #123, #3757, #46, .T. ) ;
#619 = CARTESIAN_POINT ( 'NONE',  ( 1.500000000000000900, 0.5362000000000004500, 1.110000000000000500 ) ) ;
#620 = CARTESIAN_POINT ( 'NONE',  ( -1.500000000000000900, 0.5362000000000004500, 0.1100000000000005000 ) ) ;
#621 = AXIS2_PLACEMENT_3D ( 'NONE', #4308, #2781, #4712 ) ;
#622 = VERTEX_POINT ( 'NONE', #3613 ) ;
#623 = LINE ( 'NONE', #4246, #685 ) ;
#624 = ORIENTED_EDGE ( 'NONE', *, *, #1521, .T. ) ;
#625 = EDGE_LOOP ( 'NONE', ( #681, #906, #2530, #2929 ) ) ;
#626 = CARTESIAN_POINT ( 'NONE',  ( -2.201813623794040400, 0.1927602130810808800, 0.6100000000000005400 ) ) ;
#627 = AXIS2_PLACEMENT_3D ( 'NONE', #1434, #3287, #1451 ) ;
#628 = AXIS2_PLACEMENT_3D ( 'NONE', #2827, #4000, #2155 ) ;
#629 = VERTEX_POINT ( 'NONE', #4433 ) ;
#630 = CARTESIAN_POINT ( 'NONE',  ( -2.063842636575960100, 0.4748065572667322100, -0.3899999999999995100 ) ) ;
#631 = ORIENTED_EDGE ( 'NONE', *, *, #3570, .T. ) ;
#632 = CARTESIAN_POINT ( 'NONE',  ( -1.886577241033763600, 0.4435498852866847600, -0.8899999999999995700 ) ) ;
#633 = ORIENTED_EDGE ( 'NONE', *, *, #2837, .F. ) ;
#634 = CARTESIAN_POINT ( 'NONE',  ( -1.776161133969903900, 0.7161999999999997300, -0.8899999999999995700 ) ) ;
#635 = ORIENTED_EDGE ( 'NONE', *, *, #422, .T. ) ;
#636 = AXIS2_PLACEMENT_3D ( 'NONE', #323, #3361, #3722 ) ;
#637 = DIRECTION ( 'NONE',  ( 0.05233595624293666000, -0.9986295347545742800, 0.0000000000000000000 ) ) ;
#638 = DIRECTION ( 'NONE',  ( 0.9986295347545742800, -0.05233595624293850600, 0.0000000000000000000 ) ) ;
#639 = EDGE_CURVE ( 'NONE', #706, #4846, #3248, .T. ) ;
#640 = CARTESIAN_POINT ( 'NONE',  ( -1.500000000000001100, 0.5362000000000004500, -0.8899999999999995700 ) ) ;
#641 = LINE ( 'NONE', #4317, #446 ) ;
#642 = ADVANCED_FACE ( 'NONE', ( #2486 ), #249, .F. ) ;
#643 = DIRECTION ( 'NONE',  ( -1.000000000000000000, -0.0000000000000000000, 1.445602896647339400E-016 ) ) ;
#644 = CARTESIAN_POINT ( 'NONE',  ( -1.432325704804090500, 1.099999999999999400, -1.500000000000000400 ) ) ;
#645 = VECTOR ( 'NONE', #4661, 1000.000000000000000 ) ;
#646 = CARTESIAN_POINT ( 'NONE',  ( 1.500000000000000700, 0.7162000000000003900, -0.3899999999999995100 ) ) ;
#647 = CIRCLE ( 'NONE', #2078, 0.2921194534934680200 ) ;
#648 = CARTESIAN_POINT ( 'NONE',  ( 2.097265395542197400, 0.2852566719800475000, -0.8899999999999995700 ) ) ;
#649 = CLOSED_SHELL ( 'NONE', ( #514, #738, #4088, #283, #3840, #2479, #2081, #2644, #2456, #4577, #4706, #4031, #3213, #4058 ) ) ;
#650 = LINE ( 'NONE', #3233, #1947 ) ;
#651 = FILL_AREA_STYLE_COLOUR ( '', #1120 ) ;
#652 = LINE ( 'NONE', #4431, #4227 ) ;
#653 = ORIENTED_EDGE ( 'NONE', *, *, #2124, .F. ) ;
#654 = CARTESIAN_POINT ( 'NONE',  ( 2.450000000000000200, 0.1797533162558224400, 0.1100000000000005000 ) ) ;
#655 = EDGE_CURVE ( 'NONE', #1455, #442, #3606, .T. ) ;
#656 = EDGE_CURVE ( 'NONE', #966, #3409, #1949, .T. ) ;
#657 = VECTOR ( 'NONE', #2581, 1000.000000000000000 ) ;
#658 = AXIS2_PLACEMENT_3D ( 'NONE', #4065, #3651, #2941 ) ;
#659 = AXIS2_PLACEMENT_3D ( 'NONE', #743, #306, #1854 ) ;
#660 = DIRECTION ( 'NONE',  ( -0.0000000000000000000, -0.0000000000000000000, -1.000000000000000000 ) ) ;
#661 = DIRECTION ( 'NONE',  ( 1.000000000000000000, -2.355586009297741800E-015, 0.0000000000000000000 ) ) ;
#662 = CIRCLE ( 'NONE', #1608, 0.1121194534934686200 ) ;
#663 = DIRECTION ( 'NONE',  ( 1.000000000000000000, -3.925976682162903200E-016, 0.0000000000000000000 ) ) ;
#664 = PLANE ( 'NONE',  #1479 ) ;
#665 = ORIENTED_EDGE ( 'NONE', *, *, #2029, .T. ) ;
#666 = ADVANCED_FACE ( 'NONE', ( #4108 ), #2245, .T. ) ;
#667 = AXIS2_PLACEMENT_3D ( 'NONE', #1737, #2809, #1288 ) ;
#668 = EDGE_CURVE ( 'NONE', #3697, #3317, #161, .T. ) ;
#669 = VECTOR ( 'NONE', #489, 1000.000000000000000 ) ;
#670 = EDGE_LOOP ( 'NONE', ( #4913, #2932, #4287, #3953 ) ) ;
#671 = SURFACE_STYLE_USAGE ( .BOTH. , #2789 ) ;
#672 = CARTESIAN_POINT ( 'NONE',  ( -1.499999999999999300, 0.5362000000000004500, -1.500000000000000400 ) ) ;
#673 = LINE ( 'NONE', #231, #3451 ) ;
#674 = UNCERTAINTY_MEASURE_WITH_UNIT (LENGTH_MEASURE( 1.000000000000000100E-005 ), #2175, 'distance_accuracy_value', 'NONE');
#675 = CARTESIAN_POINT ( 'NONE',  ( 1.500000000000000700, 0.7162000000000003900, -0.8899999999999995700 ) ) ;
#676 = SURFACE_STYLE_FILL_AREA ( #1271 ) ;
#677 = ORIENTED_EDGE ( 'NONE', *, *, #1535, .T. ) ;
#678 = DIRECTION ( 'NONE',  ( -0.0000000000000000000, -0.0000000000000000000, -1.000000000000000000 ) ) ;
#679 = DIRECTION ( 'NONE',  ( 7.228014483236697000E-017, 0.0000000000000000000, 1.000000000000000000 ) ) ;
#680 = VECTOR ( 'NONE', #242, 1000.000000000000000 ) ;
#681 = ORIENTED_EDGE ( 'NONE', *, *, #3283, .T. ) ;
#682 = DIRECTION ( 'NONE',  ( 0.9848077530122081300, -0.1736481776669305800, 0.0000000000000000000 ) ) ;
#683 = ORIENTED_EDGE ( 'NONE', *, *, #4416, .F. ) ;
#684 = EDGE_CURVE ( 'NONE', #3947, #2481, #4400, .T. ) ;
#685 = VECTOR ( 'NONE', #4304, 1000.000000000000000 ) ;
#686 = CARTESIAN_POINT ( 'NONE',  ( -2.207681502606056800, 0.3047260107602004500, -0.1099999999999995300 ) ) ;
#687 = DIRECTION ( 'NONE',  ( 1.000000000000000000, 0.0000000000000000000, 0.0000000000000000000 ) ) ;
#688 = EDGE_CURVE ( 'NONE', #4195, #2468, #3076, .T. ) ;
#689 = VERTEX_POINT ( 'NONE', #4814 ) ;
#690 = ORIENTED_EDGE ( 'NONE', *, *, #2559, .F. ) ;
#691 = CARTESIAN_POINT ( 'NONE',  ( -1.500000000000001100, 0.5362000000000004500, -0.3899999999999995100 ) ) ;
#692 = CARTESIAN_POINT ( 'NONE',  ( -1.776161133969903900, 0.4240805465065317600, -0.6099999999999995400 ) ) ;
#693 = VERTEX_POINT ( 'NONE', #4026 ) ;
#694 = DIRECTION ( 'NONE',  ( 0.0000000000000000000, 0.0000000000000000000, 1.000000000000000000 ) ) ;
#695 = DIRECTION ( 'NONE',  ( -0.1736481776669305500, -0.9848077530122080200, 0.0000000000000000000 ) ) ;
#696 = AXIS2_PLACEMENT_3D ( 'NONE', #41, #1526, #4245 ) ;
#697 = FACE_OUTER_BOUND ( 'NONE', #3587, .T. ) ;
#698 = DIRECTION ( 'NONE',  ( -0.1710878697460358800, 0.9702875252478138100, -0.1710878697460358500 ) ) ;
#699 = ORIENTED_EDGE ( 'NONE', *, *, #2738, .T. ) ;
#700 = DIRECTION ( 'NONE',  ( 1.000000000000000000, 0.0000000000000000000, -0.0000000000000000000 ) ) ;
#701 = DIRECTION ( 'NONE',  ( -0.9848077530122080200, -0.1736481776669307200, 7.118204701976028400E-017 ) ) ;
#702 = VECTOR ( 'NONE', #159, 1000.000000000000000 ) ;
#703 = ORIENTED_EDGE ( 'NONE', *, *, #3790, .F. ) ;
#704 = LINE ( 'NONE', #1882, #1117 ) ;
#705 = CARTESIAN_POINT ( 'NONE',  ( -1.500000000000000900, 0.7162000000000003900, 1.110000000000000500 ) ) ;
#706 = VERTEX_POINT ( 'NONE', #619 ) ;
#707 = SURFACE_STYLE_FILL_AREA ( #4046 ) ;
#708 = DIRECTION ( 'NONE',  ( 1.000000000000000000, 0.0000000000000000000, 0.0000000000000000000 ) ) ;
#709 = CYLINDRICAL_SURFACE ( 'NONE', #3285, 0.2921194534934680200 ) ;
#710 = EDGE_LOOP ( 'NONE', ( #21, #1545, #3291, #2526 ) ) ;
#711 = DIRECTION ( 'NONE',  ( 1.000000000000000000, 3.925976682162903200E-016, -0.0000000000000000000 ) ) ;
#712 = DIRECTION ( 'NONE',  ( -0.0000000000000000000, -0.0000000000000000000, -1.000000000000000000 ) ) ;
#713 = ORIENTED_EDGE ( 'NONE', *, *, #1098, .T. ) ;
#714 = EDGE_CURVE ( 'NONE', #1460, #504, #1769, .T. ) ;
#715 = CIRCLE ( 'NONE', #3090, 0.1121194534934684100 ) ;
#716 = VECTOR ( 'NONE', #3659, 1000.000000000000000 ) ;
#717 = CARTESIAN_POINT ( 'NONE',  ( 2.201813623794040400, 0.1927602130810809300, 1.110000000000000500 ) ) ;
#718 =( GEOMETRIC_REPRESENTATION_CONTEXT ( 3 ) GLOBAL_UNCERTAINTY_ASSIGNED_CONTEXT ( ( #3554 ) ) GLOBAL_UNIT_ASSIGNED_CONTEXT ( ( #3843, #39, #4722 ) ) REPRESENTATION_CONTEXT ( 'NONE', 'WORKASPACE' ) );
#719 = FACE_OUTER_BOUND ( 'NONE', #4819, .T. ) ;
#720 = ORIENTED_EDGE ( 'NONE', *, *, #4909, .T. ) ;
#721 = EDGE_CURVE ( 'NONE', #3471, #1821, #2420, .T. ) ;
#722 = AXIS2_PLACEMENT_3D ( 'NONE', #4335, #2015, #3141 ) ;
#723 = AXIS2_PLACEMENT_3D ( 'NONE', #1350, #939, #3576 ) ;
#724 = DIRECTION ( 'NONE',  ( -0.0000000000000000000, -0.0000000000000000000, -1.000000000000000000 ) ) ;
#725 = CIRCLE ( 'NONE', #3323, 0.2921194534934680200 ) ;
#726 = DIRECTION ( 'NONE',  ( 0.1736481776669293900, -0.9848077530122082400, 0.0000000000000000000 ) ) ;
#727 = ORIENTED_EDGE ( 'NONE', *, *, #4192, .T. ) ;
#728 = CARTESIAN_POINT ( 'NONE',  ( -2.063842636575960100, 0.4748065572667322100, -0.6099999999999995400 ) ) ;
#729 = CARTESIAN_POINT ( 'NONE',  ( 2.063842636575960100, 0.4748065572667323800, 0.1100000000000005000 ) ) ;
#730 = AXIS2_PLACEMENT_3D ( 'NONE', #921, #3575, #1669 ) ;
#731 = EDGE_CURVE ( 'NONE', #1964, #4710, #1409, .T. ) ;
#732 = SURFACE_SIDE_STYLE ('',( #2072 ) ) ;
#733 = PRESENTATION_STYLE_ASSIGNMENT (( #2243 ) ) ;
#734 = DIRECTION ( 'NONE',  ( -0.0000000000000000000, -0.0000000000000000000, -1.000000000000000000 ) ) ;
#735 = ORIENTED_EDGE ( 'NONE', *, *, #2974, .F. ) ;
#736 = ORIENTED_EDGE ( 'NONE', *, *, #4176, .F. ) ;
#737 = VECTOR ( 'NONE', #2073, 1000.000000000000000 ) ;
#738 = ADVANCED_FACE ( 'NONE', ( #2650 ), #4936, .F. ) ;
#739 = DIRECTION ( 'NONE',  ( 1.000000000000000000, -3.925976682162903200E-016, 0.0000000000000000000 ) ) ;
#740 = FILL_AREA_STYLE ('',( #413 ) ) ;
#741 = ORIENTED_EDGE ( 'NONE', *, *, #3634, .T. ) ;
#742 = LINE ( 'NONE', #4705, #2520 ) ;
#743 = CARTESIAN_POINT ( 'NONE',  ( 2.207681502606056800, 0.3047260107602004500, -0.1099999999999995300 ) ) ;
#744 = ORIENTED_EDGE ( 'NONE', *, *, #3905, .F. ) ;
#745 = ORIENTED_EDGE ( 'NONE', *, *, #3730, .F. ) ;
#746 = ORIENTED_EDGE ( 'NONE', *, *, #492, .F. ) ;
#747 = CARTESIAN_POINT ( 'NONE',  ( -1.499999999999999100, 0.7162000000000003900, 1.499999999999999100 ) ) ;
#748 = ORIENTED_EDGE ( 'NONE', *, *, #2502, .T. ) ;
#749 = EDGE_CURVE ( 'NONE', #3392, #2025, #4040, .T. ) ;
#750 = EDGE_LOOP ( 'NONE', ( #2583, #2948, #4550, #4013 ) ) ;
#751 = EDGE_LOOP ( 'NONE', ( #3701, #3897, #54, #563 ) ) ;
#752 = CARTESIAN_POINT ( 'NONE',  ( -1.886577241033763300, 0.4435498852866847600, 0.6100000000000005400 ) ) ;
#753 = EDGE_CURVE ( 'NONE', #4168, #2317, #1003, .T. ) ;
#754 = AXIS2_PLACEMENT_3D ( 'NONE', #855, #1362, #4016 ) ;
#755 = ORIENTED_EDGE ( 'NONE', *, *, #4767, .T. ) ;
#756 = DIRECTION ( 'NONE',  ( 0.0000000000000000000, 0.0000000000000000000, 1.000000000000000000 ) ) ;
#757 = VECTOR ( 'NONE', #3566, 1000.000000000000000 ) ;
#758 = PLANE ( 'NONE',  #4930 ) ;
#759 = AXIS2_PLACEMENT_3D ( 'NONE', #1860, #1444, #4119 ) ;
#760 = EDGE_CURVE ( 'NONE', #813, #2660, #3778, .T. ) ;
#761 = CIRCLE ( 'NONE', #1666, 0.2921194534934680200 ) ;
#762 = ADVANCED_FACE ( 'NONE', ( #3544 ), #1018, .F. ) ;
#763 = FILL_AREA_STYLE_COLOUR ( '', #2603 ) ;
#764 = LINE ( 'NONE', #1405, #395 ) ;
#765 = VECTOR ( 'NONE', #2319, 1000.000000000000000 ) ;
#766 = VERTEX_POINT ( 'NONE', #2208 ) ;
#767 = FACE_OUTER_BOUND ( 'NONE', #2708, .T. ) ;
#768 = LINE ( 'NONE', #4924, #289 ) ;
#769 = CARTESIAN_POINT ( 'NONE',  ( -1.886577241033763600, 0.4435498852866847600, -0.3899999999999995100 ) ) ;
#770 = PLANE ( 'NONE',  #4777 ) ;
#771 = CARTESIAN_POINT ( 'NONE',  ( -1.776161133969903700, 0.4240805465065317600, 0.3900000000000004600 ) ) ;
#772 = VECTOR ( 'NONE', #4383, 1000.000000000000000 ) ;
#773 = DIRECTION ( 'NONE',  ( 0.0000000000000000000, 0.0000000000000000000, 1.000000000000000000 ) ) ;
#774 = ORIENTED_EDGE ( 'NONE', *, *, #2264, .F. ) ;
#775 = EDGE_CURVE ( 'NONE', #1630, #4020, #3665, .T. ) ;
#776 = DIRECTION ( 'NONE',  ( 0.05233595624293666000, -0.9986295347545742800, 0.0000000000000000000 ) ) ;
#777 = CARTESIAN_POINT ( 'NONE',  ( -1.500000000000001100, 0.5362000000000004500, -0.8899999999999995700 ) ) ;
#778 = EDGE_CURVE ( 'NONE', #4143, #139, #4566, .T. ) ;
#779 = FACE_OUTER_BOUND ( 'NONE', #1185, .T. ) ;
#780 = EDGE_CURVE ( 'NONE', #1874, #3163, #876, .T. ) ;
#781 = ORIENTED_EDGE ( 'NONE', *, *, #3445, .T. ) ;
#782 = CARTESIAN_POINT ( 'NONE',  ( -1.072574600253919600, 1.508410654749289500, -0.8708287496200622900 ) ) ;
#783 = CARTESIAN_POINT ( 'NONE',  ( -1.500000000000001100, 0.7162000000000003900, -0.8899999999999995700 ) ) ;
#784 = LINE ( 'NONE', #3252, #1138 ) ;
#785 = ORIENTED_EDGE ( 'NONE', *, *, #1521, .F. ) ;
#786 = ADVANCED_FACE ( 'NONE', ( #3423 ), #4507, .F. ) ;
#787 = AXIS2_PLACEMENT_3D ( 'NONE', #4934, #1547, #1880 ) ;
#788 = CARTESIAN_POINT ( 'NONE',  ( 1.886577241033763300, 0.4435498852866847600, 0.3900000000000004600 ) ) ;
#789 = CARTESIAN_POINT ( 'NONE',  ( -1.500000000000000900, 0.5362000000000004500, 0.8900000000000004600 ) ) ;
#790 = VECTOR ( 'NONE', #3649, 1000.000000000000100 ) ;
#791 = DIRECTION ( 'NONE',  ( -1.000000000000000000, 0.0000000000000000000, 0.0000000000000000000 ) ) ;
#792 = VECTOR ( 'NONE', #2596, 1000.000000000000000 ) ;
#793 = DIRECTION ( 'NONE',  ( -0.0000000000000000000, -0.0000000000000000000, -1.000000000000000000 ) ) ;
#794 = PLANE ( 'NONE',  #2436 ) ;
#795 = VERTEX_POINT ( 'NONE', #4462 ) ;
#796 = FACE_OUTER_BOUND ( 'NONE', #1627, .T. ) ;
#797 = CARTESIAN_POINT ( 'NONE',  ( -2.201813623794040400, 0.1927602130810808800, 0.1100000000000005000 ) ) ;
#798 = ORIENTED_EDGE ( 'NONE', *, *, #4647, .F. ) ;
#799 = ORIENTED_EDGE ( 'NONE', *, *, #2872, .T. ) ;
#800 = LINE ( 'NONE', #3480, #561 ) ;
#801 = DIRECTION ( 'NONE',  ( -1.000000000000000000, 0.0000000000000000000, 0.0000000000000000000 ) ) ;
#802 = CARTESIAN_POINT ( 'NONE',  ( -2.207681502606056800, 0.3047260107602004500, -0.6099999999999995400 ) ) ;
#803 = VERTEX_POINT ( 'NONE', #4062 ) ;
#804 = ORIENTED_EDGE ( 'NONE', *, *, #555, .T. ) ;
#805 = CARTESIAN_POINT ( 'NONE',  ( 1.500000000000000700, 0.7162000000000003900, -0.3899999999999995100 ) ) ;
#806 = VERTEX_POINT ( 'NONE', #1081 ) ;
#807 = DIRECTION ( 'NONE',  ( -1.000000000000000000, 0.0000000000000000000, 0.0000000000000000000 ) ) ;
#808 = AXIS2_PLACEMENT_3D ( 'NONE', #373, #3760, #4171 ) ;
#809 = ORIENTED_EDGE ( 'NONE', *, *, #2016, .F. ) ;
#810 = PLANE ( 'NONE',  #301 ) ;
#811 = ADVANCED_FACE ( 'NONE', ( #3909 ), #3711, .F. ) ;
#812 = CIRCLE ( 'NONE', #4138, 0.2921194534934678000 ) ;
#813 = VERTEX_POINT ( 'NONE', #4118 ) ;
#814 = EDGE_CURVE ( 'NONE', #795, #4556, #764, .T. ) ;
#815 = AXIS2_PLACEMENT_3D ( 'NONE', #3555, #2000, #4665 ) ;
#816 = VECTOR ( 'NONE', #3779, 1000.000000000000000 ) ;
#817 = ORIENTED_EDGE ( 'NONE', *, *, #4429, .F. ) ;
#818 = DIRECTION ( 'NONE',  ( 0.0000000000000000000, 0.0000000000000000000, 1.000000000000000000 ) ) ;
#819 = CARTESIAN_POINT ( 'NONE',  ( 1.776161133969903700, 0.4240805465065317600, 1.110000000000000500 ) ) ;
#820 = LINE ( 'NONE', #2931, #2240 ) ;
#821 = AXIS2_PLACEMENT_3D ( 'NONE', #4130, #2935, #3709 ) ;
#822 = VERTEX_POINT ( 'NONE', #1794 ) ;
#823 = EDGE_CURVE ( 'NONE', #3397, #1772, #647, .T. ) ;
#824 = MANIFOLD_SOLID_BREP ( 'LPattern1[4]', #649 ) ;
#825 = VERTEX_POINT ( 'NONE', #4853 ) ;
#826 = VECTOR ( 'NONE', #603, 1000.000000000000000 ) ;
#827 = CIRCLE ( 'NONE', #3968, 0.2921194534934680200 ) ;
#828 = ORIENTED_EDGE ( 'NONE', *, *, #389, .F. ) ;
#829 = ORIENTED_EDGE ( 'NONE', *, *, #3215, .F. ) ;
#830 = DIRECTION ( 'NONE',  ( -0.9848077530122084600, -0.1736481776669282800, 0.0000000000000000000 ) ) ;
#831 = FACE_OUTER_BOUND ( 'NONE', #1152, .T. ) ;
#832 = CYLINDRICAL_SURFACE ( 'NONE', #4551, 0.2921194534934678000 ) ;
#833 = ADVANCED_FACE ( 'NONE', ( #3725 ), #4933, .F. ) ;
#834 = CARTESIAN_POINT ( 'NONE',  ( 2.201813623794040400, 0.1927602130810809300, -0.1099999999999995300 ) ) ;
#835 = PLANE ( 'NONE',  #2435 ) ;
#836 = ORIENTED_EDGE ( 'NONE', *, *, #3571, .T. ) ;
#837 = DIRECTION ( 'NONE',  ( -0.0000000000000000000, 1.000000000000000000, -0.0000000000000000000 ) ) ;
#838 = LINE ( 'NONE', #4215, #3560 ) ;
#839 = EDGE_CURVE ( 'NONE', #2943, #2713, #1453, .T. ) ;
#840 = VERTEX_POINT ( 'NONE', #4605 ) ;
#841 = DIRECTION ( 'NONE',  ( -0.9986295347545741700, 0.05233595624293849900, -0.0000000000000000000 ) ) ;
#842 = EDGE_CURVE ( 'NONE', #62, #3397, #1689, .T. ) ;
#843 = EDGE_CURVE ( 'NONE', #1995, #3471, #4546, .T. ) ;
#844 = AXIS2_PLACEMENT_3D ( 'NONE', #4624, #4252, #791 ) ;
#845 = FILL_AREA_STYLE_COLOUR ( '', #4772 ) ;
#846 = CARTESIAN_POINT ( 'NONE',  ( 1.886577241033763300, 0.4435498852866847600, 0.6100000000000005400 ) ) ;
#847 = VERTEX_POINT ( 'NONE', #1196 ) ;
#848 = CARTESIAN_POINT ( 'NONE',  ( -2.192393151670311500, 0.01300689682525813000, 0.3900000000000004600 ) ) ;
#849 = EDGE_CURVE ( 'NONE', #4375, #4398, #1867, .T. ) ;
#850 = ORIENTED_EDGE ( 'NONE', *, *, #42, .F. ) ;
#851 = VECTOR ( 'NONE', #2294, 1000.000000000000000 ) ;
#852 = CARTESIAN_POINT ( 'NONE',  ( -2.097265395542197400, 0.2852566719800474500, -0.8899999999999995700 ) ) ;
#853 = APPLICATION_CONTEXT ( 'automotive_design' ) ;
#854 = VERTEX_POINT ( 'NONE', #3411 ) ;
#855 = CARTESIAN_POINT ( 'NONE',  ( 1.776161133969903500, 0.4240805465065317600, -0.8899999999999995700 ) ) ;
#856 = FACE_OUTER_BOUND ( 'NONE', #1559, .T. ) ;
#857 = DIRECTION ( 'NONE',  ( 1.000000000000000000, 0.0000000000000000000, 0.0000000000000000000 ) ) ;
#858 = EDGE_LOOP ( 'NONE', ( #4443, #2563, #2283, #3024 ) ) ;
#859 = EDGE_LOOP ( 'NONE', ( #4520, #2992, #1295, #1855 ) ) ;
#860 = CARTESIAN_POINT ( 'NONE',  ( 1.886577241033763100, 0.4435498852866847600, -0.6099999999999995400 ) ) ;
#861 = ADVANCED_FACE ( 'NONE', ( #2344 ), #1918, .T. ) ;
#862 = ORIENTED_EDGE ( 'NONE', *, *, #4320, .T. ) ;
#863 = VERTEX_POINT ( 'NONE', #4620 ) ;
#864 = ORIENTED_EDGE ( 'NONE', *, *, #1765, .T. ) ;
#865 = CARTESIAN_POINT ( 'NONE',  ( -1.776161133969903700, 0.4240805465065317600, 1.110000000000000500 ) ) ;
#866 = DIRECTION ( 'NONE',  ( -1.000000000000000000, -2.355586009297741800E-015, 0.0000000000000000000 ) ) ;
#867 = EDGE_LOOP ( 'NONE', ( #1628, #602, #2517, #227 ) ) ;
#868 = EDGE_CURVE ( 'NONE', #2025, #1954, #978, .T. ) ;
#869 = AXIS2_PLACEMENT_3D ( 'NONE', #1494, #4527, #2213 ) ;
#870 = VECTOR ( 'NONE', #454, 1000.000000000000000 ) ;
#871 = DIRECTION ( 'NONE',  ( -0.0000000000000000000, -0.0000000000000000000, -1.000000000000000000 ) ) ;
#872 = DIRECTION ( 'NONE',  ( -1.000000000000000000, 0.0000000000000000000, 0.0000000000000000000 ) ) ;
#873 = LINE ( 'NONE', #3305, #3720 ) ;
#874 = AXIS2_PLACEMENT_3D ( 'NONE', #2340, #3050, #444 ) ;
#875 = CYLINDRICAL_SURFACE ( 'NONE', #1128, 0.2921194534934680200 ) ;
#876 = LINE ( 'NONE', #2158, #4820 ) ;
#877 = VECTOR ( 'NONE', #3110, 1000.000000000000000 ) ;
#878 = ORIENTED_EDGE ( 'NONE', *, *, #2616, .T. ) ;
#879 = ORIENTED_EDGE ( 'NONE', *, *, #909, .T. ) ;
#880 = CARTESIAN_POINT ( 'NONE',  ( -1.500000000000001100, 0.5362000000000004500, -0.8899999999999995700 ) ) ;
#881 = DIRECTION ( 'NONE',  ( 0.0000000000000000000, 0.0000000000000000000, 1.000000000000000000 ) ) ;
#882 = VECTOR ( 'NONE', #1879, 1000.000000000000000 ) ;
#883 = AXIS2_PLACEMENT_3D ( 'NONE', #996, #320, #1090 ) ;
#884 = FACE_OUTER_BOUND ( 'NONE', #4893, .T. ) ;
#885 = ADVANCED_FACE ( 'NONE', ( #1620 ), #1890, .F. ) ;
#886 = EDGE_CURVE ( 'NONE', #3189, #622, #2578, .T. ) ;
#887 = EDGE_LOOP ( 'NONE', ( #727, #2306, #924, #2343 ) ) ;
#888 = DIRECTION ( 'NONE',  ( 0.0000000000000000000, 0.0000000000000000000, 1.000000000000000000 ) ) ;
#889 = DIRECTION ( 'NONE',  ( -0.0000000000000000000, -0.0000000000000000000, -1.000000000000000000 ) ) ;
#890 = CIRCLE ( 'NONE', #1486, 0.1121194534934686200 ) ;
#891 = LINE ( 'NONE', #4494, #2850 ) ;
#892 = VERTEX_POINT ( 'NONE', #1907 ) ;
#893 = DIRECTION ( 'NONE',  ( 0.0000000000000000000, 0.0000000000000000000, 1.000000000000000000 ) ) ;
#894 = DIRECTION ( 'NONE',  ( -0.0000000000000000000, -0.0000000000000000000, -1.000000000000000000 ) ) ;
#895 = FACE_OUTER_BOUND ( 'NONE', #867, .T. ) ;
#896 = CARTESIAN_POINT ( 'NONE',  ( 2.063842636575960600, 0.4748065572667323800, 0.6100000000000005400 ) ) ;
#897 = ORIENTED_EDGE ( 'NONE', *, *, #2206, .T. ) ;
#898 = EDGE_CURVE ( 'NONE', #1277, #3437, #3585, .T. ) ;
#899 = DIRECTION ( 'NONE',  ( 0.0000000000000000000, 0.0000000000000000000, 1.000000000000000000 ) ) ;
#900 = DIRECTION ( 'NONE',  ( -0.9986295347545741700, 0.05233595624293849900, -0.0000000000000000000 ) ) ;
#901 = EDGE_CURVE ( 'NONE', #1874, #4675, #2696, .T. ) ;
#902 = AXIS2_PLACEMENT_3D ( 'NONE', #1996, #3943, #1639 ) ;
#903 = LINE ( 'NONE', #349, #3337 ) ;
#904 = CARTESIAN_POINT ( 'NONE',  ( -1.500000000000000900, 0.5362000000000004500, 0.8900000000000004600 ) ) ;
#905 = ADVANCED_FACE ( 'NONE', ( #856 ), #1213, .T. ) ;
#906 = ORIENTED_EDGE ( 'NONE', *, *, #3519, .F. ) ;
#907 = CIRCLE ( 'NONE', #3902, 0.1443949717410304700 ) ;
#908 = DIRECTION ( 'NONE',  ( 0.0000000000000000000, 0.0000000000000000000, 1.000000000000000000 ) ) ;
#909 = EDGE_CURVE ( 'NONE', #2408, #3346, #4666, .T. ) ;
#910 = VERTEX_POINT ( 'NONE', #3830 ) ;
#911 = VERTEX_POINT ( 'NONE', #2304 ) ;
#912 =( NAMED_UNIT ( * ) PLANE_ANGLE_UNIT ( ) SI_UNIT ( $, .RADIAN. ) );
#913 = VERTEX_POINT ( 'NONE', #2682 ) ;
#914 = VECTOR ( 'NONE', #4689, 1000.000000000000000 ) ;
#915 = VERTEX_POINT ( 'NONE', #1560 ) ;
#916 = VERTEX_POINT ( 'NONE', #783 ) ;
#917 = DIRECTION ( 'NONE',  ( 0.1736481776669293900, -0.9848077530122082400, 0.0000000000000000000 ) ) ;
#918 = DIRECTION ( 'NONE',  ( -0.05233595624293722200, 0.9986295347545742800, 0.0000000000000000000 ) ) ;
#919 = ORIENTED_EDGE ( 'NONE', *, *, #3405, .T. ) ;
#920 = EDGE_LOOP ( 'NONE', ( #269, #1353 ) ) ;
#921 = CARTESIAN_POINT ( 'NONE',  ( 2.063842636575960600, 0.4748065572667323800, -0.8899999999999995700 ) ) ;
#922 = DIRECTION ( 'NONE',  ( 0.0000000000000000000, 0.0000000000000000000, 1.000000000000000000 ) ) ;
#923 = VECTOR ( 'NONE', #1001, 1000.000000000000000 ) ;
#924 = ORIENTED_EDGE ( 'NONE', *, *, #749, .F. ) ;
#925 = CARTESIAN_POINT ( 'NONE',  ( -1.500000000000000900, 0.5362000000000004500, 1.110000000000000500 ) ) ;
#926 = CARTESIAN_POINT ( 'NONE',  ( -1.499999999999999300, 0.7162000000000003900, -1.500000000000000400 ) ) ;
#927 = CARTESIAN_POINT ( 'NONE',  ( 2.063842636575960600, 0.4748065572667323800, 0.3900000000000004600 ) ) ;
#928 = EDGE_CURVE ( 'NONE', #3757, #2468, #3109, .T. ) ;
#929 = FACE_OUTER_BOUND ( 'NONE', #3675, .T. ) ;
#930 = ADVANCED_FACE ( 'NONE', ( #4608 ), #1527, .F. ) ;
#931 = EDGE_CURVE ( 'NONE', #3404, #3293, #2811, .T. ) ;
#932 = EDGE_CURVE ( 'NONE', #4398, #4571, #623, .T. ) ;
#933 = CARTESIAN_POINT ( 'NONE',  ( -1.886577241033763300, 0.4435498852866847600, 0.8900000000000004600 ) ) ;
#934 = DIRECTION ( 'NONE',  ( -1.000000000000000000, 0.0000000000000000000, 0.0000000000000000000 ) ) ;
#935 = LINE ( 'NONE', #3322, #4103 ) ;
#936 = PLANE ( 'NONE',  #1576 ) ;
#937 = ORIENTED_EDGE ( 'NONE', *, *, #4449, .F. ) ;
#938 = PLANE ( 'NONE',  #4908 ) ;
#939 = DIRECTION ( 'NONE',  ( -0.9986295347545742800, 0.05233595624293675000, 0.0000000000000000000 ) ) ;
#940 = VECTOR ( 'NONE', #1468, 1000.000000000000100 ) ;
#941 = MECHANICAL_DESIGN_GEOMETRIC_PRESENTATION_REPRESENTATION (  '', ( #3758 ), #4036 ) ;
#942 = AXIS2_PLACEMENT_3D ( 'NONE', #2020, #3934, #2403 ) ;
#943 = VERTEX_POINT ( 'NONE', #3499 ) ;
#944 = EDGE_CURVE ( 'NONE', #3787, #3115, #1748, .T. ) ;
#945 = ORIENTED_EDGE ( 'NONE', *, *, #4599, .F. ) ;
#946 = CARTESIAN_POINT ( 'NONE',  ( 1.776161133969903500, 0.4240805465065317600, -0.8899999999999995700 ) ) ;
#947 = FACE_OUTER_BOUND ( 'NONE', #1270, .T. ) ;
#948 = CARTESIAN_POINT ( 'NONE',  ( 1.886577241033763100, 0.4435498852866847600, -0.8899999999999995700 ) ) ;
#949 = ORIENTED_EDGE ( 'NONE', *, *, #3616, .T. ) ;
#950 = LINE ( 'NONE', #2418, #1849 ) ;
#951 = CARTESIAN_POINT ( 'NONE',  ( 2.063842636575960600, 0.4748065572667323800, -0.6099999999999995400 ) ) ;
#952 = DIRECTION ( 'NONE',  ( -0.9986295347545742800, -0.05233595624293664600, 0.0000000000000000000 ) ) ;
#953 = VERTEX_POINT ( 'NONE', #121 ) ;
#954 = DIRECTION ( 'NONE',  ( -0.0000000000000000000, -0.0000000000000000000, -1.000000000000000000 ) ) ;
#955 = VECTOR ( 'NONE', #4468, 1000.000000000000100 ) ;
#956 = DIRECTION ( 'NONE',  ( -0.1736481776669282800, 0.9848077530122084600, -0.0000000000000000000 ) ) ;
#957 = CARTESIAN_POINT ( 'NONE',  ( 1.920000000000000400, 0.2540000000000001100, 0.6100000000000005400 ) ) ;
#958 = VERTEX_POINT ( 'NONE', #2040 ) ;
#959 = ADVANCED_FACE ( 'NONE', ( #2462 ), #2106, .F. ) ;
#960 = LINE ( 'NONE', #4815, #1437 ) ;
#961 = EDGE_CURVE ( 'NONE', #4126, #3625, #1570, .T. ) ;
#962 = AXIS2_PLACEMENT_3D ( 'NONE', #946, #193, #4779 ) ;
#963 = CYLINDRICAL_SURFACE ( 'NONE', #13, 0.1121194534934684100 ) ;
#964 = CARTESIAN_POINT ( 'NONE',  ( 1.886577241033763300, 0.4435498852866847600, 0.1100000000000005000 ) ) ;
#965 = DIRECTION ( 'NONE',  ( 0.9986295347545742800, 0.05233595624293665300, -0.0000000000000000000 ) ) ;
#966 = VERTEX_POINT ( 'NONE', #3935 ) ;
#967 = DIRECTION ( 'NONE',  ( -0.0000000000000000000, -0.0000000000000000000, -1.000000000000000000 ) ) ;
#968 = DIRECTION ( 'NONE',  ( -1.000000000000000000, 0.0000000000000000000, 0.0000000000000000000 ) ) ;
#969 = LINE ( 'NONE', #4810, #553 ) ;
#970 = DIRECTION ( 'NONE',  ( -1.000000000000000000, -3.925976682162903200E-016, 0.0000000000000000000 ) ) ;
#971 = EDGE_CURVE ( 'NONE', #75, #2117, #439, .T. ) ;
#972 = AXIS2_PLACEMENT_3D ( 'NONE', #2324, #3444, #388 ) ;
#973 = UNCERTAINTY_MEASURE_WITH_UNIT (LENGTH_MEASURE( 1.000000000000000100E-005 ), #2293, 'distance_accuracy_value', 'NONE');
#974 = EDGE_LOOP ( 'NONE', ( #2510, #850, #744, #1928 ) ) ;
#975 = PLANE ( 'NONE',  #4450 ) ;
#976 = CARTESIAN_POINT ( 'NONE',  ( -1.499999999999999300, 0.7162000000000003900, -1.500000000000000400 ) ) ;
#977 = DIRECTION ( 'NONE',  ( -0.0000000000000000000, -0.0000000000000000000, -1.000000000000000000 ) ) ;
#978 = CIRCLE ( 'NONE', #4807, 0.2921194534934680200 ) ;
#979 = ORIENTED_EDGE ( 'NONE', *, *, #1861, .F. ) ;
#980 = DIRECTION ( 'NONE',  ( -1.000000000000000000, 0.0000000000000000000, 0.0000000000000000000 ) ) ;
#981 = ORIENTED_EDGE ( 'NONE', *, *, #931, .T. ) ;
#982 = ORIENTED_EDGE ( 'NONE', *, *, #901, .T. ) ;
#983 = AXIS2_PLACEMENT_3D ( 'NONE', #1073, #4518, #4502 ) ;
#984 =( NAMED_UNIT ( * ) SI_UNIT ( $, .STERADIAN. ) SOLID_ANGLE_UNIT ( ) );
#985 = DIRECTION ( 'NONE',  ( 0.0000000000000000000, 0.0000000000000000000, 1.000000000000000000 ) ) ;
#986 = EDGE_CURVE ( 'NONE', #4436, #4228, #742, .T. ) ;
#987 = ORIENTED_EDGE ( 'NONE', *, *, #113, .T. ) ;
#988 = DIRECTION ( 'NONE',  ( -0.05233595624293665300, 0.9986295347545742800, 0.0000000000000000000 ) ) ;
#989 = VERTEX_POINT ( 'NONE', #4263 ) ;
#990 = EDGE_LOOP ( 'NONE', ( #4800, #122, #2817, #1661 ) ) ;
#991 = ADVANCED_FACE ( 'NONE', ( #317 ), #2792, .F. ) ;
#992 = PLANE ( 'NONE',  #4259 ) ;
#993 = ORIENTED_EDGE ( 'NONE', *, *, #3724, .T. ) ;
#994 = CARTESIAN_POINT ( 'NONE',  ( 1.776161133969903500, 0.4240805465065317600, -0.6099999999999995400 ) ) ;
#995 = VECTOR ( 'NONE', #1407, 1000.000000000000000 ) ;
#996 = CARTESIAN_POINT ( 'NONE',  ( -1.886577241033763600, 0.4435498852866847600, -0.8899999999999995700 ) ) ;
#997 = CARTESIAN_POINT ( 'NONE',  ( 1.920000000000000400, 0.2540000000000001100, 0.6100000000000005400 ) ) ;
#998 = VECTOR ( 'NONE', #2232, 1000.000000000000000 ) ;
#999 = CARTESIAN_POINT ( 'NONE',  ( 2.207681502606056800, 0.3047260107602004500, -1.109999999999999400 ) ) ;
#1000 = FACE_BOUND ( 'NONE', #3944, .T. ) ;
#1001 = DIRECTION ( 'NONE',  ( -0.0000000000000000000, -0.0000000000000000000, -1.000000000000000000 ) ) ;
#1002 = EDGE_CURVE ( 'NONE', #4915, #1938, #198, .T. ) ;
#1003 = LINE ( 'NONE', #3679, #3132 ) ;
#1004 = CIRCLE ( 'NONE', #4233, 0.1121194534934686200 ) ;
#1005 = EDGE_CURVE ( 'NONE', #3852, #293, #2748, .T. ) ;
#1006 = ORIENTED_EDGE ( 'NONE', *, *, #2972, .T. ) ;
#1007 = AXIS2_PLACEMENT_3D ( 'NONE', #994, #3638, #934 ) ;
#1008 = DIRECTION ( 'NONE',  ( -1.000000000000000000, 0.0000000000000000000, 0.0000000000000000000 ) ) ;
#1009 = DIRECTION ( 'NONE',  ( 0.05233595624293666000, -0.9986295347545742800, 0.0000000000000000000 ) ) ;
#1010 = ORIENTED_EDGE ( 'NONE', *, *, #961, .F. ) ;
#1011 = LINE ( 'NONE', #315, #1126 ) ;
#1012 = LINE ( 'NONE', #1873, #1294 ) ;
#1013 = VERTEX_POINT ( 'NONE', #2744 ) ;
#1014 = CARTESIAN_POINT ( 'NONE',  ( 2.207681502606056800, 0.3047260107602004500, -0.8899999999999995700 ) ) ;
#1015 = ADVANCED_FACE ( 'NONE', ( #2631 ), #1924, .T. ) ;
#1016 = AXIS2_PLACEMENT_3D ( 'NONE', #4544, #3761, #1147 ) ;
#1017 = CARTESIAN_POINT ( 'NONE',  ( -1.776161133969903900, 0.4240805465065317600, -0.3899999999999995100 ) ) ;
#1018 = PLANE ( 'NONE',  #1307 ) ;
#1019 = FACE_OUTER_BOUND ( 'NONE', #133, .T. ) ;
#1020 = CARTESIAN_POINT ( 'NONE',  ( 1.500000000000000700, 0.5362000000000004500, -0.3899999999999995100 ) ) ;
#1021 = ORIENTED_EDGE ( 'NONE', *, *, #4149, .F. ) ;
#1022 = LINE ( 'NONE', #571, #61 ) ;
#1023 = DIRECTION ( 'NONE',  ( 1.000000000000000000, 0.0000000000000000000, -1.445602896647339200E-016 ) ) ;
#1024 = ORIENTED_EDGE ( 'NONE', *, *, #4668, .F. ) ;
#1025 = DIRECTION ( 'NONE',  ( -1.000000000000000000, 0.0000000000000000000, 0.0000000000000000000 ) ) ;
#1026 = ORIENTED_EDGE ( 'NONE', *, *, #74, .T. ) ;
#1027 = LINE ( 'NONE', #789, #2986 ) ;
#1028 = CARTESIAN_POINT ( 'NONE',  ( -2.450000000000000200, 0.1797533162558227800, 0.8900000000000004600 ) ) ;
#1029 = CARTESIAN_POINT ( 'NONE',  ( -1.776161133969903700, 0.4240805465065317600, 0.6100000000000005400 ) ) ;
#1030 = DIRECTION ( 'NONE',  ( 0.0000000000000000000, 0.0000000000000000000, 1.000000000000000000 ) ) ;
#1031 = EDGE_CURVE ( 'NONE', #4877, #1329, #3400, .T. ) ;
#1032 = DIRECTION ( 'NONE',  ( 0.05233595624293722200, 0.9986295347545742800, -0.0000000000000000000 ) ) ;
#1033 = DIRECTION ( 'NONE',  ( 0.9986295347545742800, 0.05233595624293722200, -0.0000000000000000000 ) ) ;
#1034 = EDGE_CURVE ( 'NONE', #958, #913, #4374, .T. ) ;
#1035 = EDGE_CURVE ( 'NONE', #481, #2673, #499, .T. ) ;
#1036 = ORIENTED_EDGE ( 'NONE', *, *, #2643, .F. ) ;
#1037 = CIRCLE ( 'NONE', #759, 0.2921194534934678000 ) ;
#1038 = ADVANCED_FACE ( 'NONE', ( #2222 ), #3463, .T. ) ;
#1039 = EDGE_LOOP ( 'NONE', ( #720, #4229, #3170, #2352 ) ) ;
#1040 = ORIENTED_EDGE ( 'NONE', *, *, #2599, .T. ) ;
#1041 = CARTESIAN_POINT ( 'NONE',  ( 2.063842636575960600, 0.4748065572667323800, -0.3899999999999995100 ) ) ;
#1042 = ORIENTED_EDGE ( 'NONE', *, *, #4898, .T. ) ;
#1043 = CARTESIAN_POINT ( 'NONE',  ( 1.776161133969903700, 0.4240805465065317600, 0.1100000000000005000 ) ) ;
#1044 = AXIS2_PLACEMENT_3D ( 'NONE', #3336, #2912, #2184 ) ;
#1045 = EDGE_LOOP ( 'NONE', ( #1522, #2136, #2082, #87 ) ) ;
#1046 = ORIENTED_EDGE ( 'NONE', *, *, #3152, .F. ) ;
#1047 = CARTESIAN_POINT ( 'NONE',  ( -2.440579527876271600, -6.776263578034402700E-018, -0.1099999999999995300 ) ) ;
#1048 = ORIENTED_EDGE ( 'NONE', *, *, #3926, .F. ) ;
#1049 = CARTESIAN_POINT ( 'NONE',  ( 2.192393151670311500, 0.01300689682525813000, -0.1099999999999995300 ) ) ;
#1050 = EDGE_LOOP ( 'NONE', ( #3102, #50, #4694, #570 ) ) ;
#1051 = LINE ( 'NONE', #2542, #4324 ) ;
#1052 = ORIENTED_EDGE ( 'NONE', *, *, #1466, .F. ) ;
#1053 = CARTESIAN_POINT ( 'NONE',  ( 1.776161133969903500, 0.4240805465065317600, -1.109999999999999400 ) ) ;
#1054 = LINE ( 'NONE', #2669, #3068 ) ;
#1055 = CARTESIAN_POINT ( 'NONE',  ( 2.063842636575960100, 0.4748065572667323800, -0.3899999999999995100 ) ) ;
#1056 = DIRECTION ( 'NONE',  ( 0.05233595624293666000, -0.9986295347545742800, 0.0000000000000000000 ) ) ;
#1057 = LINE ( 'NONE', #3416, #2478 ) ;
#1058 = VERTEX_POINT ( 'NONE', #497 ) ;
#1059 = AXIS2_PLACEMENT_3D ( 'NONE', #686, #2223, #280 ) ;
#1060 = VECTOR ( 'NONE', #241, 1000.000000000000000 ) ;
#1061 = VECTOR ( 'NONE', #4007, 1000.000000000000000 ) ;
#1062 = LINE ( 'NONE', #1441, #2658 ) ;
#1063 = DIRECTION ( 'NONE',  ( 7.228014483236697000E-017, 0.0000000000000000000, 1.000000000000000000 ) ) ;
#1064 = ORIENTED_EDGE ( 'NONE', *, *, #518, .F. ) ;
#1065 = ORIENTED_EDGE ( 'NONE', *, *, #3216, .T. ) ;
#1066 = EDGE_CURVE ( 'NONE', #3857, #3706, #800, .T. ) ;
#1067 = VECTOR ( 'NONE', #3354, 1000.000000000000000 ) ;
#1068 = AXIS2_PLACEMENT_3D ( 'NONE', #295, #2955, #2584 ) ;
#1069 = DIRECTION ( 'NONE',  ( -0.05233595624293665300, 0.9986295347545742800, 0.0000000000000000000 ) ) ;
#1070 = EDGE_LOOP ( 'NONE', ( #4914, #1217, #1036, #4311 ) ) ;
#1071 = DIRECTION ( 'NONE',  ( -0.0000000000000000000, -0.0000000000000000000, -1.000000000000000000 ) ) ;
#1072 = LINE ( 'NONE', #4774, #1193 ) ;
#1073 = CARTESIAN_POINT ( 'NONE',  ( -2.201813623794040400, 0.1927602130810807700, -0.8899999999999995700 ) ) ;
#1074 = PLANE ( 'NONE',  #4453 ) ;
#1075 = ORIENTED_EDGE ( 'NONE', *, *, #4079, .T. ) ;
#1076 = STYLED_ITEM ( 'NONE', ( #297 ), #2437 ) ;
#1077 = EDGE_CURVE ( 'NONE', #2967, #847, #4437, .T. ) ;
#1078 = DIRECTION ( 'NONE',  ( -1.000000000000000000, 0.0000000000000000000, 0.0000000000000000000 ) ) ;
#1079 = LINE ( 'NONE', #1683, #4590 ) ;
#1080 = EDGE_LOOP ( 'NONE', ( #2031, #4264, #2779, #864 ) ) ;
#1081 = CARTESIAN_POINT ( 'NONE',  ( -1.886577241033763300, 0.4435498852866847600, 0.8900000000000004600 ) ) ;
#1082 = DIRECTION ( 'NONE',  ( -0.0000000000000000000, -0.0000000000000000000, -1.000000000000000000 ) ) ;
#1083 = LINE ( 'NONE', #3970, #2680 ) ;
#1084 = ORIENTED_EDGE ( 'NONE', *, *, #1283, .F. ) ;
#1085 = DIRECTION ( 'NONE',  ( 0.0000000000000000000, 1.000000000000000000, 0.0000000000000000000 ) ) ;
#1086 = DIRECTION ( 'NONE',  ( -1.000000000000000000, 0.0000000000000000000, 0.0000000000000000000 ) ) ;
#1087 = COLOUR_RGB ( '',0.7921568627450980000, 0.8196078431372548800, 0.9333333333333333500 ) ;
#1088 = CARTESIAN_POINT ( 'NONE',  ( -1.776161133969903700, 0.7161999999999997300, 0.6100000000000005400 ) ) ;
#1089 = VERTEX_POINT ( 'NONE', #2860 ) ;
#1090 = DIRECTION ( 'NONE',  ( -0.1736481776669294200, -0.9848077530122082400, 0.0000000000000000000 ) ) ;
#1091 = CYLINDRICAL_SURFACE ( 'NONE', #4708, 0.1443949717410304700 ) ;
#1092 = CARTESIAN_POINT ( 'NONE',  ( -2.207681502606056800, 0.3047260107602004500, -0.8899999999999995700 ) ) ;
#1093 = EDGE_LOOP ( 'NONE', ( #2626, #785, #4107, #4144 ) ) ;
#1094 = EDGE_CURVE ( 'NONE', #2943, #2742, #3702, .T. ) ;
#1095 = CYLINDRICAL_SURFACE ( 'NONE', #3388, 0.2921194534934680200 ) ;
#1096 = CARTESIAN_POINT ( 'NONE',  ( -2.192393151670311500, 0.01300689682525813000, -0.3899999999999995100 ) ) ;
#1097 = EDGE_CURVE ( 'NONE', #3871, #3397, #1324, .T. ) ;
#1098 = EDGE_CURVE ( 'NONE', #2385, #2278, #79, .T. ) ;
#1099 = ORIENTED_EDGE ( 'NONE', *, *, #1796, .F. ) ;
#1100 = AXIS2_PLACEMENT_3D ( 'NONE', #646, #3621, #4035 ) ;
#1101 = ORIENTED_EDGE ( 'NONE', *, *, #1125, .F. ) ;
#1102 = ORIENTED_EDGE ( 'NONE', *, *, #53, .F. ) ;
#1103 = DIRECTION ( 'NONE',  ( -0.0000000000000000000, -0.0000000000000000000, -1.000000000000000000 ) ) ;
#1104 =( NAMED_UNIT ( * ) SI_UNIT ( $, .STERADIAN. ) SOLID_ANGLE_UNIT ( ) );
#1105 = ORIENTED_EDGE ( 'NONE', *, *, #3824, .T. ) ;
#1106 = ORIENTED_EDGE ( 'NONE', *, *, #4267, .F. ) ;
#1107 = CARTESIAN_POINT ( 'NONE',  ( -1.776161133969903700, 0.4240805465065317600, 0.6100000000000005400 ) ) ;
#1108 = VERTEX_POINT ( 'NONE', #2507 ) ;
#1109 = AXIS2_PLACEMENT_3D ( 'NONE', #3547, #156, #3941 ) ;
#1110 = EDGE_CURVE ( 'NONE', #4104, #4195, #3946, .T. ) ;
#1111 = CARTESIAN_POINT ( 'NONE',  ( 2.201813623794040400, 0.1927602130810809300, 0.8900000000000004600 ) ) ;
#1112 = ORIENTED_EDGE ( 'NONE', *, *, #2445, .F. ) ;
#1113 = ADVANCED_FACE ( 'NONE', ( #4731 ), #2058, .F. ) ;
#1114 = CARTESIAN_POINT ( 'NONE',  ( 1.500000000000000700, 0.5362000000000004500, -0.8899999999999995700 ) ) ;
#1115 = VECTOR ( 'NONE', #776, 1000.000000000000000 ) ;
#1116 = DIRECTION ( 'NONE',  ( -0.0000000000000000000, -0.0000000000000000000, -1.000000000000000000 ) ) ;
#1117 = VECTOR ( 'NONE', #726, 1000.000000000000000 ) ;
#1118 = DIRECTION ( 'NONE',  ( -0.1736481776669294200, 0.9848077530122082400, 0.0000000000000000000 ) ) ;
#1119 = VECTOR ( 'NONE', #643, 1000.000000000000000 ) ;
#1120 = COLOUR_RGB ( '',0.7921568627450980000, 0.8196078431372548800, 0.9333333333333333500 ) ;
#1121 = PRESENTATION_STYLE_ASSIGNMENT (( #1935 ) ) ;
#1122 = ORIENTED_EDGE ( 'NONE', *, *, #1339, .T. ) ;
#1123 = DIRECTION ( 'NONE',  ( -0.0000000000000000000, 1.000000000000000000, -0.0000000000000000000 ) ) ;
#1124 = ORIENTED_EDGE ( 'NONE', *, *, #4129, .T. ) ;
#1125 = EDGE_CURVE ( 'NONE', #1329, #910, #4136, .T. ) ;
#1126 = VECTOR ( 'NONE', #739, 1000.000000000000000 ) ;
#1127 = DIRECTION ( 'NONE',  ( 1.423640940395205400E-016, -0.1736481776669307200, 0.9848077530122080200 ) ) ;
#1128 = AXIS2_PLACEMENT_3D ( 'NONE', #3669, #4070, #1008 ) ;
#1129 = DIRECTION ( 'NONE',  ( -0.1736481776669294200, -0.9848077530122082400, 0.0000000000000000000 ) ) ;
#1130 = DIRECTION ( 'NONE',  ( -0.0000000000000000000, -0.0000000000000000000, -1.000000000000000000 ) ) ;
#1131 = LINE ( 'NONE', #4021, #2017 ) ;
#1132 = ADVANCED_FACE ( 'NONE', ( #2458 ), #1722, .F. ) ;
#1133 = AXIS2_PLACEMENT_3D ( 'NONE', #4445, #2139, #4831 ) ;
#1134 = LINE ( 'NONE', #797, #1488 ) ;
#1135 = DIRECTION ( 'NONE',  ( 2.355586009297741800E-015, -1.000000000000000000, 0.0000000000000000000 ) ) ;
#1136 = CARTESIAN_POINT ( 'NONE',  ( 1.500000000000000900, 0.7162000000000003900, 1.499999999999998700 ) ) ;
#1137 = ORIENTED_EDGE ( 'NONE', *, *, #780, .T. ) ;
#1138 = VECTOR ( 'NONE', #1346, 1000.000000000000000 ) ;
#1139 = CARTESIAN_POINT ( 'NONE',  ( 1.500000000000000700, 0.5362000000000004500, -0.8899999999999995700 ) ) ;
#1140 = ORIENTED_EDGE ( 'NONE', *, *, #823, .T. ) ;
#1141 = EDGE_CURVE ( 'NONE', #4503, #803, #2163, .T. ) ;
#1142 = CARTESIAN_POINT ( 'NONE',  ( -1.500000000000000900, 0.5362000000000004500, 1.110000000000000500 ) ) ;
#1143 = FACE_OUTER_BOUND ( 'NONE', #4074, .T. ) ;
#1144 = CARTESIAN_POINT ( 'NONE',  ( -2.440579527876271600, -6.776263578034402700E-018, 0.6100000000000005400 ) ) ;
#1145 = DIRECTION ( 'NONE',  ( -1.000000000000000000, 0.0000000000000000000, 0.0000000000000000000 ) ) ;
#1146 = DIRECTION ( 'NONE',  ( 0.0000000000000000000, 0.0000000000000000000, 1.000000000000000000 ) ) ;
#1147 = DIRECTION ( 'NONE',  ( 1.000000000000000000, 0.0000000000000000000, 0.0000000000000000000 ) ) ;
#1148 = ORIENTED_EDGE ( 'NONE', *, *, #1599, .F. ) ;
#1149 = FACE_OUTER_BOUND ( 'NONE', #4743, .T. ) ;
#1150 = DIRECTION ( 'NONE',  ( 0.1736481776669293900, -0.9848077530122082400, 0.0000000000000000000 ) ) ;
#1151 = DIRECTION ( 'NONE',  ( 0.05233595624293675700, 0.9986295347545742800, -0.0000000000000000000 ) ) ;
#1152 = EDGE_LOOP ( 'NONE', ( #4539, #1750, #3936, #4115 ) ) ;
#1153 = ORIENTED_EDGE ( 'NONE', *, *, #3922, .F. ) ;
#1154 = SURFACE_SIDE_STYLE ('',( #2743 ) ) ;
#1155 = VERTEX_POINT ( 'NONE', #2071 ) ;
#1156 = ADVANCED_FACE ( 'NONE', ( #1684 ), #3191, .F. ) ;
#1157 = CLOSED_SHELL ( 'NONE', ( #2844, #3240, #3924, #1680, #1878, #3092, #2180, #2766, #80, #4332, #1015, #2697, #1952, #3810 ) ) ;
#1158 = EDGE_CURVE ( 'NONE', #3471, #4730, #3580, .T. ) ;
#1159 = ORIENTED_EDGE ( 'NONE', *, *, #3660, .T. ) ;
#1160 = ORIENTED_EDGE ( 'NONE', *, *, #3724, .F. ) ;
#1161 = CARTESIAN_POINT ( 'NONE',  ( 2.201813623794040400, 0.1927602130810809300, -0.8899999999999995700 ) ) ;
#1162 = EDGE_CURVE ( 'NONE', #2438, #299, #3103, .T. ) ;
#1163 = ORIENTED_EDGE ( 'NONE', *, *, #2745, .T. ) ;
#1164 = CARTESIAN_POINT ( 'NONE',  ( 1.776161133969903700, 0.7161999999999997300, -0.1099999999999995300 ) ) ;
#1165 = VECTOR ( 'NONE', #4836, 1000.000000000000000 ) ;
#1166 = ORIENTED_EDGE ( 'NONE', *, *, #389, .T. ) ;
#1167 = CARTESIAN_POINT ( 'NONE',  ( -1.500000000000000900, 0.5362000000000004500, 0.3900000000000004600 ) ) ;
#1168 = AXIS2_PLACEMENT_3D ( 'NONE', #1749, #2575, #1086 ) ;
#1169 = EDGE_CURVE ( 'NONE', #2882, #4201, #2338, .T. ) ;
#1170 = CARTESIAN_POINT ( 'NONE',  ( 2.192393151670311500, 0.01300689682525813000, 1.110000000000000500 ) ) ;
#1171 = VECTOR ( 'NONE', #2867, 1000.000000000000000 ) ;
#1172 = CARTESIAN_POINT ( 'NONE',  ( 1.500000000000000700, 0.7162000000000003900, -1.109999999999999400 ) ) ;
#1173 = SURFACE_SIDE_STYLE ('',( #3666 ) ) ;
#1174 = LINE ( 'NONE', #4500, #1467 ) ;
#1175 = DIRECTION ( 'NONE',  ( -0.0000000000000000000, -0.0000000000000000000, -1.000000000000000000 ) ) ;
#1176 = DIRECTION ( 'NONE',  ( 0.0000000000000000000, 0.0000000000000000000, 1.000000000000000000 ) ) ;
#1177 = ORIENTED_EDGE ( 'NONE', *, *, #4533, .F. ) ;
#1178 = PRESENTATION_STYLE_ASSIGNMENT (( #147 ) ) ;
#1179 = FACE_OUTER_BOUND ( 'NONE', #1992, .T. ) ;
#1180 = LINE ( 'NONE', #2157, #2429 ) ;
#1181 = ADVANCED_FACE ( 'NONE', ( #17 ), #4022, .T. ) ;
#1182 = DIRECTION ( 'NONE',  ( 0.0000000000000000000, 1.000000000000000000, 0.0000000000000000000 ) ) ;
#1183 = DIRECTION ( 'NONE',  ( -1.445602896647339400E-016, 0.0000000000000000000, -1.000000000000000000 ) ) ;
#1184 = ORIENTED_EDGE ( 'NONE', *, *, #4700, .F. ) ;
#1185 = EDGE_LOOP ( 'NONE', ( #2203, #2753 ) ) ;
#1186 = FACE_OUTER_BOUND ( 'NONE', #3886, .T. ) ;
#1187 = UNCERTAINTY_MEASURE_WITH_UNIT (LENGTH_MEASURE( 1.000000000000000100E-005 ), #1204, 'distance_accuracy_value', 'NONE');
#1188 = ORIENTED_EDGE ( 'NONE', *, *, #2188, .T. ) ;
#1189 = EDGE_CURVE ( 'NONE', #410, #4301, #1977, .T. ) ;
#1190 = CARTESIAN_POINT ( 'NONE',  ( -1.072574600253919600, 1.099999999999999400, -1.159618693102123300 ) ) ;
#1191 = DIRECTION ( 'NONE',  ( 0.0000000000000000000, 0.0000000000000000000, 1.000000000000000000 ) ) ;
#1192 = EDGE_CURVE ( 'NONE', #2574, #1991, #2864, .T. ) ;
#1193 = VECTOR ( 'NONE', #4742, 1000.000000000000000 ) ;
#1194 = EDGE_CURVE ( 'NONE', #2083, #62, #3342, .T. ) ;
#1195 = CLOSED_SHELL ( 'NONE', ( #1401, #2553, #3900, #2107, #1703, #259, #2059, #2509, #1925, #428, #4783, #2531, #3265, #3146, #3393, #2004, #2818 ) ) ;
#1196 = CARTESIAN_POINT ( 'NONE',  ( -1.500000000000000900, 0.7162000000000003900, 0.6100000000000005400 ) ) ;
#1197 = LINE ( 'NONE', #4271, #119 ) ;
#1198 = EDGE_LOOP ( 'NONE', ( #3961, #683, #2227, #1278 ) ) ;
#1199 = MECHANICAL_DESIGN_GEOMETRIC_PRESENTATION_REPRESENTATION (  '', ( #3483 ), #1705 ) ;
#1200 = CARTESIAN_POINT ( 'NONE',  ( -2.207681502606056800, 0.3047260107602004500, 0.3900000000000004600 ) ) ;
#1201 = LINE ( 'NONE', #4063, #1471 ) ;
#1202 = ORIENTED_EDGE ( 'NONE', *, *, #522, .F. ) ;
#1203 = DIRECTION ( 'NONE',  ( 1.000000000000000000, 0.0000000000000000000, -1.445602896647339700E-016 ) ) ;
#1204 =( LENGTH_UNIT ( ) NAMED_UNIT ( * ) SI_UNIT ( .MILLI., .METRE. ) );
#1205 = CIRCLE ( 'NONE', #334, 0.2921194534934680200 ) ;
#1206 = ADVANCED_FACE ( 'NONE', ( #2273 ), #4725, .F. ) ;
#1207 = CARTESIAN_POINT ( 'NONE',  ( 2.097265395542197400, 0.2852566719800475000, -1.109999999999999400 ) ) ;
#1208 = EDGE_LOOP ( 'NONE', ( #2147, #2982, #3553, #1716 ) ) ;
#1209 = FACE_OUTER_BOUND ( 'NONE', #4250, .T. ) ;
#1210 = CARTESIAN_POINT ( 'NONE',  ( -2.063842636575960100, 0.4748065572667322100, 0.6100000000000005400 ) ) ;
#1211 = DIRECTION ( 'NONE',  ( -0.0000000000000000000, -0.0000000000000000000, -1.000000000000000000 ) ) ;
#1212 = VERTEX_POINT ( 'NONE', #4076 ) ;
#1213 = CYLINDRICAL_SURFACE ( 'NONE', #2840, 0.2921194534934680200 ) ;
#1214 = PLANE ( 'NONE',  #4028 ) ;
#1215 = ORIENTED_EDGE ( 'NONE', *, *, #3445, .F. ) ;
#1216 = DIRECTION ( 'NONE',  ( -0.0000000000000000000, -0.0000000000000000000, -1.000000000000000000 ) ) ;
#1217 = ORIENTED_EDGE ( 'NONE', *, *, #268, .F. ) ;
#1218 = EDGE_CURVE ( 'NONE', #3149, #4375, #314, .T. ) ;
#1219 = ORIENTED_EDGE ( 'NONE', *, *, #3378, .T. ) ;
#1220 = ORIENTED_EDGE ( 'NONE', *, *, #4765, .F. ) ;
#1221 = DIRECTION ( 'NONE',  ( -2.355586009297741800E-015, -1.000000000000000000, 0.0000000000000000000 ) ) ;
#1222 = ORIENTED_EDGE ( 'NONE', *, *, #1763, .T. ) ;
#1223 = CARTESIAN_POINT ( 'NONE',  ( -1.500000000000000900, 0.7162000000000003900, 0.6100000000000005400 ) ) ;
#1224 = ORIENTED_EDGE ( 'NONE', *, *, #3663, .T. ) ;
#1225 = EDGE_CURVE ( 'NONE', #2131, #2938, #433, .T. ) ;
#1226 = AXIS2_PLACEMENT_3D ( 'NONE', #2348, #881, #2394 ) ;
#1227 = AXIS2_PLACEMENT_3D ( 'NONE', #4757, #4791, #2884 ) ;
#1228 = LINE ( 'NONE', #3433, #250 ) ;
#1229 = DIRECTION ( 'NONE',  ( -0.0000000000000000000, -0.0000000000000000000, -1.000000000000000000 ) ) ;
#1230 = DIRECTION ( 'NONE',  ( 0.9986295347545742800, -0.05233595624293722200, 0.0000000000000000000 ) ) ;
#1231 = CARTESIAN_POINT ( 'NONE',  ( -2.192393151670311500, 0.01300689682525813000, 1.110000000000000500 ) ) ;
#1232 = FACE_OUTER_BOUND ( 'NONE', #4087, .T. ) ;
#1233 = PRESENTATION_LAYER_ASSIGNMENT (  '', '', ( #1076 ) ) ;
#1234 = EDGE_CURVE ( 'NONE', #4730, #795, #130, .T. ) ;
#1235 = LINE ( 'NONE', #450, #3012 ) ;
#1236 = VECTOR ( 'NONE', #2027, 1000.000000000000100 ) ;
#1237 = PLANE ( 'NONE',  #815 ) ;
#1238 = VECTOR ( 'NONE', #3093, 1000.000000000000000 ) ;
#1239 = ORIENTED_EDGE ( 'NONE', *, *, #931, .F. ) ;
#1240 = ORIENTED_EDGE ( 'NONE', *, *, #3476, .T. ) ;
#1241 =( NAMED_UNIT ( * ) PLANE_ANGLE_UNIT ( ) SI_UNIT ( $, .RADIAN. ) );
#1242 = VECTOR ( 'NONE', #2228, 1000.000000000000000 ) ;
#1243 = CARTESIAN_POINT ( 'NONE',  ( -2.207681502606056800, 0.3047260107602004500, -0.8899999999999995700 ) ) ;
#1244 = VECTOR ( 'NONE', #1056, 1000.000000000000000 ) ;
#1245 = DIRECTION ( 'NONE',  ( -1.000000000000000000, 0.0000000000000000000, 1.445602896647339400E-016 ) ) ;
#1246 = CARTESIAN_POINT ( 'NONE',  ( 2.201813623794040400, 0.1927602130810809300, -0.3899999999999995100 ) ) ;
#1247 = ORIENTED_EDGE ( 'NONE', *, *, #2974, .T. ) ;
#1248 = CYLINDRICAL_SURFACE ( 'NONE', #4359, 0.1121194534934684100 ) ;
#1249 = EDGE_CURVE ( 'NONE', #2468, #3226, #368, .T. ) ;
#1250 = CARTESIAN_POINT ( 'NONE',  ( -1.500000000000001100, 0.7162000000000003900, -0.3899999999999995100 ) ) ;
#1251 = EDGE_LOOP ( 'NONE', ( #2233, #3827, #4474, #4663 ) ) ;
#1252 = VERTEX_POINT ( 'NONE', #1400 ) ;
#1253 = EDGE_CURVE ( 'NONE', #490, #622, #2933, .T. ) ;
#1254 = AXIS2_PLACEMENT_3D ( 'NONE', #552, #3620, #1732 ) ;
#1255 =( GEOMETRIC_REPRESENTATION_CONTEXT ( 3 ) GLOBAL_UNCERTAINTY_ASSIGNED_CONTEXT ( ( #2160 ) ) GLOBAL_UNIT_ASSIGNED_CONTEXT ( ( #4473, #1856, #2985 ) ) REPRESENTATION_CONTEXT ( 'NONE', 'WORKASPACE' ) );
#1256 = LINE ( 'NONE', #1717, #2922 ) ;
#1257 = VERTEX_POINT ( 'NONE', #4041 ) ;
#1258 = CARTESIAN_POINT ( 'NONE',  ( -2.450000000000000200, 0.1797533162558227800, -0.3899999999999995100 ) ) ;
#1259 = ORIENTED_EDGE ( 'NONE', *, *, #1002, .F. ) ;
#1260 = ADVANCED_FACE ( 'NONE', ( #1149 ), #664, .F. ) ;
#1261 = VECTOR ( 'NONE', #3834, 1000.000000000000000 ) ;
#1262 = DIRECTION ( 'NONE',  ( -1.000000000000000000, 3.925976682162903200E-016, 0.0000000000000000000 ) ) ;
#1263 = CARTESIAN_POINT ( 'NONE',  ( 1.776161133969903700, 0.4240805465065317600, 0.8900000000000004600 ) ) ;
#1264 = EDGE_CURVE ( 'NONE', #4440, #2879, #4006, .T. ) ;
#1265 = EDGE_LOOP ( 'NONE', ( #1814, #1875, #3284, #43 ) ) ;
#1266 = CARTESIAN_POINT ( 'NONE',  ( 2.063842636575960600, 0.4748065572667323800, 0.8900000000000004600 ) ) ;
#1267 = ORIENTED_EDGE ( 'NONE', *, *, #2502, .F. ) ;
#1268 = VECTOR ( 'NONE', #321, 1000.000000000000000 ) ;
#1269 = DIRECTION ( 'NONE',  ( 0.0000000000000000000, 0.0000000000000000000, -1.000000000000000000 ) ) ;
#1270 = EDGE_LOOP ( 'NONE', ( #2637, #3454, #1042, #3748, #2446, #1377, #3739, #2346, #3678, #202, #1985, #3841 ) ) ;
#1271 = FILL_AREA_STYLE ('',( #134 ) ) ;
#1272 = ORIENTED_EDGE ( 'NONE', *, *, #3696, .T. ) ;
#1273 = ORIENTED_EDGE ( 'NONE', *, *, #4869, .F. ) ;
#1274 = DIRECTION ( 'NONE',  ( -1.000000000000000000, 0.0000000000000000000, 0.0000000000000000000 ) ) ;
#1275 = CARTESIAN_POINT ( 'NONE',  ( 1.500000000000000200, 0.5362000000000004500, -1.500000000000000900 ) ) ;
#1276 = ORIENTED_EDGE ( 'NONE', *, *, #2561, .F. ) ;
#1277 = VERTEX_POINT ( 'NONE', #4456 ) ;
#1278 = ORIENTED_EDGE ( 'NONE', *, *, #3389, .T. ) ;
#1279 = ORIENTED_EDGE ( 'NONE', *, *, #4565, .T. ) ;
#1280 = CARTESIAN_POINT ( 'NONE',  ( -2.201813623794040400, 0.1927602130810808800, 0.6100000000000005400 ) ) ;
#1281 = EDGE_CURVE ( 'NONE', #4571, #966, #2689, .T. ) ;
#1282 = ADVANCED_FACE ( 'NONE', ( #3049 ), #292, .T. ) ;
#1283 = EDGE_CURVE ( 'NONE', #109, #144, #258, .T. ) ;
#1284 = VERTEX_POINT ( 'NONE', #648 ) ;
#1285 = CARTESIAN_POINT ( 'NONE',  ( -1.499999999999999100, 0.7162000000000003900, 1.499999999999999100 ) ) ;
#1286 = DIRECTION ( 'NONE',  ( 1.000000000000000000, 0.0000000000000000000, 0.0000000000000000000 ) ) ;
#1287 = LINE ( 'NONE', #1358, #279 ) ;
#1288 = DIRECTION ( 'NONE',  ( 1.000000000000000000, 0.0000000000000000000, 0.0000000000000000000 ) ) ;
#1289 = CARTESIAN_POINT ( 'NONE',  ( -2.192393151670311500, 0.01300689682525813000, -0.8899999999999995700 ) ) ;
#1290 = LINE ( 'NONE', #3058, #3907 ) ;
#1291 = EDGE_LOOP ( 'NONE', ( #307, #564, #78, #4291 ) ) ;
#1292 = DIRECTION ( 'NONE',  ( -0.1736481776669305500, -0.9848077530122080200, 0.0000000000000000000 ) ) ;
#1293 = VECTOR ( 'NONE', #2422, 1000.000000000000000 ) ;
#1294 = VECTOR ( 'NONE', #2659, 1000.000000000000000 ) ;
#1295 = ORIENTED_EDGE ( 'NONE', *, *, #586, .F. ) ;
#1296 = DIRECTION ( 'NONE',  ( -0.0000000000000000000, -0.0000000000000000000, -1.000000000000000000 ) ) ;
#1297 = DIRECTION ( 'NONE',  ( -0.0000000000000000000, -0.0000000000000000000, -1.000000000000000000 ) ) ;
#1298 = DIRECTION ( 'NONE',  ( -1.000000000000000000, 0.0000000000000000000, 0.0000000000000000000 ) ) ;
#1299 = VECTOR ( 'NONE', #4892, 1000.000000000000100 ) ;
#1300 = VERTEX_POINT ( 'NONE', #632 ) ;
#1301 = CARTESIAN_POINT ( 'NONE',  ( 1.776161133969903700, 0.4240805465065317600, 0.8900000000000004600 ) ) ;
#1302 = ADVANCED_FACE ( 'NONE', ( #4196 ), #1757, .F. ) ;
#1303 = CIRCLE ( 'NONE', #1997, 0.1121194534934684100 ) ;
#1304 = ORIENTED_EDGE ( 'NONE', *, *, #4840, .T. ) ;
#1305 = DIRECTION ( 'NONE',  ( 1.000000000000000000, 3.925976682162903200E-016, -0.0000000000000000000 ) ) ;
#1306 = LINE ( 'NONE', #2066, #2030 ) ;
#1307 = AXIS2_PLACEMENT_3D ( 'NONE', #2924, #3277, #3348 ) ;
#1308 = ORIENTED_EDGE ( 'NONE', *, *, #4003, .F. ) ;
#1309 = LINE ( 'NONE', #2126, #1557 ) ;
#1310 = PLANE ( 'NONE',  #3507 ) ;
#1311 = CARTESIAN_POINT ( 'NONE',  ( -2.063842636575960100, 0.4748065572667322100, 1.110000000000000500 ) ) ;
#1312 = CARTESIAN_POINT ( 'NONE',  ( 2.207681502606056800, 0.3047260107602004500, 0.6100000000000005400 ) ) ;
#1313 = EDGE_CURVE ( 'NONE', #84, #2586, #2100, .T. ) ;
#1314 = AXIS2_PLACEMENT_3D ( 'NONE', #1020, #3664, #4818 ) ;
#1315 = CIRCLE ( 'NONE', #787, 0.2921194534934680200 ) ;
#1316 = DIRECTION ( 'NONE',  ( 0.0000000000000000000, 0.0000000000000000000, 1.000000000000000000 ) ) ;
#1317 = DIRECTION ( 'NONE',  ( -1.000000000000000000, 0.0000000000000000000, 0.0000000000000000000 ) ) ;
#1318 = ORIENTED_EDGE ( 'NONE', *, *, #4329, .F. ) ;
#1319 = CYLINDRICAL_SURFACE ( 'NONE', #2503, 0.1121194534934686200 ) ;
#1320 = SURFACE_STYLE_USAGE ( .BOTH. , #2847 ) ;
#1321 = EDGE_CURVE ( 'NONE', #3579, #2470, #969, .T. ) ;
#1322 = DIRECTION ( 'NONE',  ( -0.0000000000000000000, -0.0000000000000000000, -1.000000000000000000 ) ) ;
#1323 = VERTEX_POINT ( 'NONE', #1770 ) ;
#1324 = LINE ( 'NONE', #3607, #4256 ) ;
#1325 = ADVANCED_FACE ( 'NONE', ( #796 ), #4427, .F. ) ;
#1326 = ORIENTED_EDGE ( 'NONE', *, *, #4048, .T. ) ;
#1327 =( NAMED_UNIT ( * ) PLANE_ANGLE_UNIT ( ) SI_UNIT ( $, .RADIAN. ) );
#1328 = DIRECTION ( 'NONE',  ( 0.0000000000000000000, -1.000000000000000000, 0.0000000000000000000 ) ) ;
#1329 = VERTEX_POINT ( 'NONE', #997 ) ;
#1330 = VERTEX_POINT ( 'NONE', #4128 ) ;
#1331 = CARTESIAN_POINT ( 'NONE',  ( 1.500000000000000900, 0.7162000000000003900, 0.6100000000000005400 ) ) ;
#1332 = ORIENTED_EDGE ( 'NONE', *, *, #3992, .T. ) ;
#1333 = DIRECTION ( 'NONE',  ( -1.000000000000000000, 0.0000000000000000000, 0.0000000000000000000 ) ) ;
#1334 = DIRECTION ( 'NONE',  ( 0.9986295347545742800, -0.05233595624293722200, 0.0000000000000000000 ) ) ;
#1335 = DIRECTION ( 'NONE',  ( 0.05233595624293722200, 0.9986295347545742800, -0.0000000000000000000 ) ) ;
#1336 = VERTEX_POINT ( 'NONE', #3705 ) ;
#1337 = CARTESIAN_POINT ( 'NONE',  ( -1.072574600253919600, 0.9999999999999993300, -1.015223721361092800 ) ) ;
#1338 = CARTESIAN_POINT ( 'NONE',  ( -2.192393151670311500, 0.01300689682525813000, -0.1099999999999995300 ) ) ;
#1339 = EDGE_CURVE ( 'NONE', #3194, #1829, #2219, .T. ) ;
#1340 = FACE_OUTER_BOUND ( 'NONE', #2630, .T. ) ;
#1341 = CARTESIAN_POINT ( 'NONE',  ( 2.440579527876271600, -6.776263578034402700E-018, 0.8900000000000004600 ) ) ;
#1342 = EDGE_CURVE ( 'NONE', #1089, #442, #4488, .T. ) ;
#1343 = EDGE_CURVE ( 'NONE', #3317, #2515, #3880, .T. ) ;
#1344 = AXIS2_PLACEMENT_3D ( 'NONE', #2566, #273, #3640 ) ;
#1345 = CARTESIAN_POINT ( 'NONE',  ( 1.886577241033763300, 0.4435498852866847600, 0.3900000000000004600 ) ) ;
#1346 = DIRECTION ( 'NONE',  ( -0.0000000000000000000, -0.0000000000000000000, -1.000000000000000000 ) ) ;
#1347 = LINE ( 'NONE', #1136, #1884 ) ;
#1348 = CARTESIAN_POINT ( 'NONE',  ( 1.432325704804091400, 0.1524000000000005600, -1.432325704804092000 ) ) ;
#1349 = FACE_OUTER_BOUND ( 'NONE', #3872, .T. ) ;
#1350 = CARTESIAN_POINT ( 'NONE',  ( 2.450000000000000200, 0.1797533162558224400, 1.110000000000000500 ) ) ;
#1351 = VECTOR ( 'NONE', #900, 1000.000000000000100 ) ;
#1352 = ADVANCED_FACE ( 'NONE', ( #1209 ), #1319, .F. ) ;
#1353 = ORIENTED_EDGE ( 'NONE', *, *, #300, .F. ) ;
#1354 = DIRECTION ( 'NONE',  ( -0.0000000000000000000, -0.0000000000000000000, -1.000000000000000000 ) ) ;
#1355 = VERTEX_POINT ( 'NONE', #2234 ) ;
#1356 = CARTESIAN_POINT ( 'NONE',  ( 1.776161133969903700, 0.4240805465065317600, 1.110000000000000500 ) ) ;
#1357 = FACE_OUTER_BOUND ( 'NONE', #2784, .T. ) ;
#1358 = CARTESIAN_POINT ( 'NONE',  ( -2.450000000000000200, 0.1797533162558227800, -0.8899999999999995700 ) ) ;
#1359 = CARTESIAN_POINT ( 'NONE',  ( -1.920000000000000400, 0.2540000000000001100, 0.6100000000000005400 ) ) ;
#1360 = FACE_OUTER_BOUND ( 'NONE', #2529, .T. ) ;
#1361 = CARTESIAN_POINT ( 'NONE',  ( -1.499999999999999300, 0.5362000000000004500, -1.500000000000000400 ) ) ;
#1362 = DIRECTION ( 'NONE',  ( -0.0000000000000000000, -0.0000000000000000000, -1.000000000000000000 ) ) ;
#1363 = ORIENTED_EDGE ( 'NONE', *, *, #1575, .T. ) ;
#1364 = PLANE ( 'NONE',  #1100 ) ;
#1365 = VECTOR ( 'NONE', #1063, 1000.000000000000000 ) ;
#1366 = PLANE ( 'NONE',  #3105 ) ;
#1367 = DIRECTION ( 'NONE',  ( 1.000000000000000000, 0.0000000000000000000, 0.0000000000000000000 ) ) ;
#1368 = ORIENTED_EDGE ( 'NONE', *, *, #3042, .T. ) ;
#1369 = VECTOR ( 'NONE', #2467, 1000.000000000000000 ) ;
#1370 = EDGE_CURVE ( 'NONE', #3057, #2633, #2042, .T. ) ;
#1371 = EDGE_LOOP ( 'NONE', ( #1485, #1106, #4703, #665 ) ) ;
#1372 = CARTESIAN_POINT ( 'NONE',  ( 1.500000000000000700, 0.7162000000000003900, -0.3899999999999995100 ) ) ;
#1373 = PLANE ( 'NONE',  #4678 ) ;
#1374 = AXIS2_PLACEMENT_3D ( 'NONE', #2976, #724, #2255 ) ;
#1375 = CARTESIAN_POINT ( 'NONE',  ( 1.500000000000000900, 0.7162000000000003900, 0.1100000000000005000 ) ) ;
#1376 = ADVANCED_FACE ( 'NONE', ( #1917 ), #1074, .T. ) ;
#1377 = ORIENTED_EDGE ( 'NONE', *, *, #1283, .T. ) ;
#1378 = DIRECTION ( 'NONE',  ( 1.423640940395205400E-016, 0.1736481776669307200, 0.9848077530122080200 ) ) ;
#1379 = CARTESIAN_POINT ( 'NONE',  ( -2.063842636575960100, 0.4748065572667322100, 0.1100000000000005000 ) ) ;
#1380 = CIRCLE ( 'NONE', #3937, 0.1443949717410304700 ) ;
#1381 = DIRECTION ( 'NONE',  ( 1.000000000000000000, 0.0000000000000000000, -0.0000000000000000000 ) ) ;
#1382 = AXIS2_PLACEMENT_3D ( 'NONE', #4674, #2419, #3542 ) ;
#1383 = ORIENTED_EDGE ( 'NONE', *, *, #1189, .F. ) ;
#1384 = DIRECTION ( 'NONE',  ( -1.000000000000000000, 0.0000000000000000000, 2.168404344971009400E-016 ) ) ;
#1385 = CARTESIAN_POINT ( 'NONE',  ( -1.499999999999999100, 0.5362000000000004500, 1.499999999999999100 ) ) ;
#1386 = VECTOR ( 'NONE', #2279, 1000.000000000000000 ) ;
#1387 = EDGE_LOOP ( 'NONE', ( #2287, #4633, #4158, #1594 ) ) ;
#1388 = ORIENTED_EDGE ( 'NONE', *, *, #2970, .T. ) ;
#1389 = ORIENTED_EDGE ( 'NONE', *, *, #1162, .T. ) ;
#1390 = EDGE_CURVE ( 'NONE', #1567, #2167, #3220, .T. ) ;
#1391 = ORIENTED_EDGE ( 'NONE', *, *, #384, .F. ) ;
#1392 = PLANE ( 'NONE',  #658 ) ;
#1393 = EDGE_LOOP ( 'NONE', ( #1432, #495, #4492, #1687 ) ) ;
#1394 = ORIENTED_EDGE ( 'NONE', *, *, #2557, .F. ) ;
#1395 = CARTESIAN_POINT ( 'NONE',  ( -1.500000000000001100, 0.7162000000000003900, -1.109999999999999400 ) ) ;
#1396 = VERTEX_POINT ( 'NONE', #2627 ) ;
#1397 = CARTESIAN_POINT ( 'NONE',  ( -1.072574600253919600, 0.9999999999999993300, -0.8708287496200622900 ) ) ;
#1398 = LINE ( 'NONE', #3177, #4561 ) ;
#1399 = CARTESIAN_POINT ( 'NONE',  ( 1.500000000000000700, 0.7162000000000003900, -1.109999999999999400 ) ) ;
#1400 = CARTESIAN_POINT ( 'NONE',  ( -1.072574600253919600, 1.099999999999999400, -0.8708287496200622900 ) ) ;
#1401 = ADVANCED_FACE ( 'NONE', ( #4251 ), #1091, .F. ) ;
#1402 = CARTESIAN_POINT ( 'NONE',  ( 1.886577241033763100, 0.4435498852866847600, -1.109999999999999400 ) ) ;
#1403 = AXIS2_PLACEMENT_3D ( 'NONE', #4679, #3940, #2749 ) ;
#1404 = CIRCLE ( 'NONE', #902, 0.2921194534934678000 ) ;
#1405 = CARTESIAN_POINT ( 'NONE',  ( 1.500000000000000700, 0.5362000000000004500, -0.6099999999999995400 ) ) ;
#1406 = DIRECTION ( 'NONE',  ( -0.0000000000000000000, -0.0000000000000000000, -1.000000000000000000 ) ) ;
#1407 = DIRECTION ( 'NONE',  ( 0.0000000000000000000, -1.000000000000000000, 0.0000000000000000000 ) ) ;
#1408 = EDGE_CURVE ( 'NONE', #4254, #2508, #4857, .T. ) ;
#1409 = LINE ( 'NONE', #3244, #102 ) ;
#1410 = VECTOR ( 'NONE', #3124, 1000.000000000000100 ) ;
#1411 = EDGE_CURVE ( 'NONE', #3706, #2879, #2805, .T. ) ;
#1412 = ORIENTED_EDGE ( 'NONE', *, *, #1919, .T. ) ;
#1413 = AXIS2_PLACEMENT_3D ( 'NONE', #1966, #4630, #71 ) ;
#1414 = AXIS2_PLACEMENT_3D ( 'NONE', #221, #1754, #3657 ) ;
#1415 = DIRECTION ( 'NONE',  ( 7.228014483236697000E-017, -0.0000000000000000000, 1.000000000000000000 ) ) ;
#1416 = FACE_OUTER_BOUND ( 'NONE', #469, .T. ) ;
#1417 = VECTOR ( 'NONE', #3501, 1000.000000000000000 ) ;
#1418 = CARTESIAN_POINT ( 'NONE',  ( 1.432325704804092000, 1.099999999999999400, 1.432325704804089800 ) ) ;
#1419 = VECTOR ( 'NONE', #2999, 1000.000000000000000 ) ;
#1420 = ORIENTED_EDGE ( 'NONE', *, *, #753, .F. ) ;
#1421 = CARTESIAN_POINT ( 'NONE',  ( -1.776161133969903700, 0.5362000000000003400, 0.8900000000000004600 ) ) ;
#1422 = CARTESIAN_POINT ( 'NONE',  ( 2.201813623794040400, 0.1927602130810809100, 1.110000000000000500 ) ) ;
#1423 = LINE ( 'NONE', #4124, #1299 ) ;
#1424 = EDGE_CURVE ( 'NONE', #3469, #445, #364, .T. ) ;
#1425 = DIRECTION ( 'NONE',  ( -0.0000000000000000000, -0.0000000000000000000, -1.000000000000000000 ) ) ;
#1426 = ORIENTED_EDGE ( 'NONE', *, *, #2616, .F. ) ;
#1427 = DIRECTION ( 'NONE',  ( 0.9986295347545742800, 0.05233595624293722200, -0.0000000000000000000 ) ) ;
#1428 = CARTESIAN_POINT ( 'NONE',  ( -1.776161133969903700, 0.4240805465065317600, 0.8900000000000004600 ) ) ;
#1429 = UNCERTAINTY_MEASURE_WITH_UNIT (LENGTH_MEASURE( 1.000000000000000100E-005 ), #4009, 'distance_accuracy_value', 'NONE');
#1430 = EDGE_LOOP ( 'NONE', ( #568, #417, #2760, #3889 ) ) ;
#1431 = ORIENTED_EDGE ( 'NONE', *, *, #1005, .F. ) ;
#1432 = ORIENTED_EDGE ( 'NONE', *, *, #760, .T. ) ;
#1433 = CYLINDRICAL_SURFACE ( 'NONE', #1510, 0.1121194534934684100 ) ;
#1434 = CARTESIAN_POINT ( 'NONE',  ( 2.207681502606056800, 0.3047260107602004500, -1.109999999999999400 ) ) ;
#1435 = CARTESIAN_POINT ( 'NONE',  ( 1.500000000000000900, 0.5362000000000004500, 1.499999999999998700 ) ) ;
#1436 = ORIENTED_EDGE ( 'NONE', *, *, #4625, .F. ) ;
#1437 = VECTOR ( 'NONE', #3628, 1000.000000000000000 ) ;
#1438 = CARTESIAN_POINT ( 'NONE',  ( 1.776161133969903700, 0.7161999999999997300, 0.1100000000000005000 ) ) ;
#1439 = DIRECTION ( 'NONE',  ( -0.05233595624293850600, -0.9986295347545742800, 0.0000000000000000000 ) ) ;
#1440 = VERTEX_POINT ( 'NONE', #337 ) ;
#1441 = CARTESIAN_POINT ( 'NONE',  ( -2.201813623794040400, 0.1927602130810807700, -0.8899999999999995700 ) ) ;
#1442 = EDGE_CURVE ( 'NONE', #2967, #1964, #3809, .T. ) ;
#1443 = DIRECTION ( 'NONE',  ( 0.0000000000000000000, 0.0000000000000000000, 1.000000000000000000 ) ) ;
#1444 = DIRECTION ( 'NONE',  ( 0.0000000000000000000, 0.0000000000000000000, 1.000000000000000000 ) ) ;
#1445 = EDGE_CURVE ( 'NONE', #508, #104, #1865, .T. ) ;
#1446 = EDGE_CURVE ( 'NONE', #3697, #2699, #4191, .T. ) ;
#1447 = VERTEX_POINT ( 'NONE', #729 ) ;
#1448 = VECTOR ( 'NONE', #4775, 1000.000000000000000 ) ;
#1449 = ORIENTED_EDGE ( 'NONE', *, *, #3312, .T. ) ;
#1450 = CARTESIAN_POINT ( 'NONE',  ( 2.192393151670311500, 0.01300689682525813000, -0.3899999999999995100 ) ) ;
#1451 = DIRECTION ( 'NONE',  ( 1.000000000000000000, 0.0000000000000000000, 0.0000000000000000000 ) ) ;
#1452 = ORIENTED_EDGE ( 'NONE', *, *, #1599, .T. ) ;
#1453 = LINE ( 'NONE', #4198, #1983 ) ;
#1454 = VERTEX_POINT ( 'NONE', #3358 ) ;
#1455 = VERTEX_POINT ( 'NONE', #3007 ) ;
#1456 = CARTESIAN_POINT ( 'NONE',  ( -2.201813623794040400, 0.1927602130810808800, 0.8900000000000004600 ) ) ;
#1457 = CARTESIAN_POINT ( 'NONE',  ( 1.886577241033763100, 0.4435498852866847600, -0.8899999999999995700 ) ) ;
#1458 = ORIENTED_EDGE ( 'NONE', *, *, #3537, .F. ) ;
#1459 = PLANE ( 'NONE',  #821 ) ;
#1460 = VERTEX_POINT ( 'NONE', #4940 ) ;
#1461 = CARTESIAN_POINT ( 'NONE',  ( 2.063842636575960100, 0.4748065572667323800, -0.8899999999999995700 ) ) ;
#1462 = VECTOR ( 'NONE', #67, 1000.000000000000000 ) ;
#1463 = ORIENTED_EDGE ( 'NONE', *, *, #4837, .F. ) ;
#1464 = CARTESIAN_POINT ( 'NONE',  ( -2.450000000000000200, 0.1797533162558227800, 0.6100000000000005400 ) ) ;
#1465 = CARTESIAN_POINT ( 'NONE',  ( -1.776161133969903900, 0.4240805465065317600, -0.8899999999999995700 ) ) ;
#1466 = EDGE_CURVE ( 'NONE', #2226, #3059, #1380, .T. ) ;
#1467 = VECTOR ( 'NONE', #2963, 1000.000000000000000 ) ;
#1468 = DIRECTION ( 'NONE',  ( -0.1736481776669282800, 0.9848077530122084600, -0.0000000000000000000 ) ) ;
#1469 = MECHANICAL_DESIGN_GEOMETRIC_PRESENTATION_REPRESENTATION (  '', ( #1657 ), #3956 ) ;
#1470 = COLOUR_RGB ( '',0.7921568627450980000, 0.8196078431372548800, 0.9333333333333333500 ) ;
#1471 = VECTOR ( 'NONE', #3363, 1000.000000000000000 ) ;
#1472 = DIRECTION ( 'NONE',  ( -1.000000000000000000, 0.0000000000000000000, 0.0000000000000000000 ) ) ;
#1473 = LINE ( 'NONE', #3556, #4401 ) ;
#1474 = DIRECTION ( 'NONE',  ( 0.05233595624293666000, -0.9986295347545742800, 0.0000000000000000000 ) ) ;
#1475 = ORIENTED_EDGE ( 'NONE', *, *, #1189, .T. ) ;
#1476 = VERTEX_POINT ( 'NONE', #3373 ) ;
#1477 = EDGE_CURVE ( 'NONE', #2387, #3591, #903, .T. ) ;
#1478 = CIRCLE ( 'NONE', #4646, 0.1443949717410304700 ) ;
#1479 = AXIS2_PLACEMENT_3D ( 'NONE', #1422, #1439, #2898 ) ;
#1480 = DIRECTION ( 'NONE',  ( -0.0000000000000000000, -0.0000000000000000000, -1.000000000000000000 ) ) ;
#1481 = CARTESIAN_POINT ( 'NONE',  ( -1.500000000000000900, 0.7162000000000003900, -0.1099999999999995300 ) ) ;
#1482 = LINE ( 'NONE', #559, #4237 ) ;
#1483 = CARTESIAN_POINT ( 'NONE',  ( -1.500000000000000900, 0.7162000000000003900, 0.6100000000000005400 ) ) ;
#1484 = DIRECTION ( 'NONE',  ( -1.000000000000000000, 0.0000000000000000000, 0.0000000000000000000 ) ) ;
#1485 = ORIENTED_EDGE ( 'NONE', *, *, #1002, .T. ) ;
#1486 = AXIS2_PLACEMENT_3D ( 'NONE', #2883, #2951, #613 ) ;
#1487 = EDGE_CURVE ( 'NONE', #2110, #2508, #2798, .T. ) ;
#1488 = VECTOR ( 'NONE', #1175, 1000.000000000000000 ) ;
#1489 = MANIFOLD_SOLID_BREP ( 'Boss-Extrude4[2]', #1817 ) ;
#1490 = ORIENTED_EDGE ( 'NONE', *, *, #4315, .T. ) ;
#1491 = CARTESIAN_POINT ( 'NONE',  ( -2.440579527876271600, -6.776263578034402700E-018, -0.3899999999999995100 ) ) ;
#1492 = VERTEX_POINT ( 'NONE', #4146 ) ;
#1493 = ORIENTED_EDGE ( 'NONE', *, *, #2714, .F. ) ;
#1494 = CARTESIAN_POINT ( 'NONE',  ( -1.500000000000000900, 0.7162000000000003900, 1.110000000000000500 ) ) ;
#1495 = PLANE ( 'NONE',  #3645 ) ;
#1496 = LINE ( 'NONE', #2257, #3938 ) ;
#1497 = CARTESIAN_POINT ( 'NONE',  ( -2.201813623794040400, 0.1927602130810807700, 0.8900000000000004600 ) ) ;
#1498 = ORIENTED_EDGE ( 'NONE', *, *, #3905, .T. ) ;
#1499 = VECTOR ( 'NONE', #1615, 1000.000000000000000 ) ;
#1500 = PRODUCT_DEFINITION_CONTEXT ( 'detailed design', #1679, 'design' ) ;
#1501 = ADVANCED_FACE ( 'NONE', ( #4721 ), #3436, .F. ) ;
#1502 = CARTESIAN_POINT ( 'NONE',  ( 2.450000000000000200, 0.1797533162558224400, 0.6100000000000005400 ) ) ;
#1503 = ORIENTED_EDGE ( 'NONE', *, *, #898, .T. ) ;
#1504 = EDGE_CURVE ( 'NONE', #3387, #4004, #3751, .T. ) ;
#1505 = VECTOR ( 'NONE', #4323, 1000.000000000000000 ) ;
#1506 = DIRECTION ( 'NONE',  ( -0.1710878697460358800, -0.9702875252478138100, 0.1710878697460359000 ) ) ;
#1507 = DIRECTION ( 'NONE',  ( 0.0000000000000000000, 0.0000000000000000000, 1.000000000000000000 ) ) ;
#1508 = EDGE_CURVE ( 'NONE', #3149, #1454, #2038, .T. ) ;
#1509 = ORIENTED_EDGE ( 'NONE', *, *, #1773, .F. ) ;
#1510 = AXIS2_PLACEMENT_3D ( 'NONE', #1752, #1297, #968 ) ;
#1511 = AXIS2_PLACEMENT_3D ( 'NONE', #1465, #4486, #4173 ) ;
#1512 = ORIENTED_EDGE ( 'NONE', *, *, #2532, .T. ) ;
#1513 = ORIENTED_EDGE ( 'NONE', *, *, #3126, .T. ) ;
#1514 = DIRECTION ( 'NONE',  ( -0.0000000000000000000, -0.0000000000000000000, -1.000000000000000000 ) ) ;
#1515 = DIRECTION ( 'NONE',  ( -0.0000000000000000000, -0.0000000000000000000, -1.000000000000000000 ) ) ;
#1516 = ORIENTED_EDGE ( 'NONE', *, *, #3136, .T. ) ;
#1517 = VERTEX_POINT ( 'NONE', #3561 ) ;
#1518 = DIRECTION ( 'NONE',  ( -0.9986295347545742800, 0.05233595624293722200, 0.0000000000000000000 ) ) ;
#1519 = ORIENTED_EDGE ( 'NONE', *, *, #4851, .T. ) ;
#1520 = AXIS2_PLACEMENT_3D ( 'NONE', #3727, #2238, #2224 ) ;
#1521 = EDGE_CURVE ( 'NONE', #911, #313, #1741, .T. ) ;
#1522 = ORIENTED_EDGE ( 'NONE', *, *, #2512, .T. ) ;
#1523 = DIRECTION ( 'NONE',  ( -0.0000000000000000000, -0.0000000000000000000, -1.000000000000000000 ) ) ;
#1524 = CARTESIAN_POINT ( 'NONE',  ( 1.886577241033763300, 0.4435498852866847600, -0.1099999999999995300 ) ) ;
#1525 = LINE ( 'NONE', #1914, #1115 ) ;
#1526 = DIRECTION ( 'NONE',  ( -0.0000000000000000000, -0.0000000000000000000, -1.000000000000000000 ) ) ;
#1527 = PLANE ( 'NONE',  #1831 ) ;
#1528 = LINE ( 'NONE', #1231, #4391 ) ;
#1529 = ADVANCED_FACE ( 'NONE', ( #1677 ), #383, .F. ) ;
#1530 = DIRECTION ( 'NONE',  ( -1.000000000000000000, 0.0000000000000000000, 0.0000000000000000000 ) ) ;
#1531 = CARTESIAN_POINT ( 'NONE',  ( -1.500000000000001100, 0.7162000000000003900, -0.8899999999999995700 ) ) ;
#1532 = SURFACE_STYLE_USAGE ( .BOTH. , #3800 ) ;
#1533 = EDGE_LOOP ( 'NONE', ( #713, #4242, #3694, #3504 ) ) ;
#1534 = VECTOR ( 'NONE', #1296, 1000.000000000000000 ) ;
#1535 = EDGE_CURVE ( 'NONE', #3404, #2364, #1617, .T. ) ;
#1536 = CARTESIAN_POINT ( 'NONE',  ( 2.440579527876271600, -6.776263578034402700E-018, -0.8899999999999995700 ) ) ;
#1537 = VECTOR ( 'NONE', #2845, 1000.000000000000000 ) ;
#1538 = CARTESIAN_POINT ( 'NONE',  ( -2.440579527876271600, -6.776263578034402700E-018, -0.3899999999999995100 ) ) ;
#1539 = EDGE_CURVE ( 'NONE', #1772, #3168, #2268, .T. ) ;
#1540 = ORIENTED_EDGE ( 'NONE', *, *, #3242, .F. ) ;
#1541 = EDGE_CURVE ( 'NONE', #2965, #689, #4660, .T. ) ;
#1542 = DIRECTION ( 'NONE',  ( -0.0000000000000000000, -0.0000000000000000000, -1.000000000000000000 ) ) ;
#1543 = CARTESIAN_POINT ( 'NONE',  ( -2.201813623794040400, 0.1927602130810807700, -0.3899999999999995100 ) ) ;
#1544 = LINE ( 'NONE', #2863, #532 ) ;
#1545 = ORIENTED_EDGE ( 'NONE', *, *, #655, .F. ) ;
#1546 = AXIS2_PLACEMENT_3D ( 'NONE', #560, #3592, #543 ) ;
#1547 = DIRECTION ( 'NONE',  ( 0.0000000000000000000, 0.0000000000000000000, 1.000000000000000000 ) ) ;
#1548 = ORIENTED_EDGE ( 'NONE', *, *, #986, .F. ) ;
#1549 = EDGE_LOOP ( 'NONE', ( #897, #4557, #1756, #3355 ) ) ;
#1550 = PLANE ( 'NONE',  #4707 ) ;
#1551 = LINE ( 'NONE', #1643, #4122 ) ;
#1552 = MANIFOLD_SOLID_BREP ( 'Boss-Extrude6', #420 ) ;
#1553 = SURFACE_STYLE_USAGE ( .BOTH. , #1154 ) ;
#1554 = CLOSED_SHELL ( 'NONE', ( #1555, #3464, #4212, #1132, #3976, #2353, #536, #3667, #2900, #833, #3786, #2269, #1282, #4839 ) ) ;
#1555 = ADVANCED_FACE ( 'NONE', ( #4072 ), #1561, .F. ) ;
#1556 = DIRECTION ( 'NONE',  ( -1.000000000000000000, 0.0000000000000000000, 0.0000000000000000000 ) ) ;
#1557 = VECTOR ( 'NONE', #4464, 1000.000000000000000 ) ;
#1558 = CARTESIAN_POINT ( 'NONE',  ( 1.500000000000000200, 0.7162000000000003900, -1.500000000000000900 ) ) ;
#1559 = EDGE_LOOP ( 'NONE', ( #1222, #4938, #1048, #1326 ) ) ;
#1560 = CARTESIAN_POINT ( 'NONE',  ( 1.500000000000000900, 0.5362000000000004500, 0.6100000000000005400 ) ) ;
#1561 = CYLINDRICAL_SURFACE ( 'NONE', #274, 0.1121194534934686200 ) ;
#1562 = CARTESIAN_POINT ( 'NONE',  ( -1.500000000000001100, 0.7162000000000003900, -0.3899999999999995100 ) ) ;
#1563 = VERTEX_POINT ( 'NONE', #414 ) ;
#1564 = VECTOR ( 'NONE', #4114, 1000.000000000000000 ) ;
#1565 = CARTESIAN_POINT ( 'NONE',  ( -1.500000000000000900, 0.5362000000000004500, 0.1100000000000005000 ) ) ;
#1566 = DIRECTION ( 'NONE',  ( -1.000000000000000000, 2.355586009297741800E-015, -0.0000000000000000000 ) ) ;
#1567 = VERTEX_POINT ( 'NONE', #3467 ) ;
#1568 = ORIENTED_EDGE ( 'NONE', *, *, #2944, .F. ) ;
#1569 = CARTESIAN_POINT ( 'NONE',  ( -1.072574600253919600, 0.9999999999999993300, -1.015223721361092800 ) ) ;
#1570 = CIRCLE ( 'NONE', #4289, 0.2921194534934680200 ) ;
#1571 = ORIENTED_EDGE ( 'NONE', *, *, #1624, .T. ) ;
#1572 = ORIENTED_EDGE ( 'NONE', *, *, #3571, .F. ) ;
#1573 = DIRECTION ( 'NONE',  ( -1.000000000000000000, 0.0000000000000000000, 0.0000000000000000000 ) ) ;
#1574 = DIRECTION ( 'NONE',  ( -0.0000000000000000000, -0.0000000000000000000, -1.000000000000000000 ) ) ;
#1575 = EDGE_CURVE ( 'NONE', #1954, #4555, #3398, .T. ) ;
#1576 = AXIS2_PLACEMENT_3D ( 'NONE', #2806, #2836, #572 ) ;
#1577 = ORIENTED_EDGE ( 'NONE', *, *, #3121, .F. ) ;
#1578 = ADVANCED_FACE ( 'NONE', ( #4432 ), #4366, .T. ) ;
#1579 = CARTESIAN_POINT ( 'NONE',  ( -1.886577241033763300, 0.4435498852866847600, 0.1100000000000005000 ) ) ;
#1580 = DIRECTION ( 'NONE',  ( -0.0000000000000000000, -0.0000000000000000000, -1.000000000000000000 ) ) ;
#1581 = LINE ( 'NONE', #3263, #146 ) ;
#1582 = ORIENTED_EDGE ( 'NONE', *, *, #1697, .T. ) ;
#1583 = CARTESIAN_POINT ( 'NONE',  ( -1.500000000000000900, 0.7162000000000003900, 1.110000000000000500 ) ) ;
#1584 = FILL_AREA_STYLE_COLOUR ( '', #281 ) ;
#1585 =( GEOMETRIC_REPRESENTATION_CONTEXT ( 3 ) GLOBAL_UNCERTAINTY_ASSIGNED_CONTEXT ( ( #2819 ) ) GLOBAL_UNIT_ASSIGNED_CONTEXT ( ( #496, #3497, #4723 ) ) REPRESENTATION_CONTEXT ( 'NONE', 'WORKASPACE' ) );
#1586 = EDGE_CURVE ( 'NONE', #4278, #2735, #1913, .T. ) ;
#1587 = PRESENTATION_STYLE_ASSIGNMENT (( #1678 ) ) ;
#1588 = ORIENTED_EDGE ( 'NONE', *, *, #1792, .F. ) ;
#1589 = CYLINDRICAL_SURFACE ( 'NONE', #391, 0.1443949717410304700 ) ;
#1590 = DIRECTION ( 'NONE',  ( -0.0000000000000000000, -0.0000000000000000000, -1.000000000000000000 ) ) ;
#1591 = LINE ( 'NONE', #2137, #2546 ) ;
#1592 = CARTESIAN_POINT ( 'NONE',  ( 1.500000000000000900, 0.5362000000000004500, 0.1100000000000005000 ) ) ;
#1593 = DIRECTION ( 'NONE',  ( -7.228014483236697000E-017, -0.0000000000000000000, -1.000000000000000000 ) ) ;
#1594 = ORIENTED_EDGE ( 'NONE', *, *, #3820, .T. ) ;
#1595 = ORIENTED_EDGE ( 'NONE', *, *, #4767, .F. ) ;
#1596 = DIRECTION ( 'NONE',  ( -0.9986295347545742800, -0.05233595624293664600, 0.0000000000000000000 ) ) ;
#1597 = VECTOR ( 'NONE', #3795, 1000.000000000000000 ) ;
#1598 = FACE_OUTER_BOUND ( 'NONE', #2464, .T. ) ;
#1599 = EDGE_CURVE ( 'NONE', #1300, #3168, #3038, .T. ) ;
#1600 = CARTESIAN_POINT ( 'NONE',  ( 1.500000000000000900, 0.5362000000000004500, 0.8900000000000004600 ) ) ;
#1601 = CARTESIAN_POINT ( 'NONE',  ( -1.776161133969903900, 0.5362000000000003400, -0.8899999999999995700 ) ) ;
#1602 = EDGE_CURVE ( 'NONE', #1013, #1336, #1496, .T. ) ;
#1603 = FACE_OUTER_BOUND ( 'NONE', #3783, .T. ) ;
#1604 = AXIS2_PLACEMENT_3D ( 'NONE', #4735, #4718, #2432 ) ;
#1605 = DIRECTION ( 'NONE',  ( 0.1736481776669282800, -0.9848077530122084600, 0.0000000000000000000 ) ) ;
#1606 = DIRECTION ( 'NONE',  ( -0.0000000000000000000, -0.0000000000000000000, -1.000000000000000000 ) ) ;
#1607 = ORIENTED_EDGE ( 'NONE', *, *, #2754, .F. ) ;
#1608 = AXIS2_PLACEMENT_3D ( 'NONE', #2323, #2265, #3789 ) ;
#1609 = CARTESIAN_POINT ( 'NONE',  ( -1.920000000000000400, 0.2540000000000001100, 1.110000000000000500 ) ) ;
#1610 = DIRECTION ( 'NONE',  ( 0.0000000000000000000, -0.0000000000000000000, 1.000000000000000000 ) ) ;
#1611 = ORIENTED_EDGE ( 'NONE', *, *, #3316, .F. ) ;
#1612 = PLANE ( 'NONE',  #1665 ) ;
#1613 = DIRECTION ( 'NONE',  ( -1.000000000000000000, 0.0000000000000000000, 0.0000000000000000000 ) ) ;
#1614 = CARTESIAN_POINT ( 'NONE',  ( -2.440579527876271600, -6.776263578034402700E-018, 0.1100000000000005000 ) ) ;
#1615 = DIRECTION ( 'NONE',  ( 0.1736481776669293900, 0.9848077530122082400, -0.0000000000000000000 ) ) ;
#1616 = ORIENTED_EDGE ( 'NONE', *, *, #2049, .F. ) ;
#1617 = LINE ( 'NONE', #2700, #3639 ) ;
#1618 = DIRECTION ( 'NONE',  ( -0.0000000000000000000, -1.000000000000000000, -0.0000000000000000000 ) ) ;
#1619 = ORIENTED_EDGE ( 'NONE', *, *, #1253, .F. ) ;
#1620 = FACE_OUTER_BOUND ( 'NONE', #90, .T. ) ;
#1621 = DIRECTION ( 'NONE',  ( 1.000000000000000000, 0.0000000000000000000, 0.0000000000000000000 ) ) ;
#1622 = VERTEX_POINT ( 'NONE', #15 ) ;
#1623 = ORIENTED_EDGE ( 'NONE', *, *, #4928, .T. ) ;
#1624 = EDGE_CURVE ( 'NONE', #706, #481, #360, .T. ) ;
#1625 = ADVANCED_FACE ( 'NONE', ( #1971 ), #963, .F. ) ;
#1626 = AXIS2_PLACEMENT_3D ( 'NONE', #2310, #29, #801 ) ;
#1627 = EDGE_LOOP ( 'NONE', ( #1900, #298, #1391, #3309, #2725, #3610, #225, #1672, #2168, #945, #1662, #1153 ) ) ;
#1628 = ORIENTED_EDGE ( 'NONE', *, *, #1695, .T. ) ;
#1629 = CARTESIAN_POINT ( 'NONE',  ( -2.440579527876271600, -6.776263578034402700E-018, 0.6100000000000005400 ) ) ;
#1630 = VERTEX_POINT ( 'NONE', #30 ) ;
#1631 = CARTESIAN_POINT ( 'NONE',  ( 2.192393151670311500, 0.01300689682525813000, 0.6100000000000005400 ) ) ;
#1632 = EDGE_LOOP ( 'NONE', ( #3458, #3137, #2312, #1815 ) ) ;
#1633 = CARTESIAN_POINT ( 'NONE',  ( -2.063842636575960100, 0.4748065572667322100, -1.109999999999999400 ) ) ;
#1634 = CARTESIAN_POINT ( 'NONE',  ( 1.886577241033763100, 0.4435498852866847600, -0.3899999999999995100 ) ) ;
#1635 = PRODUCT_RELATED_PRODUCT_CATEGORY ( 'part', '', ( #4745 ) ) ;
#1636 = MANIFOLD_SOLID_BREP ( 'LPattern1[3]', #2102 ) ;
#1637 = LINE ( 'NONE', #640, #1165 ) ;
#1638 = CARTESIAN_POINT ( 'NONE',  ( -2.207681502606056800, 0.3047260107602004500, 1.110000000000000500 ) ) ;
#1639 = DIRECTION ( 'NONE',  ( 1.000000000000000000, 0.0000000000000000000, 0.0000000000000000000 ) ) ;
#1640 = FACE_OUTER_BOUND ( 'NONE', #2410, .T. ) ;
#1641 = EDGE_CURVE ( 'NONE', #3293, #4677, #1315, .T. ) ;
#1642 = SURFACE_STYLE_FILL_AREA ( #3379 ) ;
#1643 = CARTESIAN_POINT ( 'NONE',  ( 1.500000000000000900, 0.5362000000000004500, 0.1100000000000005000 ) ) ;
#1644 = LINE ( 'NONE', #2788, #1351 ) ;
#1645 = CARTESIAN_POINT ( 'NONE',  ( 2.201813623794040400, 0.1927602130810809300, -0.3899999999999995100 ) ) ;
#1646 = EDGE_LOOP ( 'NONE', ( #635, #1611, #745, #2521 ) ) ;
#1647 = CYLINDRICAL_SURFACE ( 'NONE', #3154, 0.1121194534934684100 ) ;
#1648 = CARTESIAN_POINT ( 'NONE',  ( -2.192393151670311500, 0.01300689682525813000, 0.3900000000000004600 ) ) ;
#1649 = DIRECTION ( 'NONE',  ( 0.9986295347545742800, 0.05233595624293664600, 0.0000000000000000000 ) ) ;
#1650 = FACE_OUTER_BOUND ( 'NONE', #2786, .T. ) ;
#1651 = ADVANCED_FACE ( 'NONE', ( #2795 ), #1495, .F. ) ;
#1652 = EDGE_LOOP ( 'NONE', ( #4010, #1052, #4548, #2239 ) ) ;
#1653 = DIRECTION ( 'NONE',  ( -0.9986295347545742800, 0.05233595624293722200, 0.0000000000000000000 ) ) ;
#1654 = DIRECTION ( 'NONE',  ( -1.000000000000000000, 0.0000000000000000000, 0.0000000000000000000 ) ) ;
#1655 = CIRCLE ( 'NONE', #1742, 0.1121194534934684100 ) ;
#1656 = CARTESIAN_POINT ( 'NONE',  ( -1.776161133969903900, 0.4240805465065317600, -0.8899999999999995700 ) ) ;
#1657 = STYLED_ITEM ( 'NONE', ( #4885 ), #610 ) ;
#1658 = ORIENTED_EDGE ( 'NONE', *, *, #1066, .T. ) ;
#1659 = APPLICATION_PROTOCOL_DEFINITION ( 'draft international standard', 'automotive_design', 1998, #1679 ) ;
#1660 = FACE_OUTER_BOUND ( 'NONE', #4265, .T. ) ;
#1661 = ORIENTED_EDGE ( 'NONE', *, *, #2461, .T. ) ;
#1662 = ORIENTED_EDGE ( 'NONE', *, *, #2365, .F. ) ;
#1663 = DIRECTION ( 'NONE',  ( 0.9848077530122081300, -0.1736481776669305800, 0.0000000000000000000 ) ) ;
#1664 = EDGE_CURVE ( 'NONE', #3346, #371, #2739, .T. ) ;
#1665 = AXIS2_PLACEMENT_3D ( 'NONE', #3517, #4279, #4330 ) ;
#1666 = AXIS2_PLACEMENT_3D ( 'NONE', #1929, #66, #2274 ) ;
#1667 = EDGE_LOOP ( 'NONE', ( #2787, #540, #616, #252 ) ) ;
#1668 = LINE ( 'NONE', #1379, #955 ) ;
#1669 = DIRECTION ( 'NONE',  ( 0.1736481776669282800, -0.9848077530122084600, 0.0000000000000000000 ) ) ;
#1670 = ORIENTED_EDGE ( 'NONE', *, *, #53, .T. ) ;
#1671 = CIRCLE ( 'NONE', #3546, 0.2921194534934682400 ) ;
#1672 = ORIENTED_EDGE ( 'NONE', *, *, #4166, .F. ) ;
#1673 = AXIS2_PLACEMENT_3D ( 'NONE', #1789, #682, #2614 ) ;
#1674 = CARTESIAN_POINT ( 'NONE',  ( 2.192393151670311500, 0.01300689682525813000, 1.110000000000000500 ) ) ;
#1675 = CARTESIAN_POINT ( 'NONE',  ( 2.192393151670311500, 0.01300689682525813000, -0.3899999999999995100 ) ) ;
#1676 = EDGE_CURVE ( 'NONE', #3087, #3995, #68, .T. ) ;
#1677 = FACE_OUTER_BOUND ( 'NONE', #2903, .T. ) ;
#1678 = SURFACE_STYLE_USAGE ( .BOTH. , #2496 ) ;
#1679 = APPLICATION_CONTEXT ( 'automotive_design' ) ;
#1680 = ADVANCED_FACE ( 'NONE', ( #2034 ), #2289, .F. ) ;
#1681 = ORIENTED_EDGE ( 'NONE', *, *, #2445, .T. ) ;
#1682 = DIRECTION ( 'NONE',  ( -0.0000000000000000000, -0.0000000000000000000, -1.000000000000000000 ) ) ;
#1683 = CARTESIAN_POINT ( 'NONE',  ( 2.450000000000000200, 0.1797533162558224400, 0.1100000000000005000 ) ) ;
#1684 = FACE_OUTER_BOUND ( 'NONE', #138, .T. ) ;
#1685 = DIRECTION ( 'NONE',  ( -0.0000000000000000000, 1.000000000000000000, -0.0000000000000000000 ) ) ;
#1686 = ORIENTED_EDGE ( 'NONE', *, *, #1031, .T. ) ;
#1687 = ORIENTED_EDGE ( 'NONE', *, *, #3184, .T. ) ;
#1688 = CARTESIAN_POINT ( 'NONE',  ( 1.500000000000000200, 0.7162000000000003900, -1.500000000000000900 ) ) ;
#1689 = LINE ( 'NONE', #4183, #4792 ) ;
#1690 = ORIENTED_EDGE ( 'NONE', *, *, #2050, .T. ) ;
#1691 = VERTEX_POINT ( 'NONE', #1164 ) ;
#1692 = DIRECTION ( 'NONE',  ( -1.000000000000000000, -2.355586009297741800E-015, 0.0000000000000000000 ) ) ;
#1693 = ORIENTED_EDGE ( 'NONE', *, *, #2618, .F. ) ;
#1694 = DIRECTION ( 'NONE',  ( -0.1736481776669282800, 0.9848077530122084600, -0.0000000000000000000 ) ) ;
#1695 = EDGE_CURVE ( 'NONE', #2699, #2515, #1027, .T. ) ;
#1696 = EDGE_CURVE ( 'NONE', #3409, #1089, #4537, .T. ) ;
#1697 = EDGE_CURVE ( 'NONE', #3625, #958, #4425, .T. ) ;
#1698 = FACE_OUTER_BOUND ( 'NONE', #1393, .T. ) ;
#1699 =( NAMED_UNIT ( * ) SI_UNIT ( $, .STERADIAN. ) SOLID_ANGLE_UNIT ( ) );
#1700 = ORIENTED_EDGE ( 'NONE', *, *, #2754, .T. ) ;
#1701 = PLANE ( 'NONE',  #2691 ) ;
#1702 = CARTESIAN_POINT ( 'NONE',  ( -2.063842636575960100, 0.4748065572667322100, -1.109999999999999400 ) ) ;
#1703 = ADVANCED_FACE ( 'NONE', ( #611 ), #3466, .F. ) ;
#1704 = ORIENTED_EDGE ( 'NONE', *, *, #4840, .F. ) ;
#1705 =( GEOMETRIC_REPRESENTATION_CONTEXT ( 3 ) GLOBAL_UNCERTAINTY_ASSIGNED_CONTEXT ( ( #2313 ) ) GLOBAL_UNIT_ASSIGNED_CONTEXT ( ( #3095, #1241, #4288 ) ) REPRESENTATION_CONTEXT ( 'NONE', 'WORKASPACE' ) );
#1706 = EDGE_CURVE ( 'NONE', #344, #943, #3211, .T. ) ;
#1707 = CARTESIAN_POINT ( 'NONE',  ( -2.063842636575960100, 0.4748065572667322100, 0.1100000000000005000 ) ) ;
#1708 = VECTOR ( 'NONE', #695, 1000.000000000000100 ) ;
#1709 = DIRECTION ( 'NONE',  ( -0.0000000000000000000, -0.0000000000000000000, -1.000000000000000000 ) ) ;
#1710 = VERTEX_POINT ( 'NONE', #2724 ) ;
#1711 = ORIENTED_EDGE ( 'NONE', *, *, #1695, .F. ) ;
#1712 = CARTESIAN_POINT ( 'NONE',  ( 1.776161133969903700, 0.4240805465065317600, 0.6100000000000005400 ) ) ;
#1713 = FACE_OUTER_BOUND ( 'NONE', #1208, .T. ) ;
#1714 = LINE ( 'NONE', #2382, #2129 ) ;
#1715 = CARTESIAN_POINT ( 'NONE',  ( 2.097265395542197400, 0.2852566719800475000, 1.110000000000000500 ) ) ;
#1716 = ORIENTED_EDGE ( 'NONE', *, *, #4925, .T. ) ;
#1717 = CARTESIAN_POINT ( 'NONE',  ( -2.192393151670311500, 0.01300689682525813000, 0.8900000000000004600 ) ) ;
#1718 = VERTEX_POINT ( 'NONE', #834 ) ;
#1719 = FACE_OUTER_BOUND ( 'NONE', #1646, .T. ) ;
#1720 = FACE_OUTER_BOUND ( 'NONE', #1387, .T. ) ;
#1721 = CARTESIAN_POINT ( 'NONE',  ( 1.500000000000000200, 0.5362000000000004500, -1.500000000000000900 ) ) ;
#1722 = PLANE ( 'NONE',  #3098 ) ;
#1723 = CARTESIAN_POINT ( 'NONE',  ( 1.500000000000000900, 0.7162000000000003900, 1.110000000000000500 ) ) ;
#1724 = EDGE_CURVE ( 'NONE', #1330, #1790, #4902, .T. ) ;
#1725 =( NAMED_UNIT ( * ) PLANE_ANGLE_UNIT ( ) SI_UNIT ( $, .RADIAN. ) );
#1726 = AXIS2_PLACEMENT_3D ( 'NONE', #3996, #4786, #2499 ) ;
#1727 = CARTESIAN_POINT ( 'NONE',  ( 2.450000000000000200, 0.1797533162558224400, 0.3900000000000004600 ) ) ;
#1728 = ORIENTED_EDGE ( 'NONE', *, *, #1763, .F. ) ;
#1729 = ADVANCED_FACE ( 'NONE', ( #2153 ), #3885, .F. ) ;
#1730 = CARTESIAN_POINT ( 'NONE',  ( -1.776161133969903700, 0.7161999999999997300, 0.8900000000000004600 ) ) ;
#1731 = DIRECTION ( 'NONE',  ( -1.000000000000000000, 0.0000000000000000000, 0.0000000000000000000 ) ) ;
#1732 = DIRECTION ( 'NONE',  ( -1.000000000000000000, 0.0000000000000000000, 0.0000000000000000000 ) ) ;
#1733 = ORIENTED_EDGE ( 'NONE', *, *, #4101, .F. ) ;
#1734 = EDGE_CURVE ( 'NONE', #3402, #2385, #3629, .T. ) ;
#1735 = VECTOR ( 'NONE', #4293, 1000.000000000000100 ) ;
#1736 = CARTESIAN_POINT ( 'NONE',  ( 2.192393151670311500, 0.01300689682525813000, 0.6100000000000005400 ) ) ;
#1737 = CARTESIAN_POINT ( 'NONE',  ( -1.776161133969903700, 0.4240805465065317600, 0.6100000000000005400 ) ) ;
#1738 = DIRECTION ( 'NONE',  ( -1.000000000000000000, 0.0000000000000000000, 0.0000000000000000000 ) ) ;
#1739 = ORIENTED_EDGE ( 'NONE', *, *, #3476, .F. ) ;
#1740 = DIRECTION ( 'NONE',  ( -0.0000000000000000000, -0.0000000000000000000, -1.000000000000000000 ) ) ;
#1741 = LINE ( 'NONE', #3530, #2391 ) ;
#1742 = AXIS2_PLACEMENT_3D ( 'NONE', #2118, #3991, #3716 ) ;
#1743 =( LENGTH_UNIT ( ) NAMED_UNIT ( * ) SI_UNIT ( .MILLI., .METRE. ) );
#1744 = CARTESIAN_POINT ( 'NONE',  ( -2.192393151670311500, 0.01300689682525813000, 0.1100000000000005000 ) ) ;
#1745 = EDGE_CURVE ( 'NONE', #3402, #1870, #4299, .T. ) ;
#1746 = DIRECTION ( 'NONE',  ( 0.05233595624293666000, -0.9986295347545742800, 0.0000000000000000000 ) ) ;
#1747 = ORIENTED_EDGE ( 'NONE', *, *, #3281, .T. ) ;
#1748 = LINE ( 'NONE', #3862, #3522 ) ;
#1749 = CARTESIAN_POINT ( 'NONE',  ( 1.776161133969903500, 0.4240805465065317600, -0.3899999999999995100 ) ) ;
#1750 = ORIENTED_EDGE ( 'NONE', *, *, #1508, .F. ) ;
#1751 = ORIENTED_EDGE ( 'NONE', *, *, #944, .F. ) ;
#1752 = CARTESIAN_POINT ( 'NONE',  ( 2.207681502606056800, 0.3047260107602004500, 0.1100000000000005000 ) ) ;
#1753 = ORIENTED_EDGE ( 'NONE', *, *, #3567, .T. ) ;
#1754 = DIRECTION ( 'NONE',  ( 0.05233595624293664600, -0.9986295347545742800, 0.0000000000000000000 ) ) ;
#1755 = ORIENTED_EDGE ( 'NONE', *, *, #2264, .T. ) ;
#1756 = ORIENTED_EDGE ( 'NONE', *, *, #580, .F. ) ;
#1757 = PLANE ( 'NONE',  #3256 ) ;
#1758 = VERTEX_POINT ( 'NONE', #4276 ) ;
#1759 = ADVANCED_FACE ( 'NONE', ( #1143 ), #3998, .F. ) ;
#1760 = CARTESIAN_POINT ( 'NONE',  ( 2.097265395542197400, 0.2852566719800475000, 0.6100000000000005400 ) ) ;
#1761 = ORIENTED_EDGE ( 'NONE', *, *, #555, .F. ) ;
#1762 = PLANE ( 'NONE',  #4111 ) ;
#1763 = EDGE_CURVE ( 'NONE', #2470, #2544, #1205, .T. ) ;
#1764 = FACE_OUTER_BOUND ( 'NONE', #2919, .T. ) ;
#1765 = EDGE_CURVE ( 'NONE', #84, #4737, #1858, .T. ) ;
#1766 = AXIS2_PLACEMENT_3D ( 'NONE', #3011, #4179, #4564 ) ;
#1767 = FACE_OUTER_BOUND ( 'NONE', #1291, .T. ) ;
#1768 = DIRECTION ( 'NONE',  ( 2.168404344971009400E-016, 0.0000000000000000000, 1.000000000000000000 ) ) ;
#1769 = LINE ( 'NONE', #3986, #2128 ) ;
#1770 = CARTESIAN_POINT ( 'NONE',  ( 1.500000000000000900, 0.5362000000000004500, -0.1099999999999995300 ) ) ;
#1771 = FACE_OUTER_BOUND ( 'NONE', #1039, .T. ) ;
#1772 = VERTEX_POINT ( 'NONE', #1963 ) ;
#1773 = EDGE_CURVE ( 'NONE', #371, #3558, #187, .T. ) ;
#1774 = DIRECTION ( 'NONE',  ( -0.0000000000000000000, -0.0000000000000000000, -1.000000000000000000 ) ) ;
#1775 = VERTEX_POINT ( 'NONE', #2357 ) ;
#1776 = VECTOR ( 'NONE', #4859, 1000.000000000000000 ) ;
#1777 = DIRECTION ( 'NONE',  ( 1.000000000000000000, -3.925976682162903200E-016, 0.0000000000000000000 ) ) ;
#1778 = CIRCLE ( 'NONE', #2620, 0.1443949717410304700 ) ;
#1779 = CARTESIAN_POINT ( 'NONE',  ( 1.500000000000000900, 0.7162000000000003900, 1.499999999999998700 ) ) ;
#1780 = ORIENTED_EDGE ( 'NONE', *, *, #3061, .T. ) ;
#1781 = ADVANCED_FACE ( 'NONE', ( #2513 ), #1799, .T. ) ;
#1782 = LINE ( 'NONE', #4498, #1067 ) ;
#1783 = CARTESIAN_POINT ( 'NONE',  ( 1.776161133969903700, 0.7161999999999997300, 0.1100000000000005000 ) ) ;
#1784 = DIRECTION ( 'NONE',  ( -0.0000000000000000000, 0.0000000000000000000, -1.000000000000000000 ) ) ;
#1785 = VECTOR ( 'NONE', #25, 1000.000000000000000 ) ;
#1786 = DIRECTION ( 'NONE',  ( 1.000000000000000000, -0.0000000000000000000, -1.445602896647339400E-016 ) ) ;
#1787 = ORIENTED_EDGE ( 'NONE', *, *, #1390, .F. ) ;
#1788 = ORIENTED_EDGE ( 'NONE', *, *, #3863, .T. ) ;
#1789 = CARTESIAN_POINT ( 'NONE',  ( -2.063842636575960100, 0.4748065572667322100, -0.8899999999999995700 ) ) ;
#1790 = VERTEX_POINT ( 'NONE', #48 ) ;
#1791 = VECTOR ( 'NONE', #1415, 1000.000000000000000 ) ;
#1792 = EDGE_CURVE ( 'NONE', #94, #3525, #3394, .T. ) ;
#1793 = VERTEX_POINT ( 'NONE', #3086 ) ;
#1794 = CARTESIAN_POINT ( 'NONE',  ( -2.097265395542197400, 0.2852566719800474500, 0.6100000000000005400 ) ) ;
#1795 = CARTESIAN_POINT ( 'NONE',  ( 2.201813623794040400, 0.1927602130810809100, -0.1099999999999995300 ) ) ;
#1796 = EDGE_CURVE ( 'NONE', #3655, #3831, #3875, .T. ) ;
#1797 = EDGE_CURVE ( 'NONE', #2438, #2544, #2386, .T. ) ;
#1798 = ADVANCED_BREP_SHAPE_REPRESENTATION ( 'LTC4368IMS-1#TRPBF', ( #88, #2371, #3311, #1636, #824, #1489, #4092, #610, #2437, #3179, #4156, #1552, #1226 ), #4541 ) ;
#1799 = CYLINDRICAL_SURFACE ( 'NONE', #4326, 0.2921194534934680200 ) ;
#1800 = CARTESIAN_POINT ( 'NONE',  ( -2.201813623794040400, 0.1927602130810807700, -0.6099999999999995400 ) ) ;
#1801 = CARTESIAN_POINT ( 'NONE',  ( -2.207681502606056800, 0.3047260107602004500, 0.1100000000000005000 ) ) ;
#1802 = DIRECTION ( 'NONE',  ( -1.423640940395205700E-016, -0.1736481776669307200, -0.9848077530122080200 ) ) ;
#1803 = VECTOR ( 'NONE', #712, 1000.000000000000000 ) ;
#1804 = CARTESIAN_POINT ( 'NONE',  ( -1.776161133969903700, 0.5362000000000003400, 0.3900000000000004600 ) ) ;
#1805 = AXIS2_PLACEMENT_3D ( 'NONE', #4880, #2582, #1367 ) ;
#1806 = ORIENTED_EDGE ( 'NONE', *, *, #1169, .F. ) ;
#1807 = CARTESIAN_POINT ( 'NONE',  ( -1.499999999999999300, 0.7162000000000003900, -1.500000000000000400 ) ) ;
#1808 = VECTOR ( 'NONE', #3273, 1000.000000000000000 ) ;
#1809 = EDGE_LOOP ( 'NONE', ( #3112, #2032, #809, #3290 ) ) ;
#1810 = DIRECTION ( 'NONE',  ( -0.9986295347545742800, -0.05233595624293664600, 0.0000000000000000000 ) ) ;
#1811 = VERTEX_POINT ( 'NONE', #3987 ) ;
#1812 = VECTOR ( 'NONE', #2404, 1000.000000000000000 ) ;
#1813 = CARTESIAN_POINT ( 'NONE',  ( -1.920000000000000400, 0.2540000000000001100, 0.3900000000000004600 ) ) ;
#1814 = ORIENTED_EDGE ( 'NONE', *, *, #2181, .T. ) ;
#1815 = ORIENTED_EDGE ( 'NONE', *, *, #4066, .T. ) ;
#1816 = DIRECTION ( 'NONE',  ( 0.0000000000000000000, -0.9848077530122080200, 0.1736481776669307200 ) ) ;
#1817 = CLOSED_SHELL ( 'NONE', ( #762, #959, #3069, #3413, #1501, #1113, #1260, #1759, #584, #666, #4305, #991, #3868, #1181 ) ) ;
#1818 = DIRECTION ( 'NONE',  ( -0.0000000000000000000, -0.0000000000000000000, -1.000000000000000000 ) ) ;
#1819 = LINE ( 'NONE', #2695, #870 ) ;
#1820 = DIRECTION ( 'NONE',  ( 0.9986295347545742800, 0.05233595624293722200, -0.0000000000000000000 ) ) ;
#1821 = VERTEX_POINT ( 'NONE', #1943 ) ;
#1822 = CARTESIAN_POINT ( 'NONE',  ( -1.500000000000001100, 0.7162000000000003900, -0.8899999999999995700 ) ) ;
#1823 = LINE ( 'NONE', #2012, #4562 ) ;
#1824 = DIRECTION ( 'NONE',  ( 0.0000000000000000000, 0.0000000000000000000, 1.000000000000000000 ) ) ;
#1825 = CARTESIAN_POINT ( 'NONE',  ( -2.207681502606056800, 0.3047260107602004500, 0.6100000000000005400 ) ) ;
#1826 = LINE ( 'NONE', #3074, #340 ) ;
#1827 = CIRCLE ( 'NONE', #4740, 0.1121194534934684100 ) ;
#1828 = EDGE_CURVE ( 'NONE', #1995, #1927, #4247, .T. ) ;
#1829 = VERTEX_POINT ( 'NONE', #4692 ) ;
#1830 = MECHANICAL_DESIGN_GEOMETRIC_PRESENTATION_REPRESENTATION (  '', ( #4068 ), #3698 ) ;
#1831 = AXIS2_PLACEMENT_3D ( 'NONE', #1543, #4216, #1649 ) ;
#1832 = DIRECTION ( 'NONE',  ( -0.9986295347545742800, 0.05233595624293675000, 0.0000000000000000000 ) ) ;
#1833 = DIRECTION ( 'NONE',  ( -0.0000000000000000000, -0.0000000000000000000, -1.000000000000000000 ) ) ;
#1834 = DIRECTION ( 'NONE',  ( -2.355586009297741800E-015, -1.000000000000000000, 0.0000000000000000000 ) ) ;
#1835 = LINE ( 'NONE', #3619, #1534 ) ;
#1836 = CYLINDRICAL_SURFACE ( 'NONE', #4729, 0.2921194534934680200 ) ;
#1837 = DIRECTION ( 'NONE',  ( 1.000000000000000000, 0.0000000000000000000, -0.0000000000000000000 ) ) ;
#1838 = VECTOR ( 'NONE', #4459, 1000.000000000000000 ) ;
#1839 = ORIENTED_EDGE ( 'NONE', *, *, #2299, .F. ) ;
#1840 = CARTESIAN_POINT ( 'NONE',  ( -1.499999999999999300, 0.5362000000000004500, -1.500000000000000400 ) ) ;
#1841 = DIRECTION ( 'NONE',  ( 0.0000000000000000000, 0.0000000000000000000, 1.000000000000000000 ) ) ;
#1842 = ORIENTED_EDGE ( 'NONE', *, *, #2050, .F. ) ;
#1843 = VECTOR ( 'NONE', #1103, 1000.000000000000000 ) ;
#1844 = AXIS2_PLACEMENT_3D ( 'NONE', #120, #512, #105 ) ;
#1845 = VECTOR ( 'NONE', #4412, 1000.000000000000000 ) ;
#1846 = EDGE_CURVE ( 'NONE', #486, #2110, #10, .T. ) ;
#1847 = CARTESIAN_POINT ( 'NONE',  ( -1.500000000000001100, 0.7162000000000003900, -0.8899999999999995700 ) ) ;
#1848 = DIRECTION ( 'NONE',  ( -7.228014483236698300E-017, 0.0000000000000000000, -1.000000000000000000 ) ) ;
#1849 = VECTOR ( 'NONE', #526, 1000.000000000000000 ) ;
#1850 = VERTEX_POINT ( 'NONE', #566 ) ;
#1851 = DIRECTION ( 'NONE',  ( -0.05233595624293722200, 0.9986295347545742800, 0.0000000000000000000 ) ) ;
#1852 = CIRCLE ( 'NONE', #2275, 0.2921194534934680200 ) ;
#1853 = DIRECTION ( 'NONE',  ( -0.0000000000000000000, -0.0000000000000000000, -1.000000000000000000 ) ) ;
#1854 = DIRECTION ( 'NONE',  ( 1.000000000000000000, 0.0000000000000000000, 0.0000000000000000000 ) ) ;
#1855 = ORIENTED_EDGE ( 'NONE', *, *, #449, .T. ) ;
#1856 =( NAMED_UNIT ( * ) PLANE_ANGLE_UNIT ( ) SI_UNIT ( $, .RADIAN. ) );
#1857 = UNCERTAINTY_MEASURE_WITH_UNIT (LENGTH_MEASURE( 1.000000000000000100E-005 ), #3588, 'distance_accuracy_value', 'NONE');
#1858 = LINE ( 'NONE', #1994, #311 ) ;
#1859 = EDGE_CURVE ( 'NONE', #139, #953, #4189, .T. ) ;
#1860 = CARTESIAN_POINT ( 'NONE',  ( -1.776161133969903900, 0.4240805465065317600, -0.8899999999999995700 ) ) ;
#1861 = EDGE_CURVE ( 'NONE', #916, #2940, #4127, .T. ) ;
#1862 =( GEOMETRIC_REPRESENTATION_CONTEXT ( 3 ) GLOBAL_UNCERTAINTY_ASSIGNED_CONTEXT ( ( #1857 ) ) GLOBAL_UNIT_ASSIGNED_CONTEXT ( ( #3588, #2804, #1699 ) ) REPRESENTATION_CONTEXT ( 'NONE', 'WORKASPACE' ) );
#1863 = AXIS2_PLACEMENT_3D ( 'NONE', #1312, #2101, #2416 ) ;
#1864 = ORIENTED_EDGE ( 'NONE', *, *, #3993, .F. ) ;
#1865 = LINE ( 'NONE', #2612, #792 ) ;
#1866 = ORIENTED_EDGE ( 'NONE', *, *, #70, .T. ) ;
#1867 = LINE ( 'NONE', #2286, #3883 ) ;
#1868 = DIRECTION ( 'NONE',  ( -1.000000000000000000, 0.0000000000000000000, 0.0000000000000000000 ) ) ;
#1869 = AXIS2_PLACEMENT_3D ( 'NONE', #3845, #2285, #3395 ) ;
#1870 = VERTEX_POINT ( 'NONE', #2797 ) ;
#1871 = CARTESIAN_POINT ( 'NONE',  ( -1.776161133969903700, 0.5362000000000003400, 0.6100000000000005400 ) ) ;
#1872 = ORIENTED_EDGE ( 'NONE', *, *, #2683, .F. ) ;
#1873 = CARTESIAN_POINT ( 'NONE',  ( -1.499999999999999300, 0.7162000000000003900, -1.500000000000000400 ) ) ;
#1874 = VERTEX_POINT ( 'NONE', #517 ) ;
#1875 = ORIENTED_EDGE ( 'NONE', *, *, #1586, .F. ) ;
#1876 = ORIENTED_EDGE ( 'NONE', *, *, #1477, .T. ) ;
#1877 = VERTEX_POINT ( 'NONE', #3532 ) ;
#1878 = ADVANCED_FACE ( 'NONE', ( #3689 ), #3094, .T. ) ;
#1879 = DIRECTION ( 'NONE',  ( -1.000000000000000000, -2.355586009297741800E-015, 0.0000000000000000000 ) ) ;
#1880 = DIRECTION ( 'NONE',  ( 1.000000000000000000, 0.0000000000000000000, 0.0000000000000000000 ) ) ;
#1881 = LINE ( 'NONE', #4211, #3301 ) ;
#1882 = CARTESIAN_POINT ( 'NONE',  ( 1.886577241033763300, 0.4435498852866847600, 1.110000000000000500 ) ) ;
#1883 = EDGE_CURVE ( 'NONE', #4503, #2750, #4244, .T. ) ;
#1884 = VECTOR ( 'NONE', #4219, 1000.000000000000000 ) ;
#1885 = AXIS2_PLACEMENT_3D ( 'NONE', #1638, #893, #3515 ) ;
#1886 = LINE ( 'NONE', #1361, #1119 ) ;
#1887 = FACE_OUTER_BOUND ( 'NONE', #4619, .T. ) ;
#1888 = VECTOR ( 'NONE', #2731, 1000.000000000000000 ) ;
#1889 = CARTESIAN_POINT ( 'NONE',  ( -2.063842636575960100, 0.4748065572667322100, -0.6099999999999995400 ) ) ;
#1890 = PLANE ( 'NONE',  #972 ) ;
#1891 = VERTEX_POINT ( 'NONE', #2444 ) ;
#1892 = EDGE_LOOP ( 'NONE', ( #1159, #92, #1956, #4591 ) ) ;
#1893 = CYLINDRICAL_SURFACE ( 'NONE', #1980, 0.1121194534934686200 ) ;
#1894 = VECTOR ( 'NONE', #1903, 1000.000000000000000 ) ;
#1895 = CARTESIAN_POINT ( 'NONE',  ( -1.500000000000001100, 0.7162000000000003900, -0.6099999999999995400 ) ) ;
#1896 = ORIENTED_EDGE ( 'NONE', *, *, #4597, .F. ) ;
#1897 = CARTESIAN_POINT ( 'NONE',  ( -2.440579527876271600, -6.776263578034402700E-018, -1.109999999999999400 ) ) ;
#1898 = LINE ( 'NONE', #4303, #4175 ) ;
#1899 = CARTESIAN_POINT ( 'NONE',  ( -1.886577241033763300, 0.4435498852866847600, 0.6100000000000005400 ) ) ;
#1900 = ORIENTED_EDGE ( 'NONE', *, *, #1225, .F. ) ;
#1901 = DIRECTION ( 'NONE',  ( -0.0000000000000000000, -0.0000000000000000000, -1.000000000000000000 ) ) ;
#1902 = ADVANCED_FACE ( 'NONE', ( #4480 ), #3563, .F. ) ;
#1903 = DIRECTION ( 'NONE',  ( -0.0000000000000000000, -0.0000000000000000000, -1.000000000000000000 ) ) ;
#1904 = LINE ( 'NONE', #1648, #2379 ) ;
#1905 = ORIENTED_EDGE ( 'NONE', *, *, #74, .F. ) ;
#1906 = CARTESIAN_POINT ( 'NONE',  ( 1.776161133969903700, 0.7161999999999997300, 0.3900000000000004600 ) ) ;
#1907 = CARTESIAN_POINT ( 'NONE',  ( -2.097265395542197400, 0.2852566719800474500, 0.1100000000000005000 ) ) ;
#1908 = FACE_OUTER_BOUND ( 'NONE', #3165, .T. ) ;
#1909 = EDGE_LOOP ( 'NONE', ( #243, #2459, #4785, #2751 ) ) ;
#1910 = CARTESIAN_POINT ( 'NONE',  ( -1.920000000000000400, 0.2540000000000001100, 0.1100000000000005000 ) ) ;
#1911 = CARTESIAN_POINT ( 'NONE',  ( 2.440579527876271600, -6.776263578034402700E-018, -0.3899999999999995100 ) ) ;
#1912 = DIRECTION ( 'NONE',  ( 0.0000000000000000000, 0.0000000000000000000, 1.000000000000000000 ) ) ;
#1913 = LINE ( 'NONE', #4218, #4485 ) ;
#1914 = CARTESIAN_POINT ( 'NONE',  ( -2.450000000000000200, 0.1797533162558227800, 0.6100000000000005400 ) ) ;
#1915 = CARTESIAN_POINT ( 'NONE',  ( 1.500000000000000900, 0.5362000000000004500, 1.499999999999998700 ) ) ;
#1916 = ORIENTED_EDGE ( 'NONE', *, *, #1034, .T. ) ;
#1917 = FACE_OUTER_BOUND ( 'NONE', #3052, .T. ) ;
#1918 = PLANE ( 'NONE',  #4641 ) ;
#1919 = EDGE_CURVE ( 'NONE', #2167, #693, #3209, .T. ) ;
#1920 = ORIENTED_EDGE ( 'NONE', *, *, #2590, .T. ) ;
#1921 = AXIS2_PLACEMENT_3D ( 'NONE', #150, #2469, #3997 ) ;
#1922 = ORIENTED_EDGE ( 'NONE', *, *, #2350, .F. ) ;
#1923 = ORIENTED_EDGE ( 'NONE', *, *, #1883, .F. ) ;
#1924 = CYLINDRICAL_SURFACE ( 'NONE', #2746, 0.2921194534934680200 ) ;
#1925 = ADVANCED_FACE ( 'NONE', ( #185 ), #3210, .T. ) ;
#1926 = CARTESIAN_POINT ( 'NONE',  ( -1.886577241033763300, 0.4435498852866847600, 0.6100000000000005400 ) ) ;
#1927 = VERTEX_POINT ( 'NONE', #2412 ) ;
#1928 = ORIENTED_EDGE ( 'NONE', *, *, #4137, .T. ) ;
#1929 = CARTESIAN_POINT ( 'NONE',  ( 2.207681502606056800, 0.3047260107602004500, -0.8899999999999995700 ) ) ;
#1930 = ORIENTED_EDGE ( 'NONE', *, *, #4097, .T. ) ;
#1931 =( NAMED_UNIT ( * ) SI_UNIT ( $, .STERADIAN. ) SOLID_ANGLE_UNIT ( ) );
#1932 = AXIS2_PLACEMENT_3D ( 'NONE', #2966, #3372, #2595 ) ;
#1933 = EDGE_CURVE ( 'NONE', #4677, #3947, #1969, .T. ) ;
#1934 = EDGE_LOOP ( 'NONE', ( #2862, #1920, #4614, #3603 ) ) ;
#1935 = SURFACE_STYLE_USAGE ( .BOTH. , #1173 ) ;
#1936 = CARTESIAN_POINT ( 'NONE',  ( 1.886577241033763100, 0.4435498852866847600, -1.109999999999999400 ) ) ;
#1937 = FACE_OUTER_BOUND ( 'NONE', #357, .T. ) ;
#1938 = VERTEX_POINT ( 'NONE', #4365 ) ;
#1939 = CARTESIAN_POINT ( 'NONE',  ( 2.207681502606056800, 0.3047260107602004500, -0.3899999999999995100 ) ) ;
#1940 = LINE ( 'NONE', #3888, #4217 ) ;
#1941 = ORIENTED_EDGE ( 'NONE', *, *, #264, .T. ) ;
#1942 = DIRECTION ( 'NONE',  ( -1.000000000000000000, 0.0000000000000000000, 0.0000000000000000000 ) ) ;
#1943 = CARTESIAN_POINT ( 'NONE',  ( 1.500000000000000700, 0.5362000000000004500, -0.3899999999999995100 ) ) ;
#1944 = DIRECTION ( 'NONE',  ( -2.355586009297741800E-015, -1.000000000000000000, 0.0000000000000000000 ) ) ;
#1945 = FACE_OUTER_BOUND ( 'NONE', #3119, .T. ) ;
#1946 = ORIENTED_EDGE ( 'NONE', *, *, #1005, .T. ) ;
#1947 = VECTOR ( 'NONE', #967, 1000.000000000000000 ) ;
#1948 = EDGE_CURVE ( 'NONE', #803, #2337, #3333, .T. ) ;
#1949 = CIRCLE ( 'NONE', #3176, 0.1121194534934684100 ) ;
#1950 = DIRECTION ( 'NONE',  ( 0.0000000000000000000, 1.000000000000000000, 0.0000000000000000000 ) ) ;
#1951 = VECTOR ( 'NONE', #1774, 1000.000000000000000 ) ;
#1952 = ADVANCED_FACE ( 'NONE', ( #423 ), #3581, .T. ) ;
#1953 = EDGE_CURVE ( 'NONE', #244, #1710, #1083, .T. ) ;
#1954 = VERTEX_POINT ( 'NONE', #4763 ) ;
#1955 = AXIS2_PLACEMENT_3D ( 'NONE', #4773, #3223, #3999 ) ;
#1956 = ORIENTED_EDGE ( 'NONE', *, *, #3825, .F. ) ;
#1957 = CARTESIAN_POINT ( 'NONE',  ( 1.776161133969903500, 0.4240805465065317600, -0.3899999999999995100 ) ) ;
#1958 = DIRECTION ( 'NONE',  ( 1.000000000000000000, 0.0000000000000000000, -0.0000000000000000000 ) ) ;
#1959 = LINE ( 'NONE', #4402, #3319 ) ;
#1960 = AXIS2_PLACEMENT_3D ( 'NONE', #4875, #1802, #4071 ) ;
#1961 = DIRECTION ( 'NONE',  ( -0.1736481776669294200, -0.9848077530122082400, 0.0000000000000000000 ) ) ;
#1962 = CYLINDRICAL_SURFACE ( 'NONE', #2846, 0.1121194534934684100 ) ;
#1963 = CARTESIAN_POINT ( 'NONE',  ( -1.920000000000000400, 0.2540000000000001100, -1.109999999999999400 ) ) ;
#1964 = VERTEX_POINT ( 'NONE', #2830 ) ;
#1965 = VECTOR ( 'NONE', #3536, 1000.000000000000000 ) ;
#1966 = CARTESIAN_POINT ( 'NONE',  ( 1.776161133969903700, 0.4240805465065317600, 0.3900000000000004600 ) ) ;
#1967 = ORIENTED_EDGE ( 'NONE', *, *, #1539, .T. ) ;
#1968 = DIRECTION ( 'NONE',  ( 0.1710878697460359000, -0.9702875252478138100, 0.1710878697460358500 ) ) ;
#1969 = LINE ( 'NONE', #1675, #2090 ) ;
#1970 = CARTESIAN_POINT ( 'NONE',  ( 2.063842636575960600, 0.4748065572667323800, 0.1100000000000005000 ) ) ;
#1971 = FACE_OUTER_BOUND ( 'NONE', #2244, .T. ) ;
#1972 = ORIENTED_EDGE ( 'NONE', *, *, #3010, .F. ) ;
#1973 = ADVANCED_FACE ( 'NONE', ( #3572 ), #4834, .F. ) ;
#1974 = DIRECTION ( 'NONE',  ( -0.0000000000000000000, -0.0000000000000000000, -1.000000000000000000 ) ) ;
#1975 = DIRECTION ( 'NONE',  ( -0.1736481776669305500, -0.9848077530122080200, 0.0000000000000000000 ) ) ;
#1976 = VERTEX_POINT ( 'NONE', #548 ) ;
#1977 = LINE ( 'NONE', #3983, #4907 ) ;
#1978 = DIRECTION ( 'NONE',  ( 1.000000000000000000, 0.0000000000000000000, -0.0000000000000000000 ) ) ;
#1979 = EDGE_CURVE ( 'NONE', #2431, #2938, #960, .T. ) ;
#1980 = AXIS2_PLACEMENT_3D ( 'NONE', #4033, #4823, #4422 ) ;
#1981 = VERTEX_POINT ( 'NONE', #215 ) ;
#1982 = DIRECTION ( 'NONE',  ( -0.0000000000000000000, -1.000000000000000000, -0.0000000000000000000 ) ) ;
#1983 = VECTOR ( 'NONE', #1130, 1000.000000000000000 ) ;
#1984 = CARTESIAN_POINT ( 'NONE',  ( 2.192393151670311500, 0.01300689682525813000, 0.6100000000000005400 ) ) ;
#1985 = ORIENTED_EDGE ( 'NONE', *, *, #586, .T. ) ;
#1986 = ORIENTED_EDGE ( 'NONE', *, *, #449, .F. ) ;
#1987 = ORIENTED_EDGE ( 'NONE', *, *, #898, .F. ) ;
#1988 = PLANE ( 'NONE',  #1844 ) ;
#1989 = CARTESIAN_POINT ( 'NONE',  ( 2.450000000000000200, 0.1797533162558224400, -0.6099999999999995400 ) ) ;
#1990 = EDGE_CURVE ( 'NONE', #3787, #1995, #1671, .T. ) ;
#1991 = VERTEX_POINT ( 'NONE', #4854 ) ;
#1992 = EDGE_LOOP ( 'NONE', ( #4439, #937, #4882, #3349 ) ) ;
#1993 = EDGE_LOOP ( 'NONE', ( #3813, #4858, #4268, #4508 ) ) ;
#1994 = CARTESIAN_POINT ( 'NONE',  ( -1.432325704804090300, 0.1524000000000005600, 1.499999999999999100 ) ) ;
#1995 = VERTEX_POINT ( 'NONE', #577 ) ;
#1996 = CARTESIAN_POINT ( 'NONE',  ( -1.776161133969903900, 0.4240805465065317600, -1.109999999999999400 ) ) ;
#1997 = AXIS2_PLACEMENT_3D ( 'NONE', #77, #4274, #4653 ) ;
#1998 = EDGE_CURVE ( 'NONE', #1284, #3409, #673, .T. ) ;
#1999 = VECTOR ( 'NONE', #1746, 1000.000000000000000 ) ;
#2000 = DIRECTION ( 'NONE',  ( 2.355586009297741800E-015, -1.000000000000000000, 0.0000000000000000000 ) ) ;
#2001 = CARTESIAN_POINT ( 'NONE',  ( 1.776161133969903700, 0.4240805465065317600, 0.6100000000000005400 ) ) ;
#2002 = LINE ( 'NONE', #288, #2067 ) ;
#2003 = DIRECTION ( 'NONE',  ( 0.05233595624293675700, 0.9986295347545742800, -0.0000000000000000000 ) ) ;
#2004 = ADVANCED_FACE ( 'NONE', ( #2212 ), #4594, .F. ) ;
#2005 = LINE ( 'NONE', #4623, #4636 ) ;
#2006 = VECTOR ( 'NONE', #3969, 1000.000000000000000 ) ;
#2007 = LINE ( 'NONE', #3494, #1410 ) ;
#2008 =( NAMED_UNIT ( * ) SI_UNIT ( $, .STERADIAN. ) SOLID_ANGLE_UNIT ( ) );
#2009 = DIRECTION ( 'NONE',  ( -0.0000000000000000000, -0.0000000000000000000, -1.000000000000000000 ) ) ;
#2010 = ORIENTED_EDGE ( 'NONE', *, *, #3383, .F. ) ;
#2011 = ORIENTED_EDGE ( 'NONE', *, *, #4533, .T. ) ;
#2012 = CARTESIAN_POINT ( 'NONE',  ( -2.097265395542197400, 0.2852566719800474500, -0.3899999999999995100 ) ) ;
#2013 = FACE_OUTER_BOUND ( 'NONE', #1549, .T. ) ;
#2014 = EDGE_CURVE ( 'NONE', #2122, #1718, #3994, .T. ) ;
#2015 = DIRECTION ( 'NONE',  ( 0.05233595624293722200, 0.9986295347545742800, -0.0000000000000000000 ) ) ;
#2016 = EDGE_CURVE ( 'NONE', #2326, #1622, #2330, .T. ) ;
#2017 = VECTOR ( 'NONE', #3207, 1000.000000000000000 ) ;
#2018 = MECHANICAL_DESIGN_GEOMETRIC_PRESENTATION_REPRESENTATION (  '', ( #3964 ), #2684 ) ;
#2019 = AXIS2_PLACEMENT_3D ( 'NONE', #3078, #3457, #1556 ) ;
#2020 = CARTESIAN_POINT ( 'NONE',  ( -2.063842636575960100, 0.4748065572667322100, 0.6100000000000005400 ) ) ;
#2021 = DIRECTION ( 'NONE',  ( 1.000000000000000000, 0.0000000000000000000, -0.0000000000000000000 ) ) ;
#2022 = VECTOR ( 'NONE', #424, 1000.000000000000000 ) ;
#2023 = DIRECTION ( 'NONE',  ( -0.0000000000000000000, -0.0000000000000000000, -1.000000000000000000 ) ) ;
#2024 = ORIENTED_EDGE ( 'NONE', *, *, #143, .F. ) ;
#2025 = VERTEX_POINT ( 'NONE', #1744 ) ;
#2026 = AXIS2_PLACEMENT_3D ( 'NONE', #3742, #734, #4538 ) ;
#2027 = DIRECTION ( 'NONE',  ( -0.1736481776669305500, -0.9848077530122080200, 0.0000000000000000000 ) ) ;
#2028 = CARTESIAN_POINT ( 'NONE',  ( 2.207681502606056800, 0.3047260107602004500, 0.3900000000000004600 ) ) ;
#2029 = EDGE_CURVE ( 'NONE', #3329, #4915, #1309, .T. ) ;
#2030 = VECTOR ( 'NONE', #201, 1000.000000000000000 ) ;
#2031 = ORIENTED_EDGE ( 'NONE', *, *, #2561, .T. ) ;
#2032 = ORIENTED_EDGE ( 'NONE', *, *, #2210, .F. ) ;
#2033 = ADVANCED_FACE ( 'NONE', ( #4717 ), #1095, .T. ) ;
#2034 = FACE_OUTER_BOUND ( 'NONE', #4057, .T. ) ;
#2035 = DIRECTION ( 'NONE',  ( 1.000000000000000000, -3.925976682162903200E-016, 0.0000000000000000000 ) ) ;
#2036 = DIRECTION ( 'NONE',  ( -1.000000000000000000, 0.0000000000000000000, 0.0000000000000000000 ) ) ;
#2037 = CARTESIAN_POINT ( 'NONE',  ( -1.072574600253919600, 1.099999999999999400, -1.015223721361092800 ) ) ;
#2038 = LINE ( 'NONE', #2813, #737 ) ;
#2039 = CARTESIAN_POINT ( 'NONE',  ( 2.207681502606056800, 0.3047260107602004500, -0.3899999999999995100 ) ) ;
#2040 = CARTESIAN_POINT ( 'NONE',  ( 2.440579527876271600, -6.776263578034402700E-018, -0.6099999999999995400 ) ) ;
#2041 = ORIENTED_EDGE ( 'NONE', *, *, #2049, .T. ) ;
#2042 = LINE ( 'NONE', #2249, #76 ) ;
#2043 = CARTESIAN_POINT ( 'NONE',  ( 1.920000000000000200, 0.2540000000000001100, -0.3899999999999995100 ) ) ;
#2044 = ORIENTED_EDGE ( 'NONE', *, *, #986, .T. ) ;
#2045 = ORIENTED_EDGE ( 'NONE', *, *, #600, .F. ) ;
#2046 = DIRECTION ( 'NONE',  ( -0.1736481776669282800, 0.9848077530122084600, -0.0000000000000000000 ) ) ;
#2047 = ORIENTED_EDGE ( 'NONE', *, *, #3708, .T. ) ;
#2048 = EDGE_CURVE ( 'NONE', #1821, #795, #4361, .T. ) ;
#2049 = EDGE_CURVE ( 'NONE', #3059, #2226, #907, .T. ) ;
#2050 = EDGE_CURVE ( 'NONE', #4716, #1874, #11, .T. ) ;
#2051 = ORIENTED_EDGE ( 'NONE', *, *, #1828, .F. ) ;
#2052 = ORIENTED_EDGE ( 'NONE', *, *, #4769, .F. ) ;
#2053 = DIRECTION ( 'NONE',  ( -1.000000000000000000, 0.0000000000000000000, 0.0000000000000000000 ) ) ;
#2054 = ORIENTED_EDGE ( 'NONE', *, *, #4837, .T. ) ;
#2055 = DIRECTION ( 'NONE',  ( -0.0000000000000000000, -0.0000000000000000000, -1.000000000000000000 ) ) ;
#2056 = ORIENTED_EDGE ( 'NONE', *, *, #3096, .T. ) ;
#2057 = PLANE ( 'NONE',  #2093 ) ;
#2058 = PLANE ( 'NONE',  #723 ) ;
#2059 = ADVANCED_FACE ( 'NONE', ( #3745 ), #1762, .T. ) ;
#2060 = AXIS2_PLACEMENT_3D ( 'NONE', #1029, #2519, #3258 ) ;
#2061 = PRESENTATION_STYLE_ASSIGNMENT (( #3630 ) ) ;
#2062 = ORIENTED_EDGE ( 'NONE', *, *, #3993, .T. ) ;
#2063 = PLANE ( 'NONE',  #621 ) ;
#2064 = FILL_AREA_STYLE_COLOUR ( '', #2538 ) ;
#2065 = COLOUR_RGB ( '',0.7921568627450980000, 0.8196078431372548800, 0.9333333333333333500 ) ;
#2066 = CARTESIAN_POINT ( 'NONE',  ( -1.500000000000000900, 0.7162000000000003900, -0.1099999999999995300 ) ) ;
#2067 = VECTOR ( 'NONE', #2135, 1000.000000000000000 ) ;
#2068 = CARTESIAN_POINT ( 'NONE',  ( -2.063842636575960100, 0.4748065572667322100, 1.110000000000000500 ) ) ;
#2069 = ORIENTED_EDGE ( 'NONE', *, *, #1998, .F. ) ;
#2070 = FACE_OUTER_BOUND ( 'NONE', #3159, .T. ) ;
#2071 = CARTESIAN_POINT ( 'NONE',  ( -1.886577241033763600, 0.4435498852866847600, -0.6099999999999995400 ) ) ;
#2072 = SURFACE_STYLE_FILL_AREA ( #4096 ) ;
#2073 = DIRECTION ( 'NONE',  ( -0.0000000000000000000, -0.0000000000000000000, -1.000000000000000000 ) ) ;
#2074 = ORIENTED_EDGE ( 'NONE', *, *, #1953, .F. ) ;
#2075 = CARTESIAN_POINT ( 'NONE',  ( -1.499999999999999300, 0.7162000000000003900, -1.500000000000000400 ) ) ;
#2076 = CYLINDRICAL_SURFACE ( 'NONE', #398, 0.1121194534934684100 ) ;
#2077 = CARTESIAN_POINT ( 'NONE',  ( -1.500000000000001100, 0.7162000000000003900, -0.8899999999999995700 ) ) ;
#2078 = AXIS2_PLACEMENT_3D ( 'NONE', #3314, #1824, #1472 ) ;
#2079 = SURFACE_SIDE_STYLE ('',( #31 ) ) ;
#2080 = ORIENTED_EDGE ( 'NONE', *, *, #143, .T. ) ;
#2081 = ADVANCED_FACE ( 'NONE', ( #2993 ), #1373, .F. ) ;
#2082 = ORIENTED_EDGE ( 'NONE', *, *, #475, .F. ) ;
#2083 = VERTEX_POINT ( 'NONE', #2525 ) ;
#2084 = CARTESIAN_POINT ( 'NONE',  ( 2.207681502606056800, 0.3047260107602004500, 0.8900000000000004600 ) ) ;
#2085 = EDGE_CURVE ( 'NONE', #2940, #3402, #1037, .T. ) ;
#2086 = VECTOR ( 'NONE', #1328, 1000.000000000000000 ) ;
#2087 = DIRECTION ( 'NONE',  ( -0.9986295347545741700, 0.05233595624293849900, -0.0000000000000000000 ) ) ;
#2088 = CARTESIAN_POINT ( 'NONE',  ( 1.500000000000000200, 1.099999999999999400, -1.432325704804092300 ) ) ;
#2089 = ORIENTED_EDGE ( 'NONE', *, *, #268, .T. ) ;
#2090 = VECTOR ( 'NONE', #4379, 1000.000000000000000 ) ;
#2091 = CARTESIAN_POINT ( 'NONE',  ( 1.500000000000000700, 0.7162000000000003900, -0.8899999999999995700 ) ) ;
#2092 = ORIENTED_EDGE ( 'NONE', *, *, #4600, .F. ) ;
#2093 = AXIS2_PLACEMENT_3D ( 'NONE', #1688, #596, #4356 ) ;
#2094 = DIRECTION ( 'NONE',  ( 2.355586009297741800E-015, -1.000000000000000000, 0.0000000000000000000 ) ) ;
#2095 = EDGE_CURVE ( 'NONE', #1563, #4571, #1201, .T. ) ;
#2096 = DIRECTION ( 'NONE',  ( -0.0000000000000000000, -0.0000000000000000000, -1.000000000000000000 ) ) ;
#2097 = ORIENTED_EDGE ( 'NONE', *, *, #1575, .F. ) ;
#2098 = DIRECTION ( 'NONE',  ( 0.05233595624293675700, 0.9986295347545742800, -0.0000000000000000000 ) ) ;
#2099 = DIRECTION ( 'NONE',  ( -0.05233595624293665300, 0.9986295347545742800, 0.0000000000000000000 ) ) ;
#2100 = LINE ( 'NONE', #1385, #4077 ) ;
#2101 = DIRECTION ( 'NONE',  ( -0.0000000000000000000, -0.0000000000000000000, -1.000000000000000000 ) ) ;
#2102 = CLOSED_SHELL ( 'NONE', ( #4235, #2794, #4001, #1578, #786, #2722, #56, #2430, #4732, #2297, #3951, #3593, #126, #4598 ) ) ;
#2103 = DIRECTION ( 'NONE',  ( 0.1736481776669305800, 0.9848077530122081300, 0.0000000000000000000 ) ) ;
#2104 = CARTESIAN_POINT ( 'NONE',  ( -1.499999999999999100, 0.7162000000000003900, 1.499999999999999100 ) ) ;
#2105 = CARTESIAN_POINT ( 'NONE',  ( 1.776161133969903700, 0.4240805465065317600, 0.6100000000000005400 ) ) ;
#2106 = CYLINDRICAL_SURFACE ( 'NONE', #1382, 0.1121194534934686200 ) ;
#2107 = ADVANCED_FACE ( 'NONE', ( #1887 ), #3278, .F. ) ;
#2108 = ORIENTED_EDGE ( 'NONE', *, *, #1745, .T. ) ;
#2109 = CARTESIAN_POINT ( 'NONE',  ( -1.072574600253919600, 0.9999999999999993300, -1.159618693102123300 ) ) ;
#2110 = VERTEX_POINT ( 'NONE', #1813 ) ;
#2111 = DIRECTION ( 'NONE',  ( -0.0000000000000000000, -0.0000000000000000000, -1.000000000000000000 ) ) ;
#2112 = DIRECTION ( 'NONE',  ( -0.1736481776669307200, 0.9848077530122080200, 0.0000000000000000000 ) ) ;
#2113 = ORIENTED_EDGE ( 'NONE', *, *, #520, .T. ) ;
#2114 = CARTESIAN_POINT ( 'NONE',  ( 2.450000000000000200, 0.1797533162558224400, -0.3899999999999995100 ) ) ;
#2115 = EDGE_CURVE ( 'NONE', #822, #3584, #3925, .T. ) ;
#2116 = ORIENTED_EDGE ( 'NONE', *, *, #4419, .T. ) ;
#2117 = VERTEX_POINT ( 'NONE', #1491 ) ;
#2118 = CARTESIAN_POINT ( 'NONE',  ( -2.207681502606056800, 0.3047260107602004500, -0.8899999999999995700 ) ) ;
#2119 = EDGE_CURVE ( 'NONE', #1396, #3579, #891, .T. ) ;
#2120 = EDGE_CURVE ( 'NONE', #1476, #915, #3262, .T. ) ;
#2121 = AXIS2_PLACEMENT_3D ( 'NONE', #3836, #3056, #377 ) ;
#2122 = VERTEX_POINT ( 'NONE', #2571 ) ;
#2123 = DIRECTION ( 'NONE',  ( -0.0000000000000000000, -0.0000000000000000000, -1.000000000000000000 ) ) ;
#2124 = EDGE_CURVE ( 'NONE', #1212, #2586, #2256, .T. ) ;
#2125 = LINE ( 'NONE', #2709, #4688 ) ;
#2126 = CARTESIAN_POINT ( 'NONE',  ( -1.776161133969903900, 0.5362000000000003400, -0.8899999999999995700 ) ) ;
#2127 = LINE ( 'NONE', #63, #1597 ) ;
#2128 = VECTOR ( 'NONE', #4378, 1000.000000000000000 ) ;
#2129 = VECTOR ( 'NONE', #2759, 1000.000000000000000 ) ;
#2130 = ADVANCED_FACE ( 'NONE', ( #3147 ), #4153, .F. ) ;
#2131 = VERTEX_POINT ( 'NONE', #2209 ) ;
#2132 = DIRECTION ( 'NONE',  ( -0.0000000000000000000, -0.0000000000000000000, -1.000000000000000000 ) ) ;
#2133 = VERTEX_POINT ( 'NONE', #3380 ) ;
#2134 = LINE ( 'NONE', #2166, #228 ) ;
#2135 = DIRECTION ( 'NONE',  ( -1.000000000000000000, 2.355586009297741800E-015, -0.0000000000000000000 ) ) ;
#2136 = ORIENTED_EDGE ( 'NONE', *, *, #2692, .F. ) ;
#2137 = CARTESIAN_POINT ( 'NONE',  ( -2.440579527876271600, -6.776263578034402700E-018, -0.8899999999999995700 ) ) ;
#2138 = CARTESIAN_POINT ( 'NONE',  ( 2.192393151670311500, 0.01300689682525813000, -1.109999999999999400 ) ) ;
#2139 = DIRECTION ( 'NONE',  ( 0.0000000000000000000, 0.0000000000000000000, 1.000000000000000000 ) ) ;
#2140 = CARTESIAN_POINT ( 'NONE',  ( 2.192393151670311500, 0.01300689682525813000, 0.6100000000000005400 ) ) ;
#2141 = EDGE_CURVE ( 'NONE', #1108, #1089, #2440, .T. ) ;
#2142 = DIRECTION ( 'NONE',  ( 0.05233595624293664600, -0.9986295347545742800, 0.0000000000000000000 ) ) ;
#2143 = CARTESIAN_POINT ( 'NONE',  ( 2.201813623794040400, 0.1927602130810809100, -0.8899999999999995700 ) ) ;
#2144 = LINE ( 'NONE', #1889, #537 ) ;
#2145 = AXIS2_PLACEMENT_3D ( 'NONE', #284, #1378, #1816 ) ;
#2146 = PLANE ( 'NONE',  #4670 ) ;
#2147 = ORIENTED_EDGE ( 'NONE', *, *, #1796, .T. ) ;
#2148 = CIRCLE ( 'NONE', #3792, 0.2921194534934680200 ) ;
#2149 = DIRECTION ( 'NONE',  ( 0.1736481776669282800, -0.9848077530122084600, 0.0000000000000000000 ) ) ;
#2150 = DIRECTION ( 'NONE',  ( -1.000000000000000000, 0.0000000000000000000, 0.0000000000000000000 ) ) ;
#2151 = ORIENTED_EDGE ( 'NONE', *, *, #70, .F. ) ;
#2152 = AXIS2_PLACEMENT_3D ( 'NONE', #1170, #400, #1653 ) ;
#2153 = FACE_OUTER_BOUND ( 'NONE', #920, .T. ) ;
#2154 = CARTESIAN_POINT ( 'NONE',  ( 1.432325704804092300, 1.099999999999999400, 1.499999999999998700 ) ) ;
#2155 = DIRECTION ( 'NONE',  ( -1.000000000000000000, 0.0000000000000000000, 0.0000000000000000000 ) ) ;
#2156 = ADVANCED_FACE ( 'NONE', ( #779 ), #296, .T. ) ;
#2157 = CARTESIAN_POINT ( 'NONE',  ( -1.920000000000000400, 0.2540000000000001100, -0.8899999999999995700 ) ) ;
#2158 = CARTESIAN_POINT ( 'NONE',  ( 2.201813623794040400, 0.1927602130810809100, 1.110000000000000500 ) ) ;
#2159 = DIRECTION ( 'NONE',  ( -0.0000000000000000000, -0.0000000000000000000, -1.000000000000000000 ) ) ;
#2160 = UNCERTAINTY_MEASURE_WITH_UNIT (LENGTH_MEASURE( 1.000000000000000100E-005 ), #4473, 'distance_accuracy_value', 'NONE');
#2161 = CARTESIAN_POINT ( 'NONE',  ( -1.886577241033763300, 0.4435498852866847600, 0.6100000000000005400 ) ) ;
#2162 = ORIENTED_EDGE ( 'NONE', *, *, #3212, .F. ) ;
#2163 = CIRCLE ( 'NONE', #4202, 0.2921194534934680200 ) ;
#2164 = ORIENTED_EDGE ( 'NONE', *, *, #3472, .T. ) ;
#2165 = EDGE_LOOP ( 'NONE', ( #367, #2097, #3646, #3781 ) ) ;
#2166 = CARTESIAN_POINT ( 'NONE',  ( -2.201813623794040400, 0.1927602130810807700, 1.110000000000000500 ) ) ;
#2167 = VERTEX_POINT ( 'NONE', #3712 ) ;
#2168 = ORIENTED_EDGE ( 'NONE', *, *, #588, .F. ) ;
#2169 = ORIENTED_EDGE ( 'NONE', *, *, #2802, .T. ) ;
#2170 = DIRECTION ( 'NONE',  ( -0.9848077530122082400, 0.1736481776669294200, 0.0000000000000000000 ) ) ;
#2171 = CARTESIAN_POINT ( 'NONE',  ( -1.500000000000001100, 0.7162000000000003900, -0.3899999999999995100 ) ) ;
#2172 = ORIENTED_EDGE ( 'NONE', *, *, #328, .T. ) ;
#2173 = CARTESIAN_POINT ( 'NONE',  ( 2.063842636575960600, 0.4748065572667323800, 1.110000000000000500 ) ) ;
#2174 = ORIENTED_EDGE ( 'NONE', *, *, #2492, .T. ) ;
#2175 =( LENGTH_UNIT ( ) NAMED_UNIT ( * ) SI_UNIT ( .MILLI., .METRE. ) );
#2176 = CARTESIAN_POINT ( 'NONE',  ( 1.776161133969903500, 0.4240805465065317600, -0.3899999999999995100 ) ) ;
#2177 = DIRECTION ( 'NONE',  ( -1.000000000000000000, 0.0000000000000000000, 0.0000000000000000000 ) ) ;
#2178 = CIRCLE ( 'NONE', #3832, 0.2921194534934680200 ) ;
#2179 = ORIENTED_EDGE ( 'NONE', *, *, #2016, .T. ) ;
#2180 = ADVANCED_FACE ( 'NONE', ( #480 ), #1248, .F. ) ;
#2181 = EDGE_CURVE ( 'NONE', #1058, #2735, #2785, .T. ) ;
#2182 = AXIS2_PLACEMENT_3D ( 'NONE', #1712, #2096, #232 ) ;
#2183 = DIRECTION ( 'NONE',  ( -1.000000000000000000, -0.0000000000000000000, 1.445602896647339200E-016 ) ) ;
#2184 = DIRECTION ( 'NONE',  ( 0.0000000000000000000, 0.0000000000000000000, 1.000000000000000000 ) ) ;
#2185 = DIRECTION ( 'NONE',  ( -0.0000000000000000000, -0.0000000000000000000, -1.000000000000000000 ) ) ;
#2186 = CIRCLE ( 'NONE', #659, 0.1121194534934684100 ) ;
#2187 = AXIS2_PLACEMENT_3D ( 'NONE', #3626, #226, #4794 ) ;
#2188 = EDGE_CURVE ( 'NONE', #4428, #139, #240, .T. ) ;
#2189 = CIRCLE ( 'NONE', #1955, 0.1121194534934686200 ) ;
#2190 = DIRECTION ( 'NONE',  ( -0.9986295347545742800, 0.05233595624293722200, 0.0000000000000000000 ) ) ;
#2191 = LINE ( 'NONE', #261, #1537 ) ;
#2192 = DIRECTION ( 'NONE',  ( 0.0000000000000000000, 1.000000000000000000, 0.0000000000000000000 ) ) ;
#2193 = ORIENTED_EDGE ( 'NONE', *, *, #3768, .T. ) ;
#2194 = ORIENTED_EDGE ( 'NONE', *, *, #2235, .T. ) ;
#2195 = VECTOR ( 'NONE', #4879, 1000.000000000000000 ) ;
#2196 = DIRECTION ( 'NONE',  ( 0.1736481776669293900, -0.9848077530122082400, 0.0000000000000000000 ) ) ;
#2197 = PLANE ( 'NONE',  #3577 ) ;
#2198 = ORIENTED_EDGE ( 'NONE', *, *, #2363, .F. ) ;
#2199 = CARTESIAN_POINT ( 'NONE',  ( -1.776161133969903700, 0.7161999999999997300, 0.1100000000000005000 ) ) ;
#2200 = VECTOR ( 'NONE', #222, 1000.000000000000000 ) ;
#2201 = CARTESIAN_POINT ( 'NONE',  ( 2.201813623794040400, 0.1927602130810809100, -1.109999999999999400 ) ) ;
#2202 = ORIENTED_EDGE ( 'NONE', *, *, #2849, .F. ) ;
#2203 = ORIENTED_EDGE ( 'NONE', *, *, #4329, .T. ) ;
#2204 = DIRECTION ( 'NONE',  ( -0.0000000000000000000, -0.0000000000000000000, -1.000000000000000000 ) ) ;
#2205 = LINE ( 'NONE', #644, #1791 ) ;
#2206 = EDGE_CURVE ( 'NONE', #806, #2699, #3385, .T. ) ;
#2207 = ORIENTED_EDGE ( 'NONE', *, *, #961, .T. ) ;
#2208 = CARTESIAN_POINT ( 'NONE',  ( -2.201813623794040400, 0.1927602130810808800, -0.6099999999999995400 ) ) ;
#2209 = CARTESIAN_POINT ( 'NONE',  ( -1.886577241033763300, 0.4435498852866847600, -0.1099999999999995300 ) ) ;
#2210 = EDGE_CURVE ( 'NONE', #1622, #486, #2615, .T. ) ;
#2211 = EDGE_CURVE ( 'NONE', #2713, #3091, #2144, .T. ) ;
#2212 = FACE_OUTER_BOUND ( 'NONE', #1652, .T. ) ;
#2213 = DIRECTION ( 'NONE',  ( 0.0000000000000000000, 0.0000000000000000000, 1.000000000000000000 ) ) ;
#2214 = CARTESIAN_POINT ( 'NONE',  ( -2.063842636575960100, 0.4748065572667322100, -0.3899999999999995100 ) ) ;
#2215 = DIRECTION ( 'NONE',  ( -3.925976682162903200E-016, 1.000000000000000000, 0.0000000000000000000 ) ) ;
#2216 = CARTESIAN_POINT ( 'NONE',  ( -1.776161133969903900, 0.7161999999999997300, -0.3899999999999995100 ) ) ;
#2217 = VERTEX_POINT ( 'NONE', #1096 ) ;
#2218 = PLANE ( 'NONE',  #1932 ) ;
#2219 = LINE ( 'NONE', #1139, #1268 ) ;
#2220 = CARTESIAN_POINT ( 'NONE',  ( 1.500000000000000900, 0.5362000000000004500, 0.3900000000000004600 ) ) ;
#2221 = ORIENTED_EDGE ( 'NONE', *, *, #1706, .F. ) ;
#2222 = FACE_OUTER_BOUND ( 'NONE', #1045, .T. ) ;
#2223 = DIRECTION ( 'NONE',  ( -0.0000000000000000000, -0.0000000000000000000, -1.000000000000000000 ) ) ;
#2224 = DIRECTION ( 'NONE',  ( 0.9986295347545742800, -0.05233595624293850600, 0.0000000000000000000 ) ) ;
#2225 = VERTEX_POINT ( 'NONE', #1161 ) ;
#2226 = VERTEX_POINT ( 'NONE', #2339 ) ;
#2227 = ORIENTED_EDGE ( 'NONE', *, *, #4664, .F. ) ;
#2228 = DIRECTION ( 'NONE',  ( 0.0000000000000000000, -1.000000000000000000, 0.0000000000000000000 ) ) ;
#2229 = PLANE ( 'NONE',  #473 ) ;
#2230 = ORIENTED_EDGE ( 'NONE', *, *, #1676, .F. ) ;
#2231 = ORIENTED_EDGE ( 'NONE', *, *, #460, .F. ) ;
#2232 = DIRECTION ( 'NONE',  ( -0.9986295347545742800, -0.05233595624293664600, 0.0000000000000000000 ) ) ;
#2233 = ORIENTED_EDGE ( 'NONE', *, *, #2095, .T. ) ;
#2234 = CARTESIAN_POINT ( 'NONE',  ( 2.097265395542197400, 0.2852566719800475000, 1.110000000000000500 ) ) ;
#2235 = EDGE_CURVE ( 'NONE', #481, #1981, #662, .T. ) ;
#2236 = CARTESIAN_POINT ( 'NONE',  ( -2.097265395542197400, 0.2852566719800474500, -0.6099999999999995400 ) ) ;
#2237 = AXIS2_PLACEMENT_3D ( 'NONE', #3071, #47, #3869 ) ;
#2238 = DIRECTION ( 'NONE',  ( -0.05233595624293850600, -0.9986295347545742800, 0.0000000000000000000 ) ) ;
#2239 = ORIENTED_EDGE ( 'NONE', *, *, #3895, .T. ) ;
#2240 = VECTOR ( 'NONE', #2501, 1000.000000000000000 ) ;
#2241 = EDGE_CURVE ( 'NONE', #115, #989, #1852, .T. ) ;
#2242 = PLANE ( 'NONE',  #4799 ) ;
#2243 = SURFACE_STYLE_USAGE ( .BOTH. , #3023 ) ;
#2244 = EDGE_LOOP ( 'NONE', ( #2359, #2812, #148, #1188 ) ) ;
#2245 = CYLINDRICAL_SURFACE ( 'NONE', #35, 0.2921194534934680200 ) ;
#2246 = CARTESIAN_POINT ( 'NONE',  ( 1.500000000000000200, 0.7162000000000003900, -1.500000000000000900 ) ) ;
#2247 = ORIENTED_EDGE ( 'NONE', *, *, #778, .F. ) ;
#2248 = DIRECTION ( 'NONE',  ( 0.0000000000000000000, 0.0000000000000000000, 1.000000000000000000 ) ) ;
#2249 = CARTESIAN_POINT ( 'NONE',  ( 1.500000000000000700, 0.7162000000000003900, -0.8899999999999995700 ) ) ;
#2250 = ORIENTED_EDGE ( 'NONE', *, *, #3602, .T. ) ;
#2251 = LINE ( 'NONE', #4203, #3498 ) ;
#2252 = EDGE_CURVE ( 'NONE', #2879, #1517, #114, .T. ) ;
#2253 = ADVANCED_FACE ( 'NONE', ( #604 ), #4604, .F. ) ;
#2254 = CLOSED_SHELL ( 'NONE', ( #3518, #1529, #487, #1302, #2998, #8, #1206, #930, #3493, #4553, #905, #1156, #861, #2871 ) ) ;
#2255 = DIRECTION ( 'NONE',  ( -1.000000000000000000, 0.0000000000000000000, 0.0000000000000000000 ) ) ;
#2256 = LINE ( 'NONE', #672, #1365 ) ;
#2257 = CARTESIAN_POINT ( 'NONE',  ( -2.201813623794040400, 0.1927602130810808800, -0.8899999999999995700 ) ) ;
#2258 = ORIENTED_EDGE ( 'NONE', *, *, #4387, .T. ) ;
#2259 = ORIENTED_EDGE ( 'NONE', *, *, #3853, .T. ) ;
#2260 = LINE ( 'NONE', #2315, #3448 ) ;
#2261 = DIRECTION ( 'NONE',  ( 0.1736481776669293900, -0.9848077530122082400, 0.0000000000000000000 ) ) ;
#2262 = ORIENTED_EDGE ( 'NONE', *, *, #2141, .F. ) ;
#2263 =( NAMED_UNIT ( * ) PLANE_ANGLE_UNIT ( ) SI_UNIT ( $, .RADIAN. ) );
#2264 = EDGE_CURVE ( 'NONE', #1455, #3057, #3028, .T. ) ;
#2265 = DIRECTION ( 'NONE',  ( -0.0000000000000000000, -0.0000000000000000000, -1.000000000000000000 ) ) ;
#2266 = EDGE_CURVE ( 'NONE', #2574, #4020, #1134, .T. ) ;
#2267 = ORIENTED_EDGE ( 'NONE', *, *, #160, .F. ) ;
#2268 = LINE ( 'NONE', #4536, #1499 ) ;
#2269 = ADVANCED_FACE ( 'NONE', ( #4053 ), #3829, .F. ) ;
#2270 = DIRECTION ( 'NONE',  ( -1.000000000000000000, 0.0000000000000000000, 0.0000000000000000000 ) ) ;
#2271 = DIRECTION ( 'NONE',  ( -1.000000000000000000, 0.0000000000000000000, 0.0000000000000000000 ) ) ;
#2272 = ORIENTED_EDGE ( 'NONE', *, *, #656, .F. ) ;
#2273 = FACE_OUTER_BOUND ( 'NONE', #1632, .T. ) ;
#2274 = DIRECTION ( 'NONE',  ( 1.000000000000000000, 0.0000000000000000000, 0.0000000000000000000 ) ) ;
#2275 = AXIS2_PLACEMENT_3D ( 'NONE', #4568, #3017, #2645 ) ;
#2276 = EDGE_CURVE ( 'NONE', #3939, #2961, #838, .T. ) ;
#2277 = ORIENTED_EDGE ( 'NONE', *, *, #3631, .F. ) ;
#2278 = VERTEX_POINT ( 'NONE', #2681 ) ;
#2279 = DIRECTION ( 'NONE',  ( -0.0000000000000000000, -0.0000000000000000000, -1.000000000000000000 ) ) ;
#2280 = ORIENTED_EDGE ( 'NONE', *, *, #1990, .F. ) ;
#2281 = DIRECTION ( 'NONE',  ( -1.000000000000000000, 2.355586009297741800E-015, -0.0000000000000000000 ) ) ;
#2282 = ORIENTED_EDGE ( 'NONE', *, *, #488, .F. ) ;
#2283 = ORIENTED_EDGE ( 'NONE', *, *, #4851, .F. ) ;
#2284 = ORIENTED_EDGE ( 'NONE', *, *, #1477, .F. ) ;
#2285 = DIRECTION ( 'NONE',  ( 0.0000000000000000000, 0.0000000000000000000, 1.000000000000000000 ) ) ;
#2286 = CARTESIAN_POINT ( 'NONE',  ( 2.450000000000000200, 0.1797533162558224400, -0.8899999999999995700 ) ) ;
#2287 = ORIENTED_EDGE ( 'NONE', *, *, #2768, .T. ) ;
#2288 = DIRECTION ( 'NONE',  ( -1.000000000000000000, -2.355586009297741800E-015, 0.0000000000000000000 ) ) ;
#2289 = PLANE ( 'NONE',  #3736 ) ;
#2290 = CIRCLE ( 'NONE', #3538, 0.2921194534934682400 ) ;
#2291 = ORIENTED_EDGE ( 'NONE', *, *, #1313, .T. ) ;
#2292 = CARTESIAN_POINT ( 'NONE',  ( -1.776161133969903700, 0.4240805465065317600, 0.6100000000000005400 ) ) ;
#2293 =( LENGTH_UNIT ( ) NAMED_UNIT ( * ) SI_UNIT ( .MILLI., .METRE. ) );
#2294 = DIRECTION ( 'NONE',  ( 0.1736481776669293900, 0.9848077530122082400, -0.0000000000000000000 ) ) ;
#2295 = EDGE_CURVE ( 'NONE', #3757, #293, #2560, .T. ) ;
#2296 = CARTESIAN_POINT ( 'NONE',  ( 1.776161133969903500, 0.5362000000000003400, -0.3899999999999995100 ) ) ;
#2297 = ADVANCED_FACE ( 'NONE', ( #1019 ), #3506, .T. ) ;
#2298 = CARTESIAN_POINT ( 'NONE',  ( 1.500000000000000900, 0.7162000000000003900, -0.1099999999999995300 ) ) ;
#2299 = EDGE_CURVE ( 'NONE', #3513, #3495, #3680, .T. ) ;
#2300 = EDGE_CURVE ( 'NONE', #3939, #1877, #4415, .T. ) ;
#2301 = DIRECTION ( 'NONE',  ( -1.000000000000000000, -3.925976682162903200E-016, 0.0000000000000000000 ) ) ;
#2302 = FACE_OUTER_BOUND ( 'NONE', #3195, .T. ) ;
#2303 = DIRECTION ( 'NONE',  ( -0.0000000000000000000, -0.0000000000000000000, -1.000000000000000000 ) ) ;
#2304 = CARTESIAN_POINT ( 'NONE',  ( -2.450000000000000200, 0.1797533162558227800, 1.110000000000000500 ) ) ;
#2305 = ORIENTED_EDGE ( 'NONE', *, *, #3519, .T. ) ;
#2306 = ORIENTED_EDGE ( 'NONE', *, *, #2771, .F. ) ;
#2307 = LINE ( 'NONE', #2373, #1293 ) ;
#2308 = LINE ( 'NONE', #3377, #3255 ) ;
#2309 = AXIS2_PLACEMENT_3D ( 'NONE', #4923, #1841, #4519 ) ;
#2310 = CARTESIAN_POINT ( 'NONE',  ( 1.776161133969903700, 0.4240805465065317600, -0.1099999999999995300 ) ) ;
#2311 = CARTESIAN_POINT ( 'NONE',  ( 2.207681502606056800, 0.3047260107602004500, 0.6100000000000005400 ) ) ;
#2312 = ORIENTED_EDGE ( 'NONE', *, *, #366, .F. ) ;
#2313 = UNCERTAINTY_MEASURE_WITH_UNIT (LENGTH_MEASURE( 1.000000000000000100E-005 ), #3095, 'distance_accuracy_value', 'NONE');
#2314 = DIRECTION ( 'NONE',  ( 0.0000000000000000000, 0.0000000000000000000, 1.000000000000000000 ) ) ;
#2315 = CARTESIAN_POINT ( 'NONE',  ( 2.201813623794040400, 0.1927602130810809100, 0.6100000000000005400 ) ) ;
#2316 = LINE ( 'NONE', #1450, #170 ) ;
#2317 = VERTEX_POINT ( 'NONE', #3081 ) ;
#2318 = PLANE ( 'NONE',  #2773 ) ;
#2319 = DIRECTION ( 'NONE',  ( 0.0000000000000000000, -1.000000000000000000, 0.0000000000000000000 ) ) ;
#2320 = FACE_OUTER_BOUND ( 'NONE', #3264, .T. ) ;
#2321 = ORIENTED_EDGE ( 'NONE', *, *, #4298, .F. ) ;
#2322 = ORIENTED_EDGE ( 'NONE', *, *, #3660, .F. ) ;
#2323 = CARTESIAN_POINT ( 'NONE',  ( 1.776161133969903700, 0.4240805465065317600, 1.110000000000000500 ) ) ;
#2324 = CARTESIAN_POINT ( 'NONE',  ( 2.450000000000000200, 0.1797533162558224400, 0.6100000000000005400 ) ) ;
#2325 = CIRCLE ( 'NONE', #627, 0.2921194534934680200 ) ;
#2326 = VERTEX_POINT ( 'NONE', #1144 ) ;
#2327 = ADVANCED_FACE ( 'NONE', ( #4290 ), #4835, .T. ) ;
#2328 = CARTESIAN_POINT ( 'NONE',  ( 1.776161133969903700, 0.4240805465065317600, 0.1100000000000005000 ) ) ;
#2329 = CARTESIAN_POINT ( 'NONE',  ( -1.072574600253919600, 0.9999999999999993300, -1.015223721361092800 ) ) ;
#2330 = LINE ( 'NONE', #266, #65 ) ;
#2331 = PLANE ( 'NONE',  #4842 ) ;
#2332 = CARTESIAN_POINT ( 'NONE',  ( 2.192393151670311500, 0.01300689682525813000, 1.110000000000000500 ) ) ;
#2333 = ORIENTED_EDGE ( 'NONE', *, *, #1697, .F. ) ;
#2334 = AXIS2_PLACEMENT_3D ( 'NONE', #2328, #4592, #1942 ) ;
#2335 = DIRECTION ( 'NONE',  ( 0.0000000000000000000, 0.0000000000000000000, 1.000000000000000000 ) ) ;
#2336 = CARTESIAN_POINT ( 'NONE',  ( -2.201813623794040400, 0.1927602130810808800, -0.3899999999999995100 ) ) ;
#2337 = VERTEX_POINT ( 'NONE', #1906 ) ;
#2338 = CIRCLE ( 'NONE', #1227, 0.1121194534934686200 ) ;
#2339 = CARTESIAN_POINT ( 'NONE',  ( -1.072574600253919600, 0.9999999999999993300, -0.8708287496200622900 ) ) ;
#2340 = CARTESIAN_POINT ( 'NONE',  ( 2.207681502606056800, 0.3047260107602004500, -0.1099999999999995300 ) ) ;
#2341 = EDGE_CURVE ( 'NONE', #1252, #825, #3796, .T. ) ;
#2342 = AXIS2_PLACEMENT_3D ( 'NONE', #3918, #2023, #4744 ) ;
#2343 = ORIENTED_EDGE ( 'NONE', *, *, #4348, .T. ) ;
#2344 = FACE_OUTER_BOUND ( 'NONE', #3053, .T. ) ;
#2345 = CARTESIAN_POINT ( 'NONE',  ( -2.063842636575960100, 0.4748065572667322100, -0.8899999999999995700 ) ) ;
#2346 = ORIENTED_EDGE ( 'NONE', *, *, #235, .T. ) ;
#2347 = ORIENTED_EDGE ( 'NONE', *, *, #1390, .T. ) ;
#2348 = CARTESIAN_POINT ( 'NONE',  ( 0.0000000000000000000, 0.0000000000000000000, 0.0000000000000000000 ) ) ;
#2349 = AXIS2_PLACEMENT_3D ( 'NONE', #4471, #2170, #4848 ) ;
#2350 = EDGE_CURVE ( 'NONE', #910, #1330, #725, .T. ) ;
#2351 = ORIENTED_EDGE ( 'NONE', *, *, #4509, .F. ) ;
#2352 = ORIENTED_EDGE ( 'NONE', *, *, #2711, .T. ) ;
#2353 = ADVANCED_FACE ( 'NONE', ( #2666 ), #4704, .F. ) ;
#2354 = ORIENTED_EDGE ( 'NONE', *, *, #1602, .F. ) ;
#2355 = LINE ( 'NONE', #33, #816 ) ;
#2356 = CARTESIAN_POINT ( 'NONE',  ( -1.500000000000000900, 0.7162000000000003900, 0.3900000000000004600 ) ) ;
#2357 = CARTESIAN_POINT ( 'NONE',  ( -1.920000000000000400, 0.2540000000000001100, 0.6100000000000005400 ) ) ;
#2358 = FACE_OUTER_BOUND ( 'NONE', #3084, .T. ) ;
#2359 = ORIENTED_EDGE ( 'NONE', *, *, #1859, .T. ) ;
#2360 = EDGE_CURVE ( 'NONE', #629, #546, #1, .T. ) ;
#2361 = LINE ( 'NONE', #2356, #2428 ) ;
#2362 = LINE ( 'NONE', #1223, #3016 ) ;
#2363 = EDGE_CURVE ( 'NONE', #136, #486, #1904, .T. ) ;
#2364 = VERTEX_POINT ( 'NONE', #860 ) ;
#2365 = EDGE_CURVE ( 'NONE', #2961, #3731, #2915, .T. ) ;
#2366 = ORIENTED_EDGE ( 'NONE', *, *, #3963, .T. ) ;
#2367 = CARTESIAN_POINT ( 'NONE',  ( -1.776161133969903700, 0.5362000000000003400, 0.1100000000000005000 ) ) ;
#2368 = FACE_OUTER_BOUND ( 'NONE', #887, .T. ) ;
#2369 = DIRECTION ( 'NONE',  ( 0.0000000000000000000, 0.0000000000000000000, 1.000000000000000000 ) ) ;
#2370 = LINE ( 'NONE', #2480, #4231 ) ;
#2371 = MANIFOLD_SOLID_BREP ( 'LPattern1[1]', #3054 ) ;
#2372 = AXIS2_PLACEMENT_3D ( 'NONE', #4611, #2009, #3101 ) ;
#2373 = CARTESIAN_POINT ( 'NONE',  ( -1.500000000000000900, 0.7162000000000003900, 0.8900000000000004600 ) ) ;
#2374 = LINE ( 'NONE', #2518, #4947 ) ;
#2375 = CARTESIAN_POINT ( 'NONE',  ( -2.450000000000000200, 0.1797533162558227800, 0.6100000000000005400 ) ) ;
#2376 = PLANE ( 'NONE',  #390 ) ;
#2377 = EDGE_LOOP ( 'NONE', ( #1946, #3952, #3652, #2259 ) ) ;
#2378 = ADVANCED_FACE ( 'NONE', ( #1660 ), #3130, .F. ) ;
#2379 = VECTOR ( 'NONE', #3861, 1000.000000000000000 ) ;
#2380 = DIRECTION ( 'NONE',  ( 0.1710878697460358500, -0.9702875252478138100, -0.1710878697460359000 ) ) ;
#2381 = ORIENTED_EDGE ( 'NONE', *, *, #3318, .F. ) ;
#2382 = CARTESIAN_POINT ( 'NONE',  ( 1.500000000000000900, 0.7162000000000003900, 0.6100000000000005400 ) ) ;
#2383 = ORIENTED_EDGE ( 'NONE', *, *, #216, .F. ) ;
#2384 = LINE ( 'NONE', #1285, #3206 ) ;
#2385 = VERTEX_POINT ( 'NONE', #1633 ) ;
#2386 = LINE ( 'NONE', #82, #4655 ) ;
#2387 = VERTEX_POINT ( 'NONE', #1210 ) ;
#2388 = CARTESIAN_POINT ( 'NONE',  ( -1.776161133969903700, 0.4240805465065317600, -0.1099999999999995300 ) ) ;
#2389 = CARTESIAN_POINT ( 'NONE',  ( -1.499999999999999100, 0.7162000000000003900, 1.499999999999999100 ) ) ;
#2390 = ORIENTED_EDGE ( 'NONE', *, *, #4397, .F. ) ;
#2391 = VECTOR ( 'NONE', #2661, 1000.000000000000000 ) ;
#2392 = DIRECTION ( 'NONE',  ( -0.0000000000000000000, -0.0000000000000000000, -1.000000000000000000 ) ) ;
#2393 = EDGE_CURVE ( 'NONE', #3057, #3194, #1898, .T. ) ;
#2394 = DIRECTION ( 'NONE',  ( 1.000000000000000000, 0.0000000000000000000, 0.0000000000000000000 ) ) ;
#2395 = AXIS2_PLACEMENT_3D ( 'NONE', #2411, #531, #1262 ) ;
#2396 = ORIENTED_EDGE ( 'NONE', *, *, #328, .F. ) ;
#2397 = CARTESIAN_POINT ( 'NONE',  ( -1.776161133969903700, 0.7161999999999997300, 1.110000000000000500 ) ) ;
#2398 = VECTOR ( 'NONE', #2487, 1000.000000000000000 ) ;
#2399 = CARTESIAN_POINT ( 'NONE',  ( -1.500000000000001100, 0.5362000000000004500, -0.6099999999999995400 ) ) ;
#2400 = EDGE_LOOP ( 'NONE', ( #3653, #2413, #4042, #799 ) ) ;
#2401 = ORIENTED_EDGE ( 'NONE', *, *, #1765, .F. ) ;
#2402 = ORIENTED_EDGE ( 'NONE', *, *, #83, .F. ) ;
#2403 = DIRECTION ( 'NONE',  ( 0.1736481776669305800, 0.9848077530122081300, 0.0000000000000000000 ) ) ;
#2404 = DIRECTION ( 'NONE',  ( -0.0000000000000000000, -0.0000000000000000000, -1.000000000000000000 ) ) ;
#2405 = CLOSED_SHELL ( 'NONE', ( #1352, #1973, #4758, #1902, #615, #3193, #3045, #4257, #4161, #372, #234, #404, #1376, #1325 ) ) ;
#2406 = ADVANCED_FACE ( 'NONE', ( #1360 ), #1988, .F. ) ;
#2407 = STYLED_ITEM ( 'NONE', ( #2686 ), #1552 ) ;
#2408 = VERTEX_POINT ( 'NONE', #3144 ) ;
#2409 = ORIENTED_EDGE ( 'NONE', *, *, #814, .F. ) ;
#2410 = EDGE_LOOP ( 'NONE', ( #1166, #2284, #1267, #1247 ) ) ;
#2411 = CARTESIAN_POINT ( 'NONE',  ( 1.500000000000000700, 0.5362000000000004500, -0.8899999999999995700 ) ) ;
#2412 = CARTESIAN_POINT ( 'NONE',  ( 1.776161133969903500, 0.7161999999999997300, -0.6099999999999995400 ) ) ;
#2413 = ORIENTED_EDGE ( 'NONE', *, *, #3820, .F. ) ;
#2414 = DIRECTION ( 'NONE',  ( -0.1736481776669282800, 0.9848077530122084600, -0.0000000000000000000 ) ) ;
#2415 = CARTESIAN_POINT ( 'NONE',  ( -1.920000000000000400, 0.2540000000000001100, -0.1099999999999995300 ) ) ;
#2416 = DIRECTION ( 'NONE',  ( 1.000000000000000000, 0.0000000000000000000, 0.0000000000000000000 ) ) ;
#2417 = LINE ( 'NONE', #4312, #392 ) ;
#2418 = CARTESIAN_POINT ( 'NONE',  ( 1.886577241033763300, 0.4435498852866847600, 1.110000000000000500 ) ) ;
#2419 = DIRECTION ( 'NONE',  ( -0.0000000000000000000, -0.0000000000000000000, -1.000000000000000000 ) ) ;
#2420 = LINE ( 'NONE', #1372, #2006 ) ;
#2421 = CIRCLE ( 'NONE', #4420, 0.1121194534934684100 ) ;
#2422 = DIRECTION ( 'NONE',  ( -0.0000000000000000000, 1.000000000000000000, -0.0000000000000000000 ) ) ;
#2423 = DIRECTION ( 'NONE',  ( 1.000000000000000000, 0.0000000000000000000, 0.0000000000000000000 ) ) ;
#2424 = ORIENTED_EDGE ( 'NONE', *, *, #2643, .T. ) ;
#2425 = PRESENTATION_LAYER_ASSIGNMENT (  '', '', ( #1657 ) ) ;
#2426 = FACE_OUTER_BOUND ( 'NONE', #3327, .T. ) ;
#2427 = PLANE ( 'NONE',  #3864 ) ;
#2428 = VECTOR ( 'NONE', #14, 1000.000000000000000 ) ;
#2429 = VECTOR ( 'NONE', #2920, 1000.000000000000000 ) ;
#2430 = ADVANCED_FACE ( 'NONE', ( #4525 ), #1962, .F. ) ;
#2431 = VERTEX_POINT ( 'NONE', #2367 ) ;
#2432 = DIRECTION ( 'NONE',  ( 1.000000000000000000, 0.0000000000000000000, 0.0000000000000000000 ) ) ;
#2433 = EDGE_CURVE ( 'NONE', #2225, #1284, #1303, .T. ) ;
#2434 = FACE_OUTER_BOUND ( 'NONE', #3490, .T. ) ;
#2435 = AXIS2_PLACEMENT_3D ( 'NONE', #4269, #4695, #505 ) ;
#2436 = AXIS2_PLACEMENT_3D ( 'NONE', #777, #3422, #4162 ) ;
#2437 = MANIFOLD_SOLID_BREP ( 'LPattern1[7]', #2254 ) ;
#2438 = VERTEX_POINT ( 'NONE', #4322 ) ;
#2439 = DIRECTION ( 'NONE',  ( -1.000000000000000000, -0.0000000000000000000, 1.445602896647339400E-016 ) ) ;
#2440 = LINE ( 'NONE', #1461, #4709 ) ;
#2441 = ORIENTED_EDGE ( 'NONE', *, *, #4067, .F. ) ;
#2442 = AXIS2_PLACEMENT_3D ( 'NONE', #4123, #965, #1069 ) ;
#2443 = CARTESIAN_POINT ( 'NONE',  ( 1.500000000000000900, 0.7162000000000003900, -0.1099999999999995300 ) ) ;
#2444 = CARTESIAN_POINT ( 'NONE',  ( 1.432325704804092000, 0.1524000000000005600, 1.432325704804089800 ) ) ;
#2445 = EDGE_CURVE ( 'NONE', #3168, #4915, #3502, .T. ) ;
#2446 = ORIENTED_EDGE ( 'NONE', *, *, #3475, .T. ) ;
#2447 = VECTOR ( 'NONE', #4752, 1000.000000000000100 ) ;
#2448 =( NAMED_UNIT ( * ) SI_UNIT ( $, .STERADIAN. ) SOLID_ANGLE_UNIT ( ) );
#2449 = ORIENTED_EDGE ( 'NONE', *, *, #4360, .T. ) ;
#2450 = VECTOR ( 'NONE', #2816, 1000.000000000000000 ) ;
#2451 = CARTESIAN_POINT ( 'NONE',  ( 1.500000000000000900, 0.7162000000000003900, 1.499999999999998700 ) ) ;
#2452 = ORIENTED_EDGE ( 'NONE', *, *, #1602, .T. ) ;
#2453 = DIRECTION ( 'NONE',  ( -0.0000000000000000000, -0.0000000000000000000, -1.000000000000000000 ) ) ;
#2454 = COLOUR_RGB ( '',0.7921568627450980000, 0.8196078431372548800, 0.9333333333333333500 ) ;
#2455 = CARTESIAN_POINT ( 'NONE',  ( 2.450000000000000200, 0.1797533162558224400, -0.3899999999999995100 ) ) ;
#2456 = ADVANCED_FACE ( 'NONE', ( #3143 ), #3171, .F. ) ;
#2457 = ORIENTED_EDGE ( 'NONE', *, *, #3360, .F. ) ;
#2458 = FACE_OUTER_BOUND ( 'NONE', #2726, .T. ) ;
#2459 = ORIENTED_EDGE ( 'NONE', *, *, #1408, .F. ) ;
#2460 = ORIENTED_EDGE ( 'NONE', *, *, #1343, .T. ) ;
#2461 = EDGE_CURVE ( 'NONE', #4205, #2122, #2732, .T. ) ;
#2462 = FACE_OUTER_BOUND ( 'NONE', #2918, .T. ) ;
#2463 = EDGE_CURVE ( 'NONE', #190, #535, #1072, .T. ) ;
#2464 = EDGE_LOOP ( 'NONE', ( #2113, #178, #27, #2089 ) ) ;
#2465 = ORIENTED_EDGE ( 'NONE', *, *, #1321, .T. ) ;
#2466 = CARTESIAN_POINT ( 'NONE',  ( -2.063842636575960100, 0.4748065572667322100, 1.110000000000000500 ) ) ;
#2467 = DIRECTION ( 'NONE',  ( -0.0000000000000000000, -0.0000000000000000000, -1.000000000000000000 ) ) ;
#2468 = VERTEX_POINT ( 'NONE', #976 ) ;
#2469 = DIRECTION ( 'NONE',  ( 0.0000000000000000000, 0.0000000000000000000, 1.000000000000000000 ) ) ;
#2470 = VERTEX_POINT ( 'NONE', #2859 ) ;
#2471 = CARTESIAN_POINT ( 'NONE',  ( -1.776161133969903900, 0.4240805465065317600, -1.109999999999999400 ) ) ;
#2472 = EDGE_CURVE ( 'NONE', #2989, #953, #1131, .T. ) ;
#2473 = CARTESIAN_POINT ( 'NONE',  ( -2.097265395542197400, 0.2852566719800474500, 1.110000000000000500 ) ) ;
#2474 = CYLINDRICAL_SURFACE ( 'NONE', #4640, 0.1443949717410304700 ) ;
#2475 = ORIENTED_EDGE ( 'NONE', *, *, #4149, .T. ) ;
#2476 = DIRECTION ( 'NONE',  ( -1.000000000000000000, 0.0000000000000000000, 0.0000000000000000000 ) ) ;
#2477 = DIRECTION ( 'NONE',  ( -1.000000000000000000, 0.0000000000000000000, 0.0000000000000000000 ) ) ;
#2478 = VECTOR ( 'NONE', #2651, 1000.000000000000000 ) ;
#2479 = ADVANCED_FACE ( 'NONE', ( #176 ), #938, .F. ) ;
#2480 = CARTESIAN_POINT ( 'NONE',  ( -1.500000000000000900, 0.7162000000000003900, 0.1100000000000005000 ) ) ;
#2481 = VERTEX_POINT ( 'NONE', #2455 ) ;
#2482 = DIRECTION ( 'NONE',  ( 0.9986295347545742800, 0.05233595624293665300, -0.0000000000000000000 ) ) ;
#2483 = CIRCLE ( 'NONE', #4671, 0.1121194534934686200 ) ;
#2484 = ORIENTED_EDGE ( 'NONE', *, *, #721, .F. ) ;
#2485 = DIRECTION ( 'NONE',  ( 0.9986295347545742800, -0.05233595624293850600, 0.0000000000000000000 ) ) ;
#2486 = FACE_OUTER_BOUND ( 'NONE', #1093, .T. ) ;
#2487 = DIRECTION ( 'NONE',  ( -0.0000000000000000000, -0.0000000000000000000, -1.000000000000000000 ) ) ;
#2488 = LINE ( 'NONE', #3980, #342 ) ;
#2489 = ORIENTED_EDGE ( 'NONE', *, *, #3768, .F. ) ;
#2490 = CARTESIAN_POINT ( 'NONE',  ( 1.776161133969903700, 0.4240805465065317600, 0.3900000000000004600 ) ) ;
#2491 = ORIENTED_EDGE ( 'NONE', *, *, #4796, .F. ) ;
#2492 = EDGE_CURVE ( 'NONE', #1981, #262, #950, .T. ) ;
#2493 = FACE_OUTER_BOUND ( 'NONE', #4430, .T. ) ;
#2494 = VECTOR ( 'NONE', #4012, 1000.000000000000000 ) ;
#2495 = AXIS2_PLACEMENT_3D ( 'NONE', #1053, #3684, #3267 ) ;
#2496 = SURFACE_SIDE_STYLE ('',( #3178 ) ) ;
#2497 = DIRECTION ( 'NONE',  ( -0.0000000000000000000, -0.0000000000000000000, -1.000000000000000000 ) ) ;
#2498 = VECTOR ( 'NONE', #1023, 1000.000000000000000 ) ;
#2499 = DIRECTION ( 'NONE',  ( 1.000000000000000000, -2.355586009297741800E-015, 0.0000000000000000000 ) ) ;
#2500 = PLANE ( 'NONE',  #4572 ) ;
#2501 = DIRECTION ( 'NONE',  ( -1.000000000000000000, 2.355586009297741800E-015, -0.0000000000000000000 ) ) ;
#2502 = EDGE_CURVE ( 'NONE', #3729, #2387, #3382, .T. ) ;
#2503 = AXIS2_PLACEMENT_3D ( 'NONE', #4549, #4177, #1484 ) ;
#2504 = VECTOR ( 'NONE', #3807, 1000.000000000000000 ) ;
#2505 = DIRECTION ( 'NONE',  ( -0.0000000000000000000, -0.0000000000000000000, -1.000000000000000000 ) ) ;
#2506 = PLANE ( 'NONE',  #883 ) ;
#2507 = CARTESIAN_POINT ( 'NONE',  ( 2.063842636575960100, 0.4748065572667323800, -0.8899999999999995700 ) ) ;
#2508 = VERTEX_POINT ( 'NONE', #3950 ) ;
#2509 = ADVANCED_FACE ( 'NONE', ( #1603 ), #2057, .T. ) ;
#2510 = ORIENTED_EDGE ( 'NONE', *, *, #163, .T. ) ;
#2511 = CARTESIAN_POINT ( 'NONE',  ( 2.450000000000000200, 0.1797533162558224400, -0.3899999999999995100 ) ) ;
#2512 = EDGE_CURVE ( 'NONE', #2317, #1691, #110, .T. ) ;
#2513 = FACE_OUTER_BOUND ( 'NONE', #859, .T. ) ;
#2514 = CARTESIAN_POINT ( 'NONE',  ( 2.097265395542197400, 0.2852566719800475000, -0.1099999999999995300 ) ) ;
#2515 = VERTEX_POINT ( 'NONE', #904 ) ;
#2516 = CARTESIAN_POINT ( 'NONE',  ( -2.201813623794040400, 0.1927602130810807700, -0.3899999999999995100 ) ) ;
#2517 = ORIENTED_EDGE ( 'NONE', *, *, #668, .F. ) ;
#2518 = CARTESIAN_POINT ( 'NONE',  ( -1.499999999999999300, 0.1524000000000005600, -1.432325704804091600 ) ) ;
#2519 = DIRECTION ( 'NONE',  ( 0.0000000000000000000, 0.0000000000000000000, 1.000000000000000000 ) ) ;
#2520 = VECTOR ( 'NONE', #1618, 1000.000000000000000 ) ;
#2521 = ORIENTED_EDGE ( 'NONE', *, *, #2954, .T. ) ;
#2522 = CARTESIAN_POINT ( 'NONE',  ( 2.192393151670311500, 0.01300689682525813000, 0.1100000000000005000 ) ) ;
#2523 = EDGE_LOOP ( 'NONE', ( #1582, #118, #4417, #200 ) ) ;
#2524 = DIRECTION ( 'NONE',  ( -1.000000000000000000, 0.0000000000000000000, 0.0000000000000000000 ) ) ;
#2525 = CARTESIAN_POINT ( 'NONE',  ( -2.440579527876271600, -6.776263578034402700E-018, -0.8899999999999995700 ) ) ;
#2526 = ORIENTED_EDGE ( 'NONE', *, *, #2141, .T. ) ;
#2527 = PLANE ( 'NONE',  #1314 ) ;
#2528 = EDGE_CURVE ( 'NONE', #1284, #1108, #1482, .T. ) ;
#2529 = EDGE_LOOP ( 'NONE', ( #1623, #2580, #4612, #2831 ) ) ;
#2530 = ORIENTED_EDGE ( 'NONE', *, *, #4230, .F. ) ;
#2531 = ADVANCED_FACE ( 'NONE', ( #719 ), #1701, .T. ) ;
#2532 = EDGE_CURVE ( 'NONE', #4398, #2225, #58, .T. ) ;
#2533 =( GEOMETRIC_REPRESENTATION_CONTEXT ( 3 ) GLOBAL_UNCERTAINTY_ASSIGNED_CONTEXT ( ( #4662 ) ) GLOBAL_UNIT_ASSIGNED_CONTEXT ( ( #3823, #2263, #4944 ) ) REPRESENTATION_CONTEXT ( 'NONE', 'WORKASPACE' ) );
#2534 = CARTESIAN_POINT ( 'NONE',  ( 1.500000000000000900, 0.1524000000000005600, 1.432325704804089800 ) ) ;
#2535 = ORIENTED_EDGE ( 'NONE', *, *, #1487, .F. ) ;
#2536 = DIRECTION ( 'NONE',  ( 1.000000000000000000, 0.0000000000000000000, -0.0000000000000000000 ) ) ;
#2537 = DIRECTION ( 'NONE',  ( 0.1736481776669282800, -0.9848077530122084600, 0.0000000000000000000 ) ) ;
#2538 = COLOUR_RGB ( '',0.2509803921568627400, 0.2509803921568627400, 0.2509803921568627400 ) ;
#2539 = CARTESIAN_POINT ( 'NONE',  ( 1.500000000000000200, 0.7162000000000003900, -1.500000000000000900 ) ) ;
#2540 = DIRECTION ( 'NONE',  ( -0.0000000000000000000, 1.000000000000000000, -0.0000000000000000000 ) ) ;
#2541 = LINE ( 'NONE', #3974, #1999 ) ;
#2542 = CARTESIAN_POINT ( 'NONE',  ( 1.920000000000000400, 0.2540000000000001100, 0.1100000000000005000 ) ) ;
#2543 = VECTOR ( 'NONE', #889, 1000.000000000000000 ) ;
#2544 = VERTEX_POINT ( 'NONE', #2791 ) ;
#2545 = CARTESIAN_POINT ( 'NONE',  ( 1.500000000000000900, 0.7162000000000003900, 0.1100000000000005000 ) ) ;
#2546 = VECTOR ( 'NONE', #2842, 1000.000000000000000 ) ;
#2547 = LINE ( 'NONE', #4327, #2656 ) ;
#2548 = PLANE ( 'NONE',  #2774 ) ;
#2549 = VECTOR ( 'NONE', #2902, 1000.000000000000000 ) ;
#2550 = VERTEX_POINT ( 'NONE', #542 ) ;
#2551 = CARTESIAN_POINT ( 'NONE',  ( 1.776161133969903700, 0.5362000000000003400, 0.8900000000000004600 ) ) ;
#2552 = DIRECTION ( 'NONE',  ( -0.1736481776669305500, -0.9848077530122080200, 0.0000000000000000000 ) ) ;
#2553 = ADVANCED_FACE ( 'NONE', ( #348 ), #2843, .F. ) ;
#2554 = LINE ( 'NONE', #3275, #3855 ) ;
#2555 = PLANE ( 'NONE',  #1068 ) ;
#2556 = ORIENTED_EDGE ( 'NONE', *, *, #1539, .F. ) ;
#2557 = EDGE_CURVE ( 'NONE', #3163, #1355, #4349, .T. ) ;
#2558 = CARTESIAN_POINT ( 'NONE',  ( -1.072574600253919600, 0.9999999999999993300, -1.015223721361092800 ) ) ;
#2559 = EDGE_CURVE ( 'NONE', #490, #4877, #890, .T. ) ;
#2560 = LINE ( 'NONE', #1558, #4528 ) ;
#2561 = EDGE_CURVE ( 'NONE', #4737, #3637, #2374, .T. ) ;
#2562 = ORIENTED_EDGE ( 'NONE', *, *, #1110, .F. ) ;
#2563 = ORIENTED_EDGE ( 'NONE', *, *, #3378, .F. ) ;
#2564 = LINE ( 'NONE', #1250, #1965 ) ;
#2565 = CARTESIAN_POINT ( 'NONE',  ( 1.776161133969903700, 0.7161999999999997300, 1.110000000000000500 ) ) ;
#2566 = CARTESIAN_POINT ( 'NONE',  ( -1.776161133969903700, 0.4240805465065317600, 0.3900000000000004600 ) ) ;
#2567 = ORIENTED_EDGE ( 'NONE', *, *, #1031, .F. ) ;
#2568 = LINE ( 'NONE', #1167, #3551 ) ;
#2569 = CARTESIAN_POINT ( 'NONE',  ( 2.192393151670311500, 0.01300689682525813000, 0.1100000000000005000 ) ) ;
#2570 = DIRECTION ( 'NONE',  ( -0.0000000000000000000, -0.0000000000000000000, -1.000000000000000000 ) ) ;
#2571 = CARTESIAN_POINT ( 'NONE',  ( 2.450000000000000200, 0.1797533162558224400, -0.1099999999999995300 ) ) ;
#2572 = ORIENTED_EDGE ( 'NONE', *, *, #1342, .F. ) ;
#2573 = VECTOR ( 'NONE', #2552, 1000.000000000000100 ) ;
#2574 = VERTEX_POINT ( 'NONE', #4830 ) ;
#2575 = DIRECTION ( 'NONE',  ( -0.0000000000000000000, -0.0000000000000000000, -1.000000000000000000 ) ) ;
#2576 = CARTESIAN_POINT ( 'NONE',  ( -1.432325704804090500, 0.1524000000000005600, -1.432325704804091600 ) ) ;
#2577 = ORIENTED_EDGE ( 'NONE', *, *, #1097, .F. ) ;
#2578 = LINE ( 'NONE', #3425, #2870 ) ;
#2579 = CARTESIAN_POINT ( 'NONE',  ( -2.063842636575960100, 0.4748065572667322100, 0.8900000000000004600 ) ) ;
#2580 = ORIENTED_EDGE ( 'NONE', *, *, #3381, .F. ) ;
#2581 = DIRECTION ( 'NONE',  ( -0.0000000000000000000, -0.0000000000000000000, -1.000000000000000000 ) ) ;
#2582 = DIRECTION ( 'NONE',  ( -0.0000000000000000000, -0.0000000000000000000, -1.000000000000000000 ) ) ;
#2583 = ORIENTED_EDGE ( 'NONE', *, *, #2365, .T. ) ;
#2584 = DIRECTION ( 'NONE',  ( 0.1736481776669305800, 0.9848077530122081300, 0.0000000000000000000 ) ) ;
#2585 = STYLED_ITEM ( 'NONE', ( #2897 ), #824 ) ;
#2586 = VERTEX_POINT ( 'NONE', #257 ) ;
#2587 = DIRECTION ( 'NONE',  ( 1.000000000000000000, 0.0000000000000000000, -7.228014483236698300E-017 ) ) ;
#2588 = FACE_OUTER_BOUND ( 'NONE', #1070, .T. ) ;
#2589 = ORIENTED_EDGE ( 'NONE', *, *, #2276, .F. ) ;
#2590 = EDGE_CURVE ( 'NONE', #3641, #4104, #3859, .T. ) ;
#2591 = AXIS2_PLACEMENT_3D ( 'NONE', #4654, #513, #3527 ) ;
#2592 = DIRECTION ( 'NONE',  ( 0.0000000000000000000, -0.0000000000000000000, 1.000000000000000000 ) ) ;
#2593 = CARTESIAN_POINT ( 'NONE',  ( -1.499999999999999100, 0.5362000000000004500, 1.499999999999999100 ) ) ;
#2594 = FACE_OUTER_BOUND ( 'NONE', #3167, .T. ) ;
#2595 = DIRECTION ( 'NONE',  ( -0.05233595624293675000, -0.9986295347545742800, 0.0000000000000000000 ) ) ;
#2596 = DIRECTION ( 'NONE',  ( 0.1736481776669293900, 0.9848077530122082400, -0.0000000000000000000 ) ) ;
#2597 = FACE_OUTER_BOUND ( 'NONE', #4152, .T. ) ;
#2598 = AXIS2_PLACEMENT_3D ( 'NONE', #4159, #2248, #4921 ) ;
#2599 = EDGE_CURVE ( 'NONE', #4201, #863, #4286, .T. ) ;
#2600 = CARTESIAN_POINT ( 'NONE',  ( -1.886577241033763600, 0.4435498852866847600, -1.109999999999999400 ) ) ;
#2601 = ORIENTED_EDGE ( 'NONE', *, *, #1861, .T. ) ;
#2602 = VECTOR ( 'NONE', #3955, 1000.000000000000000 ) ;
#2603 = COLOUR_RGB ( '',0.7921568627450980000, 0.8196078431372548800, 0.9333333333333333500 ) ;
#2604 = DIRECTION ( 'NONE',  ( 0.0000000000000000000, -0.0000000000000000000, 1.000000000000000000 ) ) ;
#2605 = CLOSED_SHELL ( 'NONE', ( #455, #3691, #1651, #2327, #4458, #351, #2130, #4622, #2378, #1038, #153, #3644, #2665, #4932 ) ) ;
#2606 = ORIENTED_EDGE ( 'NONE', *, *, #4387, .F. ) ;
#2607 = FACE_OUTER_BOUND ( 'NONE', #3609, .T. ) ;
#2608 = VECTOR ( 'NONE', #3718, 1000.000000000000000 ) ;
#2609 = DIRECTION ( 'NONE',  ( -0.9986295347545742800, -0.05233595624293722200, 0.0000000000000000000 ) ) ;
#2610 = DIRECTION ( 'NONE',  ( 1.000000000000000000, 0.0000000000000000000, -0.0000000000000000000 ) ) ;
#2611 = CARTESIAN_POINT ( 'NONE',  ( 2.097265395542197400, 0.2852566719800475000, 0.1100000000000005000 ) ) ;
#2612 = CARTESIAN_POINT ( 'NONE',  ( -1.886577241033763300, 0.4435498852866847600, 1.110000000000000500 ) ) ;
#2613 = ORIENTED_EDGE ( 'NONE', *, *, #1097, .T. ) ;
#2614 = DIRECTION ( 'NONE',  ( 0.1736481776669305800, 0.9848077530122081300, 0.0000000000000000000 ) ) ;
#2615 = LINE ( 'NONE', #3003, #3866 ) ;
#2616 = EDGE_CURVE ( 'NONE', #2117, #2217, #3259, .T. ) ;
#2617 = EDGE_LOOP ( 'NONE', ( #1967, #1148, #503, #1368 ) ) ;
#2618 = EDGE_CURVE ( 'NONE', #1454, #1563, #3324, .T. ) ;
#2619 = EDGE_CURVE ( 'NONE', #313, #2550, #4050, .T. ) ;
#2620 = AXIS2_PLACEMENT_3D ( 'NONE', #4194, #9, #1191 ) ;
#2621 = ADVANCED_FACE ( 'NONE', ( #3025 ), #4809, .F. ) ;
#2622 = PLANE ( 'NONE',  #4223 ) ;
#2623 = VECTOR ( 'NONE', #1975, 1000.000000000000100 ) ;
#2624 = CARTESIAN_POINT ( 'NONE',  ( -2.201813623794040400, 0.1927602130810808800, 0.3900000000000004600 ) ) ;
#2625 = AXIS2_PLACEMENT_3D ( 'NONE', #124, #501, #180 ) ;
#2626 = ORIENTED_EDGE ( 'NONE', *, *, #3802, .T. ) ;
#2627 = CARTESIAN_POINT ( 'NONE',  ( -2.450000000000000200, 0.1797533162558227800, -0.6099999999999995400 ) ) ;
#2628 = COLOUR_RGB ( '',1.000000000000000000, 1.000000000000000000, 1.000000000000000000 ) ;
#2629 = DIRECTION ( 'NONE',  ( -0.0000000000000000000, -0.0000000000000000000, -1.000000000000000000 ) ) ;
#2630 = EDGE_LOOP ( 'NONE', ( #1941, #1202, #1239, #677 ) ) ;
#2631 = FACE_OUTER_BOUND ( 'NONE', #331, .T. ) ;
#2632 = DIRECTION ( 'NONE',  ( -0.9986295347545742800, -0.05233595624293722200, 0.0000000000000000000 ) ) ;
#2633 = VERTEX_POINT ( 'NONE', #1399 ) ;
#2634 = ORIENTED_EDGE ( 'NONE', *, *, #4870, .T. ) ;
#2635 = ORIENTED_EDGE ( 'NONE', *, *, #1141, .F. ) ;
#2636 = CARTESIAN_POINT ( 'NONE',  ( -2.450000000000000200, 0.1797533162558227800, 0.8900000000000004600 ) ) ;
#2637 = ORIENTED_EDGE ( 'NONE', *, *, #580, .T. ) ;
#2638 = ORIENTED_EDGE ( 'NONE', *, *, #2557, .T. ) ;
#2639 = CARTESIAN_POINT ( 'NONE',  ( 1.500000000000000900, 0.7162000000000003900, 0.8900000000000004600 ) ) ;
#2640 = ORIENTED_EDGE ( 'NONE', *, *, #639, .F. ) ;
#2641 = ORIENTED_EDGE ( 'NONE', *, *, #1077, .F. ) ;
#2642 = CARTESIAN_POINT ( 'NONE',  ( -1.072574600253919600, 0.9999999999999993300, -1.015223721361092800 ) ) ;
#2643 = EDGE_CURVE ( 'NONE', #1821, #4354, #2973, .T. ) ;
#2644 = ADVANCED_FACE ( 'NONE', ( #3200 ), #2076, .F. ) ;
#2645 = DIRECTION ( 'NONE',  ( 1.000000000000000000, 0.0000000000000000000, 0.0000000000000000000 ) ) ;
#2646 = DIRECTION ( 'NONE',  ( -0.0000000000000000000, -0.0000000000000000000, -1.000000000000000000 ) ) ;
#2647 = FACE_OUTER_BOUND ( 'NONE', #544, .T. ) ;
#2648 = AXIS2_PLACEMENT_3D ( 'NONE', #3854, #3837, #3873 ) ;
#2649 = AXIS2_PLACEMENT_3D ( 'NONE', #3047, #4586, #2301 ) ;
#2650 = FACE_OUTER_BOUND ( 'NONE', #1050, .T. ) ;
#2651 = DIRECTION ( 'NONE',  ( 0.1710878697460358500, 0.9702875252478138100, -0.1710878697460359000 ) ) ;
#2652 = LINE ( 'NONE', #117, #2721 ) ;
#2653 = EDGE_LOOP ( 'NONE', ( #3817, #4370, #3280, #2572, #271, #2272, #3977, #4352, #1693, #2491, #3882, #272 ) ) ;
#2654 = CARTESIAN_POINT ( 'NONE',  ( -1.776161133969903700, 0.5362000000000003400, 1.110000000000000500 ) ) ;
#2655 = FACE_OUTER_BOUND ( 'NONE', #974, .T. ) ;
#2656 = VECTOR ( 'NONE', #4657, 1000.000000000000000 ) ;
#2657 = DIRECTION ( 'NONE',  ( 0.0000000000000000000, -1.000000000000000000, 0.0000000000000000000 ) ) ;
#2658 = VECTOR ( 'NONE', #1810, 1000.000000000000000 ) ;
#2659 = DIRECTION ( 'NONE',  ( -0.0000000000000000000, -1.000000000000000000, -0.0000000000000000000 ) ) ;
#2660 = VERTEX_POINT ( 'NONE', #1047 ) ;
#2661 = DIRECTION ( 'NONE',  ( -0.0000000000000000000, -0.0000000000000000000, -1.000000000000000000 ) ) ;
#2662 = DIRECTION ( 'NONE',  ( -0.9848077530122082400, 0.1736481776669294200, 0.0000000000000000000 ) ) ;
#2663 = VECTOR ( 'NONE', #4790, 1000.000000000000000 ) ;
#2664 = ORIENTED_EDGE ( 'NONE', *, *, #4739, .F. ) ;
#2665 = ADVANCED_FACE ( 'NONE', ( #2320 ), #1366, .F. ) ;
#2666 = FACE_OUTER_BOUND ( 'NONE', #20, .T. ) ;
#2667 = DIRECTION ( 'NONE',  ( 1.000000000000000000, 2.355586009297741800E-015, 0.0000000000000000000 ) ) ;
#2668 = UNCERTAINTY_MEASURE_WITH_UNIT (LENGTH_MEASURE( 1.000000000000000100E-005 ), #3366, 'distance_accuracy_value', 'NONE');
#2669 = CARTESIAN_POINT ( 'NONE',  ( -1.500000000000000900, 0.5362000000000004500, -0.1099999999999995300 ) ) ;
#2670 = ORIENTED_EDGE ( 'NONE', *, *, #4506, .T. ) ;
#2671 = ORIENTED_EDGE ( 'NONE', *, *, #4565, .F. ) ;
#2672 = CARTESIAN_POINT ( 'NONE',  ( 2.207681502606056800, 0.3047260107602004500, 0.6100000000000005400 ) ) ;
#2673 = VERTEX_POINT ( 'NONE', #2551 ) ;
#2674 = LINE ( 'NONE', #1629, #669 ) ;
#2675 = AXIS2_PLACEMENT_3D ( 'NONE', #1592, #2736, #4642 ) ;
#2676 = FILL_AREA_STYLE ('',( #3818 ) ) ;
#2677 = CARTESIAN_POINT ( 'NONE',  ( -1.920000000000000400, 0.2540000000000001100, 0.8900000000000004600 ) ) ;
#2678 = ORIENTED_EDGE ( 'NONE', *, *, #4638, .T. ) ;
#2679 = CARTESIAN_POINT ( 'NONE',  ( -2.201813623794040400, 0.1927602130810807700, 0.6100000000000005400 ) ) ;
#2680 = VECTOR ( 'NONE', #1692, 1000.000000000000000 ) ;
#2681 = CARTESIAN_POINT ( 'NONE',  ( -2.097265395542197400, 0.2852566719800474500, -1.109999999999999400 ) ) ;
#2682 = CARTESIAN_POINT ( 'NONE',  ( 2.450000000000000200, 0.1797533162558224400, -0.6099999999999995400 ) ) ;
#2683 = EDGE_CURVE ( 'NONE', #989, #94, #4702, .T. ) ;
#2684 =( GEOMETRIC_REPRESENTATION_CONTEXT ( 3 ) GLOBAL_UNCERTAINTY_ASSIGNED_CONTEXT ( ( #1429 ) ) GLOBAL_UNIT_ASSIGNED_CONTEXT ( ( #4009, #579, #4399 ) ) REPRESENTATION_CONTEXT ( 'NONE', 'WORKASPACE' ) );
#2685 = AXIS2_PLACEMENT_3D ( 'NONE', #554, #3205, #970 ) ;
#2686 = PRESENTATION_STYLE_ASSIGNMENT (( #671 ) ) ;
#2687 = DIRECTION ( 'NONE',  ( 0.0000000000000000000, -0.0000000000000000000, 1.000000000000000000 ) ) ;
#2688 = ORIENTED_EDGE ( 'NONE', *, *, #2532, .F. ) ;
#2689 = LINE ( 'NONE', #2201, #3814 ) ;
#2690 = CARTESIAN_POINT ( 'NONE',  ( -2.097265395542197400, 0.2852566719800474500, 0.6100000000000005400 ) ) ;
#2691 = AXIS2_PLACEMENT_3D ( 'NONE', #1721, #4372, #3190 ) ;
#2692 = EDGE_CURVE ( 'NONE', #171, #1691, #3376, .T. ) ;
#2693 = ORIENTED_EDGE ( 'NONE', *, *, #3242, .T. ) ;
#2694 = VERTEX_POINT ( 'NONE', #3642 ) ;
#2695 = CARTESIAN_POINT ( 'NONE',  ( 1.886577241033763300, 0.4435498852866847600, 0.6100000000000005400 ) ) ;
#2696 = LINE ( 'NONE', #60, #4911 ) ;
#2697 = ADVANCED_FACE ( 'NONE', ( #4762 ), #2506, .F. ) ;
#2698 = PLANE ( 'NONE',  #3965 ) ;
#2699 = VERTEX_POINT ( 'NONE', #1421 ) ;
#2700 = CARTESIAN_POINT ( 'NONE',  ( 1.886577241033763100, 0.4435498852866847600, -0.3899999999999995100 ) ) ;
#2701 = EDGE_LOOP ( 'NONE', ( #2062, #2221, #45, #4589 ) ) ;
#2702 = CARTESIAN_POINT ( 'NONE',  ( -1.500000000000000900, 0.7162000000000003900, 0.1100000000000005000 ) ) ;
#2703 = DIRECTION ( 'NONE',  ( -1.000000000000000000, 0.0000000000000000000, 0.0000000000000000000 ) ) ;
#2704 = ORIENTED_EDGE ( 'NONE', *, *, #600, .T. ) ;
#2705 = ORIENTED_EDGE ( 'NONE', *, *, #3184, .F. ) ;
#2706 = DIRECTION ( 'NONE',  ( -1.000000000000000000, 0.0000000000000000000, 0.0000000000000000000 ) ) ;
#2707 = CARTESIAN_POINT ( 'NONE',  ( -1.500000000000001100, 0.7162000000000003900, -0.6099999999999995400 ) ) ;
#2708 = EDGE_LOOP ( 'NONE', ( #2934, #4112, #3954, #2460 ) ) ;
#2709 = CARTESIAN_POINT ( 'NONE',  ( 1.886577241033763300, 0.4435498852866847600, 0.8900000000000004600 ) ) ;
#2710 = DIRECTION ( 'NONE',  ( 1.000000000000000000, 3.925976682162903200E-016, -0.0000000000000000000 ) ) ;
#2711 = EDGE_CURVE ( 'NONE', #4357, #3595, #594, .T. ) ;
#2712 = DIRECTION ( 'NONE',  ( 0.9848077530122082400, 0.1736481776669294200, -0.0000000000000000000 ) ) ;
#2713 = VERTEX_POINT ( 'NONE', #728 ) ;
#2714 = EDGE_CURVE ( 'NONE', #847, #4710, #409, .T. ) ;
#2715 = STYLED_ITEM ( 'NONE', ( #1178 ), #88 ) ;
#2716 = VECTOR ( 'NONE', #3746, 1000.000000000000000 ) ;
#2717 = FILL_AREA_STYLE ('',( #845 ) ) ;
#2718 = DIRECTION ( 'NONE',  ( -0.0000000000000000000, -0.0000000000000000000, -1.000000000000000000 ) ) ;
#2719 = ORIENTED_EDGE ( 'NONE', *, *, #932, .T. ) ;
#2720 = CYLINDRICAL_SURFACE ( 'NONE', #1403, 0.1121194534934684100 ) ;
#2721 = VECTOR ( 'NONE', #841, 1000.000000000000100 ) ;
#2722 = ADVANCED_FACE ( 'NONE', ( #346 ), #2218, .F. ) ;
#2723 = DIRECTION ( 'NONE',  ( -0.9848077530122082400, 0.1736481776669294200, 0.0000000000000000000 ) ) ;
#2724 = CARTESIAN_POINT ( 'NONE',  ( -1.776161133969903900, 0.7161999999999997300, -1.109999999999999400 ) ) ;
#2725 = ORIENTED_EDGE ( 'NONE', *, *, #760, .F. ) ;
#2726 = EDGE_LOOP ( 'NONE', ( #3001, #735, #2010, #2868 ) ) ;
#2727 = CARTESIAN_POINT ( 'NONE',  ( 1.500000000000000900, 0.5362000000000004500, 1.499999999999998700 ) ) ;
#2728 = LINE ( 'NONE', #2534, #3732 ) ;
#2729 = LINE ( 'NONE', #2727, #4047 ) ;
#2730 = DIRECTION ( 'NONE',  ( 0.1736481776669293900, -0.9848077530122082400, 0.0000000000000000000 ) ) ;
#2731 = DIRECTION ( 'NONE',  ( 0.05233595624293675700, 0.9986295347545742800, -0.0000000000000000000 ) ) ;
#2732 = LINE ( 'NONE', #3605, #236 ) ;
#2733 = ORIENTED_EDGE ( 'NONE', *, *, #753, .T. ) ;
#2734 = DIRECTION ( 'NONE',  ( 0.0000000000000000000, 0.0000000000000000000, 1.000000000000000000 ) ) ;
#2735 = VERTEX_POINT ( 'NONE', #1456 ) ;
#2736 = DIRECTION ( 'NONE',  ( 3.925976682162903200E-016, 1.000000000000000000, -0.0000000000000000000 ) ) ;
#2737 = CARTESIAN_POINT ( 'NONE',  ( -2.207681502606056800, 0.3047260107602004500, 1.110000000000000500 ) ) ;
#2738 = EDGE_CURVE ( 'NONE', #4737, #1212, #4408, .T. ) ;
#2739 = LINE ( 'NONE', #1895, #2858 ) ;
#2740 = DIRECTION ( 'NONE',  ( 1.000000000000000000, -3.925976682162903200E-016, 0.0000000000000000000 ) ) ;
#2741 = CARTESIAN_POINT ( 'NONE',  ( 0.0000000000000000000, 0.1524000000000005600, 0.0000000000000000000 ) ) ;
#2742 = VERTEX_POINT ( 'NONE', #4906 ) ;
#2743 = SURFACE_STYLE_FILL_AREA ( #2676 ) ;
#2744 = CARTESIAN_POINT ( 'NONE',  ( -2.201813623794040400, 0.1927602130810808800, -0.8899999999999995700 ) ) ;
#2745 = EDGE_CURVE ( 'NONE', #3524, #277, #3197, .T. ) ;
#2746 = AXIS2_PLACEMENT_3D ( 'NONE', #1243, #1606, #3114 ) ;
#2747 = ORIENTED_EDGE ( 'NONE', *, *, #1664, .F. ) ;
#2748 = LINE ( 'NONE', #1275, #3643 ) ;
#2749 = DIRECTION ( 'NONE',  ( -1.000000000000000000, 0.0000000000000000000, 0.0000000000000000000 ) ) ;
#2750 = VERTEX_POINT ( 'NONE', #4532 ) ;
#2751 = ORIENTED_EDGE ( 'NONE', *, *, #2801, .T. ) ;
#2752 = CARTESIAN_POINT ( 'NONE',  ( -2.201813623794040400, 0.1927602130810807700, 0.3900000000000004600 ) ) ;
#2753 = ORIENTED_EDGE ( 'NONE', *, *, #3215, .T. ) ;
#2754 = EDGE_CURVE ( 'NONE', #1954, #4724, #2968, .T. ) ;
#2755 = EDGE_LOOP ( 'NONE', ( #157, #1493, #2641, #370 ) ) ;
#2756 = ORIENTED_EDGE ( 'NONE', *, *, #2048, .F. ) ;
#2757 = PLANE ( 'NONE',  #722 ) ;
#2758 = ORIENTED_EDGE ( 'NONE', *, *, #2241, .T. ) ;
#2759 = DIRECTION ( 'NONE',  ( -0.0000000000000000000, -0.0000000000000000000, -1.000000000000000000 ) ) ;
#2760 = ORIENTED_EDGE ( 'NONE', *, *, #1218, .F. ) ;
#2761 = SURFACE_STYLE_USAGE ( .BOTH. , #4635 ) ;
#2762 = DIRECTION ( 'NONE',  ( -0.0000000000000000000, 0.0000000000000000000, -1.000000000000000000 ) ) ;
#2763 = FACE_OUTER_BOUND ( 'NONE', #3929, .T. ) ;
#2764 = CARTESIAN_POINT ( 'NONE',  ( 2.063842636575960600, 0.4748065572667323800, 1.110000000000000500 ) ) ;
#2765 = VECTOR ( 'NONE', #3765, 1000.000000000000000 ) ;
#2766 = ADVANCED_FACE ( 'NONE', ( #1186 ), #4145, .F. ) ;
#2767 = LINE ( 'NONE', #4873, #1843 ) ;
#2768 = EDGE_CURVE ( 'NONE', #3558, #2713, #3434, .T. ) ;
#2769 = VECTOR ( 'NONE', #3332, 1000.000000000000100 ) ;
#2770 = LINE ( 'NONE', #1631, #3545 ) ;
#2771 = EDGE_CURVE ( 'NONE', #2025, #4206, #3676, .T. ) ;
#2772 = VERTEX_POINT ( 'NONE', #1111 ) ;
#2773 = AXIS2_PLACEMENT_3D ( 'NONE', #3421, #3473, #4616 ) ;
#2774 = AXIS2_PLACEMENT_3D ( 'NONE', #3269, #1381, #1784 ) ;
#2775 = ORIENTED_EDGE ( 'NONE', *, *, #1094, .T. ) ;
#2776 = FACE_OUTER_BOUND ( 'NONE', #3528, .T. ) ;
#2777 = CARTESIAN_POINT ( 'NONE',  ( 2.207681502606056800, 0.3047260107602004500, -0.6099999999999995400 ) ) ;
#2778 = VECTOR ( 'NONE', #405, 1000.000000000000000 ) ;
#2779 = ORIENTED_EDGE ( 'NONE', *, *, #165, .T. ) ;
#2780 = AXIS2_PLACEMENT_3D ( 'NONE', #620, #4780, #2848 ) ;
#2781 = DIRECTION ( 'NONE',  ( -0.0000000000000000000, 0.0000000000000000000, -1.000000000000000000 ) ) ;
#2782 = LINE ( 'NONE', #1359, #2494 ) ;
#2783 = EDGE_CURVE ( 'NONE', #1758, #3741, #3614, .T. ) ;
#2784 = EDGE_LOOP ( 'NONE', ( #3531, #2041 ) ) ;
#2785 = CIRCLE ( 'NONE', #2026, 0.1121194534934684100 ) ;
#2786 = EDGE_LOOP ( 'NONE', ( #4822, #1788, #140, #4297, #319, #3799, #1512, #3328, #3860, #2116, #1755, #4750 ) ) ;
#2787 = ORIENTED_EDGE ( 'NONE', *, *, #778, .T. ) ;
#2788 = CARTESIAN_POINT ( 'NONE',  ( 2.201813623794040400, 0.1927602130810809100, -0.6099999999999995400 ) ) ;
#2789 = SURFACE_SIDE_STYLE ('',( #676 ) ) ;
#2790 = LINE ( 'NONE', #1311, #1369 ) ;
#2791 = CARTESIAN_POINT ( 'NONE',  ( -1.920000000000000400, 0.2540000000000001100, -0.6099999999999995400 ) ) ;
#2792 = PLANE ( 'NONE',  #3759 ) ;
#2793 = ORIENTED_EDGE ( 'NONE', *, *, #909, .F. ) ;
#2794 = ADVANCED_FACE ( 'NONE', ( #1598 ), #3500, .F. ) ;
#2795 = FACE_OUTER_BOUND ( 'NONE', #3879, .T. ) ;
#2796 = DIRECTION ( 'NONE',  ( 1.000000000000000000, 0.0000000000000000000, 0.0000000000000000000 ) ) ;
#2797 = CARTESIAN_POINT ( 'NONE',  ( -2.097265395542197400, 0.2852566719800474500, -0.8899999999999995700 ) ) ;
#2798 = LINE ( 'NONE', #3043, #851 ) ;
#2799 = DIRECTION ( 'NONE',  ( 0.9848077530122082400, 0.1736481776669294200, -0.0000000000000000000 ) ) ;
#2800 = EDGE_CURVE ( 'NONE', #4020, #813, #1782, .T. ) ;
#2801 = EDGE_CURVE ( 'NONE', #1775, #2110, #2782, .T. ) ;
#2802 = EDGE_CURVE ( 'NONE', #1877, #3731, #2370, .T. ) ;
#2803 = ORIENTED_EDGE ( 'NONE', *, *, #3874, .T. ) ;
#2804 =( NAMED_UNIT ( * ) PLANE_ANGLE_UNIT ( ) SI_UNIT ( $, .RADIAN. ) );
#2805 = LINE ( 'NONE', #3750, #3695 ) ;
#2806 = CARTESIAN_POINT ( 'NONE',  ( -2.450000000000000200, 0.1797533162558227800, -0.3899999999999995100 ) ) ;
#2807 = ORIENTED_EDGE ( 'NONE', *, *, #2783, .F. ) ;
#2808 = ORIENTED_EDGE ( 'NONE', *, *, #656, .T. ) ;
#2809 = DIRECTION ( 'NONE',  ( 0.0000000000000000000, 0.0000000000000000000, 1.000000000000000000 ) ) ;
#2810 = DIRECTION ( 'NONE',  ( 1.000000000000000000, 2.355586009297741800E-015, 0.0000000000000000000 ) ) ;
#2811 = LINE ( 'NONE', #1634, #1505 ) ;
#2812 = ORIENTED_EDGE ( 'NONE', *, *, #2472, .F. ) ;
#2813 = CARTESIAN_POINT ( 'NONE',  ( 2.192393151670311500, 0.01300689682525813000, -0.8899999999999995700 ) ) ;
#2814 = ORIENTED_EDGE ( 'NONE', *, *, #1792, .T. ) ;
#2815 = DIRECTION ( 'NONE',  ( -0.0000000000000000000, -0.0000000000000000000, -1.000000000000000000 ) ) ;
#2816 = DIRECTION ( 'NONE',  ( -0.0000000000000000000, -0.0000000000000000000, -1.000000000000000000 ) ) ;
#2817 = ORIENTED_EDGE ( 'NONE', *, *, #3407, .F. ) ;
#2818 = ADVANCED_FACE ( 'NONE', ( #1357 ), #199, .T. ) ;
#2819 = UNCERTAINTY_MEASURE_WITH_UNIT (LENGTH_MEASURE( 1.000000000000000100E-005 ), #496, 'distance_accuracy_value', 'NONE');
#2820 = FACE_OUTER_BOUND ( 'NONE', #2755, .T. ) ;
#2821 = FILL_AREA_STYLE ('',( #2854 ) ) ;
#2822 = ORIENTED_EDGE ( 'NONE', *, *, #4113, .F. ) ;
#2823 = DIRECTION ( 'NONE',  ( 0.05233595624293675700, 0.9986295347545742800, -0.0000000000000000000 ) ) ;
#2824 = DIRECTION ( 'NONE',  ( -0.0000000000000000000, -0.0000000000000000000, -1.000000000000000000 ) ) ;
#2825 = LINE ( 'NONE', #1280, #2956 ) ;
#2826 = CARTESIAN_POINT ( 'NONE',  ( 1.776161133969903700, 0.4240805465065317600, -0.1099999999999995300 ) ) ;
#2827 = CARTESIAN_POINT ( 'NONE',  ( -2.207681502606056800, 0.3047260107602004500, -0.3899999999999995100 ) ) ;
#2828 = LINE ( 'NONE', #3735, #2716 ) ;
#2829 = DIRECTION ( 'NONE',  ( -0.0000000000000000000, 1.000000000000000000, -0.0000000000000000000 ) ) ;
#2830 = CARTESIAN_POINT ( 'NONE',  ( -1.500000000000000900, 0.5362000000000004500, 0.3900000000000004600 ) ) ;
#2831 = ORIENTED_EDGE ( 'NONE', *, *, #1948, .T. ) ;
#2832 = CARTESIAN_POINT ( 'NONE',  ( 1.920000000000000200, 0.2540000000000001100, -0.6099999999999995400 ) ) ;
#2833 = FACE_OUTER_BOUND ( 'NONE', #4795, .T. ) ;
#2834 = CYLINDRICAL_SURFACE ( 'NONE', #141, 0.1121194534934684100 ) ;
#2835 = ORIENTED_EDGE ( 'NONE', *, *, #4347, .F. ) ;
#2836 = DIRECTION ( 'NONE',  ( 0.9986295347545742800, 0.05233595624293665300, -0.0000000000000000000 ) ) ;
#2837 = EDGE_CURVE ( 'NONE', #1870, #1013, #1655, .T. ) ;
#2838 = VECTOR ( 'NONE', #1506, 1000.000000000000000 ) ;
#2839 = AXIS2_PLACEMENT_3D ( 'NONE', #2292, #2392, #111 ) ;
#2840 = AXIS2_PLACEMENT_3D ( 'NONE', #26, #1574, #1145 ) ;
#2841 = ORIENTED_EDGE ( 'NONE', *, *, #522, .T. ) ;
#2842 = DIRECTION ( 'NONE',  ( -0.0000000000000000000, -0.0000000000000000000, -1.000000000000000000 ) ) ;
#2843 = PLANE ( 'NONE',  #3455 ) ;
#2844 = ADVANCED_FACE ( 'NONE', ( #4582 ), #3981, .F. ) ;
#2845 = DIRECTION ( 'NONE',  ( 1.000000000000000000, 3.925976682162903200E-016, -0.0000000000000000000 ) ) ;
#2846 = AXIS2_PLACEMENT_3D ( 'NONE', #2039, #1590, #1274 ) ;
#2847 = SURFACE_SIDE_STYLE ('',( #707 ) ) ;
#2848 = DIRECTION ( 'NONE',  ( -1.000000000000000000, -3.925976682162903200E-016, 0.0000000000000000000 ) ) ;
#2849 = EDGE_CURVE ( 'NONE', #1355, #23, #4116, .T. ) ;
#2850 = VECTOR ( 'NONE', #1474, 1000.000000000000000 ) ;
#2851 = PLANE ( 'NONE',  #205 ) ;
#2852 = EDGE_LOOP ( 'NONE', ( #3949, #4150, #3509, #1658 ) ) ;
#2853 = DIRECTION ( 'NONE',  ( 0.0000000000000000000, 1.000000000000000000, 0.0000000000000000000 ) ) ;
#2854 = FILL_AREA_STYLE_COLOUR ( '', #1470 ) ;
#2855 = CARTESIAN_POINT ( 'NONE',  ( -1.776161133969903700, 0.7161999999999997300, -0.1099999999999995300 ) ) ;
#2856 = ORIENTED_EDGE ( 'NONE', *, *, #1077, .T. ) ;
#2857 = DIRECTION ( 'NONE',  ( -0.0000000000000000000, -0.0000000000000000000, -1.000000000000000000 ) ) ;
#2858 = VECTOR ( 'NONE', #3430, 1000.000000000000000 ) ;
#2859 = CARTESIAN_POINT ( 'NONE',  ( -2.192393151670311500, 0.01300689682525813000, -0.6099999999999995400 ) ) ;
#2860 = CARTESIAN_POINT ( 'NONE',  ( 2.063842636575960100, 0.4748065572667323800, -1.109999999999999400 ) ) ;
#2861 = ORIENTED_EDGE ( 'NONE', *, *, #2211, .F. ) ;
#2862 = ORIENTED_EDGE ( 'NONE', *, *, #3730, .T. ) ;
#2863 = CARTESIAN_POINT ( 'NONE',  ( -1.072574600253919600, 0.9999999999999993300, -1.159618693102123300 ) ) ;
#2864 = LINE ( 'NONE', #189, #1448 ) ;
#2865 = CARTESIAN_POINT ( 'NONE',  ( -1.776161133969903700, 0.4240805465065317600, 0.1100000000000005000 ) ) ;
#2866 = DIRECTION ( 'NONE',  ( 0.05233595624293675700, 0.9986295347545742800, -0.0000000000000000000 ) ) ;
#2867 = DIRECTION ( 'NONE',  ( -0.0000000000000000000, -0.0000000000000000000, -1.000000000000000000 ) ) ;
#2868 = ORIENTED_EDGE ( 'NONE', *, *, #2714, .T. ) ;
#2869 = EDGE_CURVE ( 'NONE', #1691, #535, #3791, .T. ) ;
#2870 = VECTOR ( 'NONE', #3032, 1000.000000000000000 ) ;
#2871 = ADVANCED_FACE ( 'NONE', ( #2434 ), #2978, .F. ) ;
#2872 = EDGE_CURVE ( 'NONE', #1460, #371, #1959, .T. ) ;
#2873 = AXIS2_PLACEMENT_3D ( 'NONE', #1331, #4019, #3257 ) ;
#2874 = ORIENTED_EDGE ( 'NONE', *, *, #1169, .T. ) ;
#2875 = AXIS2_PLACEMENT_3D ( 'NONE', #3574, #2055, #2036 ) ;
#2876 = ORIENTED_EDGE ( 'NONE', *, *, #2970, .F. ) ;
#2877 = CARTESIAN_POINT ( 'NONE',  ( -2.097265395542197400, 0.2852566719800474500, 1.110000000000000500 ) ) ;
#2878 = CARTESIAN_POINT ( 'NONE',  ( -1.500000000000001100, 0.5362000000000004500, -0.8899999999999995700 ) ) ;
#2879 = VERTEX_POINT ( 'NONE', #1730 ) ;
#2880 = ORIENTED_EDGE ( 'NONE', *, *, #4816, .F. ) ;
#2881 = DIRECTION ( 'NONE',  ( 0.9848077530122081300, -0.1736481776669305800, 0.0000000000000000000 ) ) ;
#2882 = VERTEX_POINT ( 'NONE', #4766 ) ;
#2883 = CARTESIAN_POINT ( 'NONE',  ( 1.776161133969903700, 0.4240805465065317600, 0.6100000000000005400 ) ) ;
#2884 = DIRECTION ( 'NONE',  ( -1.000000000000000000, 0.0000000000000000000, 0.0000000000000000000 ) ) ;
#2885 = ORIENTED_EDGE ( 'NONE', *, *, #2619, .F. ) ;
#2886 = AXIS2_PLACEMENT_3D ( 'NONE', #2028, #1709, #2423 ) ;
#2887 = DIRECTION ( 'NONE',  ( -0.0000000000000000000, -0.0000000000000000000, -1.000000000000000000 ) ) ;
#2888 = ORIENTED_EDGE ( 'NONE', *, *, #3064, .T. ) ;
#2889 = DIRECTION ( 'NONE',  ( -0.1710878697460358800, -0.9702875252478138100, -0.1710878697460358500 ) ) ;
#2890 = CARTESIAN_POINT ( 'NONE',  ( 2.097265395542197400, 0.2852566719800475000, -0.3899999999999995100 ) ) ;
#2891 = VECTOR ( 'NONE', #2657, 1000.000000000000000 ) ;
#2892 = LINE ( 'NONE', #3703, #3601 ) ;
#2893 = DIRECTION ( 'NONE',  ( -0.9848077530122084600, -0.1736481776669282800, 0.0000000000000000000 ) ) ;
#2894 = LINE ( 'NONE', #3320, #3254 ) ;
#2895 = PLANE ( 'NONE',  #3635 ) ;
#2896 = CARTESIAN_POINT ( 'NONE',  ( 1.776161133969903700, 0.4240805465065317600, 0.1100000000000005000 ) ) ;
#2897 = PRESENTATION_STYLE_ASSIGNMENT (( #3443 ) ) ;
#2898 = DIRECTION ( 'NONE',  ( 0.9986295347545742800, -0.05233595624293850600, 0.0000000000000000000 ) ) ;
#2899 = LINE ( 'NONE', #3510, #877 ) ;
#2900 = ADVANCED_FACE ( 'NONE', ( #3733 ), #4418, .F. ) ;
#2901 = ORIENTED_EDGE ( 'NONE', *, *, #3505, .F. ) ;
#2902 = DIRECTION ( 'NONE',  ( -0.0000000000000000000, -0.0000000000000000000, -1.000000000000000000 ) ) ;
#2903 = EDGE_LOOP ( 'NONE', ( #879, #4185, #177, #550 ) ) ;
#2904 = EDGE_CURVE ( 'NONE', #4677, #3625, #2316, .T. ) ;
#2905 = LINE ( 'NONE', #3365, #3131 ) ;
#2906 = DIRECTION ( 'NONE',  ( -0.0000000000000000000, -0.0000000000000000000, -1.000000000000000000 ) ) ;
#2907 = LINE ( 'NONE', #2332, #1462 ) ;
#2908 = DIRECTION ( 'NONE',  ( -0.05233595624293850600, -0.9986295347545742800, 0.0000000000000000000 ) ) ;
#2909 = EDGE_LOOP ( 'NONE', ( #4789, #2958, #3036, #2169 ) ) ;
#2910 = VECTOR ( 'NONE', #663, 1000.000000000000000 ) ;
#2911 = CARTESIAN_POINT ( 'NONE',  ( 1.500000000000000900, 0.5362000000000004500, 0.6100000000000005400 ) ) ;
#2912 = DIRECTION ( 'NONE',  ( -1.000000000000000000, 0.0000000000000000000, 0.0000000000000000000 ) ) ;
#2913 = ORIENTED_EDGE ( 'NONE', *, *, #2360, .F. ) ;
#2914 = STYLED_ITEM ( 'NONE', ( #733 ), #1636 ) ;
#2915 = LINE ( 'NONE', #478, #4470 ) ;
#2916 = DIRECTION ( 'NONE',  ( -2.168404344971009100E-016, 0.0000000000000000000, -1.000000000000000000 ) ) ;
#2917 = CARTESIAN_POINT ( 'NONE',  ( -1.776161133969903700, 0.7161999999999997300, 1.110000000000000500 ) ) ;
#2918 = EDGE_LOOP ( 'NONE', ( #3496, #290, #3650, #4014 ) ) ;
#2919 = EDGE_LOOP ( 'NONE', ( #4376, #1318, #2044, #211 ) ) ;
#2920 = DIRECTION ( 'NONE',  ( -0.0000000000000000000, -0.0000000000000000000, -1.000000000000000000 ) ) ;
#2921 = EDGE_LOOP ( 'NONE', ( #1503, #2876, #3014, #263 ) ) ;
#2922 = VECTOR ( 'NONE', #3235, 1000.000000000000000 ) ;
#2923 = EDGE_LOOP ( 'NONE', ( #406, #49, #3766, #919 ) ) ;
#2924 = CARTESIAN_POINT ( 'NONE',  ( 1.500000000000000900, 0.5362000000000004500, 1.110000000000000500 ) ) ;
#2925 = DIRECTION ( 'NONE',  ( -0.0000000000000000000, 1.000000000000000000, -0.0000000000000000000 ) ) ;
#2926 = VECTOR ( 'NONE', #1230, 1000.000000000000000 ) ;
#2927 = CARTESIAN_POINT ( 'NONE',  ( -2.201813623794040400, 0.1927602130810807700, 0.1100000000000005000 ) ) ;
#2928 = ADVANCED_FACE ( 'NONE', ( #947 ), #2229, .T. ) ;
#2929 = ORIENTED_EDGE ( 'NONE', *, *, #2463, .T. ) ;
#2930 = VECTOR ( 'NONE', #2866, 1000.000000000000000 ) ;
#2931 = CARTESIAN_POINT ( 'NONE',  ( 1.500000000000000900, 0.7162000000000003900, 1.110000000000000500 ) ) ;
#2932 = ORIENTED_EDGE ( 'NONE', *, *, #4638, .F. ) ;
#2933 = LINE ( 'NONE', #309, #4368 ) ;
#2934 = ORIENTED_EDGE ( 'NONE', *, *, #567, .T. ) ;
#2935 = DIRECTION ( 'NONE',  ( 3.925976682162903200E-016, 1.000000000000000000, -0.0000000000000000000 ) ) ;
#2936 = ORIENTED_EDGE ( 'NONE', *, *, #901, .F. ) ;
#2937 = AXIS2_PLACEMENT_3D ( 'NONE', #2764, #516, #3161 ) ;
#2938 = VERTEX_POINT ( 'NONE', #4891 ) ;
#2939 = VECTOR ( 'NONE', #3899, 1000.000000000000000 ) ;
#2940 = VERTEX_POINT ( 'NONE', #606 ) ;
#2941 = DIRECTION ( 'NONE',  ( 0.0000000000000000000, 0.0000000000000000000, 1.000000000000000000 ) ) ;
#2942 = ORIENTED_EDGE ( 'NONE', *, *, #2393, .F. ) ;
#2943 = VERTEX_POINT ( 'NONE', #2214 ) ;
#2944 = EDGE_CURVE ( 'NONE', #4363, #353, #1478, .T. ) ;
#2945 = PRESENTATION_LAYER_ASSIGNMENT (  '', '', ( #4068 ) ) ;
#2946 = MECHANICAL_DESIGN_GEOMETRIC_PRESENTATION_REPRESENTATION (  '', ( #3187 ), #2533 ) ;
#2947 = CARTESIAN_POINT ( 'NONE',  ( 1.886577241033763300, 0.4435498852866847600, 0.8900000000000004600 ) ) ;
#2948 = ORIENTED_EDGE ( 'NONE', *, *, #2802, .F. ) ;
#2949 = DIRECTION ( 'NONE',  ( -0.0000000000000000000, -0.0000000000000000000, -1.000000000000000000 ) ) ;
#2950 = VECTOR ( 'NONE', #3300, 1000.000000000000000 ) ;
#2951 = DIRECTION ( 'NONE',  ( -0.0000000000000000000, -0.0000000000000000000, -1.000000000000000000 ) ) ;
#2952 = ORIENTED_EDGE ( 'NONE', *, *, #2768, .F. ) ;
#2953 = AXIS2_PLACEMENT_3D ( 'NONE', #2490, #1030, #980 ) ;
#2954 = EDGE_CURVE ( 'NONE', #1850, #3226, #4889, .T. ) ;
#2955 = DIRECTION ( 'NONE',  ( 0.9848077530122081300, -0.1736481776669305800, 0.0000000000000000000 ) ) ;
#2956 = VECTOR ( 'NONE', #86, 1000.000000000000000 ) ;
#2957 = LINE ( 'NONE', #4469, #3129 ) ;
#2958 = ORIENTED_EDGE ( 'NONE', *, *, #3728, .F. ) ;
#2959 = CARTESIAN_POINT ( 'NONE',  ( 1.500000000000000900, 0.7162000000000003900, -0.1099999999999995300 ) ) ;
#2960 = DIRECTION ( 'NONE',  ( 1.000000000000000000, 0.0000000000000000000, 0.0000000000000000000 ) ) ;
#2961 = VERTEX_POINT ( 'NONE', #3647 ) ;
#2962 = VECTOR ( 'NONE', #4413, 1000.000000000000000 ) ;
#2963 = DIRECTION ( 'NONE',  ( -0.0000000000000000000, -0.0000000000000000000, -1.000000000000000000 ) ) ;
#2964 = FACE_OUTER_BOUND ( 'NONE', #4496, .T. ) ;
#2965 = VERTEX_POINT ( 'NONE', #1402 ) ;
#2966 = CARTESIAN_POINT ( 'NONE',  ( 2.450000000000000200, 0.1797533162558224400, -0.3899999999999995100 ) ) ;
#2967 = VERTEX_POINT ( 'NONE', #4447 ) ;
#2968 = LINE ( 'NONE', #3340, #2608 ) ;
#2969 = ORIENTED_EDGE ( 'NONE', *, *, #2341, .T. ) ;
#2970 = EDGE_CURVE ( 'NONE', #989, #3437, #4639, .T. ) ;
#2971 = CARTESIAN_POINT ( 'NONE',  ( 2.201813623794040400, 0.1927602130810809300, 0.6100000000000005400 ) ) ;
#2972 = EDGE_CURVE ( 'NONE', #1336, #1793, #3557, .T. ) ;
#2973 = LINE ( 'NONE', #3325, #2910 ) ;
#2974 = EDGE_CURVE ( 'NONE', #3729, #2133, #2554, .T. ) ;
#2975 = ORIENTED_EDGE ( 'NONE', *, *, #2849, .T. ) ;
#2976 = CARTESIAN_POINT ( 'NONE',  ( 2.207681502606056800, 0.3047260107602004500, -0.8899999999999995700 ) ) ;
#2977 = FACE_OUTER_BOUND ( 'NONE', #4367, .T. ) ;
#2978 = PLANE ( 'NONE',  #4296 ) ;
#2979 = CARTESIAN_POINT ( 'NONE',  ( 2.192393151670311500, 0.01300689682525813000, -0.8899999999999995700 ) ) ;
#2980 = VERTEX_POINT ( 'NONE', #4812 ) ;
#2981 = VECTOR ( 'NONE', #894, 1000.000000000000000 ) ;
#2982 = ORIENTED_EDGE ( 'NONE', *, *, #3989, .F. ) ;
#2983 = CARTESIAN_POINT ( 'NONE',  ( -1.500000000000001100, 0.5362000000000004500, -0.3899999999999995100 ) ) ;
#2984 = DIRECTION ( 'NONE',  ( -0.0000000000000000000, -0.0000000000000000000, -1.000000000000000000 ) ) ;
#2985 =( NAMED_UNIT ( * ) SI_UNIT ( $, .STERADIAN. ) SOLID_ANGLE_UNIT ( ) );
#2986 = VECTOR ( 'NONE', #3037, 1000.000000000000000 ) ;
#2987 = DIRECTION ( 'NONE',  ( -0.0000000000000000000, -0.0000000000000000000, -1.000000000000000000 ) ) ;
#2988 = ORIENTED_EDGE ( 'NONE', *, *, #3874, .F. ) ;
#2989 = VERTEX_POINT ( 'NONE', #1760 ) ;
#2990 = VECTOR ( 'NONE', #278, 1000.000000000000000 ) ;
#2991 = DIRECTION ( 'NONE',  ( -0.0000000000000000000, -0.0000000000000000000, -1.000000000000000000 ) ) ;
#2992 = ORIENTED_EDGE ( 'NONE', *, *, #3992, .F. ) ;
#2993 = FACE_OUTER_BOUND ( 'NONE', #4560, .T. ) ;
#2994 = DIRECTION ( 'NONE',  ( 0.0000000000000000000, 0.0000000000000000000, 1.000000000000000000 ) ) ;
#2995 = VERTEX_POINT ( 'NONE', #1707 ) ;
#2996 = ORIENTED_EDGE ( 'NONE', *, *, #2599, .F. ) ;
#2997 = EDGE_CURVE ( 'NONE', #3059, #4363, #1544, .T. ) ;
#2998 = ADVANCED_FACE ( 'NONE', ( #1720 ), #832, .T. ) ;
#2999 = DIRECTION ( 'NONE',  ( -0.0000000000000000000, 1.000000000000000000, -0.0000000000000000000 ) ) ;
#3000 = ORIENTED_EDGE ( 'NONE', *, *, #843, .T. ) ;
#3001 = ORIENTED_EDGE ( 'NONE', *, *, #460, .T. ) ;
#3002 = EDGE_LOOP ( 'NONE', ( #4672, #1780, #2856, #322, #748, #89, #4517, #3764, #862, #2179, #2634, #3151 ) ) ;
#3003 = CARTESIAN_POINT ( 'NONE',  ( -2.192393151670311500, 0.01300689682525813000, 0.6100000000000005400 ) ) ;
#3004 = ORIENTED_EDGE ( 'NONE', *, *, #264, .F. ) ;
#3005 = CARTESIAN_POINT ( 'NONE',  ( -2.192393151670311500, 0.01300689682525813000, 0.1100000000000005000 ) ) ;
#3006 = DIRECTION ( 'NONE',  ( 1.000000000000000000, -3.925976682162903200E-016, 0.0000000000000000000 ) ) ;
#3007 = CARTESIAN_POINT ( 'NONE',  ( 1.776161133969903500, 0.7161999999999997300, -0.8899999999999995700 ) ) ;
#3008 = VECTOR ( 'NONE', #593, 1000.000000000000100 ) ;
#3009 = AXIS2_PLACEMENT_3D ( 'NONE', #2826, #1316, #1333 ) ;
#3010 = EDGE_CURVE ( 'NONE', #2940, #1710, #4344, .T. ) ;
#3011 = CARTESIAN_POINT ( 'NONE',  ( 2.207681502606056800, 0.3047260107602004500, 0.8900000000000004600 ) ) ;
#3012 = VECTOR ( 'NONE', #1566, 1000.000000000000000 ) ;
#3013 = FACE_OUTER_BOUND ( 'NONE', #670, .T. ) ;
#3014 = ORIENTED_EDGE ( 'NONE', *, *, #2241, .F. ) ;
#3015 = VECTOR ( 'NONE', #637, 1000.000000000000000 ) ;
#3016 = VECTOR ( 'NONE', #4632, 1000.000000000000000 ) ;
#3017 = DIRECTION ( 'NONE',  ( 0.0000000000000000000, 0.0000000000000000000, 1.000000000000000000 ) ) ;
#3018 = ORIENTED_EDGE ( 'NONE', *, *, #2461, .F. ) ;
#3019 = VECTOR ( 'NONE', #4803, 1000.000000000000000 ) ;
#3020 = LINE ( 'NONE', #4896, #4341 ) ;
#3021 = ADVANCED_FACE ( 'NONE', ( #4282 ), #601, .F. ) ;
#3022 = CARTESIAN_POINT ( 'NONE',  ( 1.500000000000000900, 0.7162000000000003900, 1.110000000000000500 ) ) ;
#3023 = SURFACE_SIDE_STYLE ('',( #4064 ) ) ;
#3024 = ORIENTED_EDGE ( 'NONE', *, *, #1125, .T. ) ;
#3025 = FACE_OUTER_BOUND ( 'NONE', #270, .T. ) ;
#3026 = CARTESIAN_POINT ( 'NONE',  ( -1.500000000000000900, 0.5362000000000004500, 0.6100000000000005400 ) ) ;
#3027 = PLANE ( 'NONE',  #3699 ) ;
#3028 = LINE ( 'NONE', #369, #2504 ) ;
#3029 = EDGE_CURVE ( 'NONE', #24, #2694, #3850, .T. ) ;
#3030 = ORIENTED_EDGE ( 'NONE', *, *, #3790, .T. ) ;
#3031 = ORIENTED_EDGE ( 'NONE', *, *, #1998, .T. ) ;
#3032 = DIRECTION ( 'NONE',  ( 1.000000000000000000, -3.925976682162903200E-016, 0.0000000000000000000 ) ) ;
#3033 = EDGE_CURVE ( 'NONE', #144, #1058, #3192, .T. ) ;
#3034 = PRESENTATION_LAYER_ASSIGNMENT (  '', '', ( #3187 ) ) ;
#3035 = LINE ( 'NONE', #608, #2447 ) ;
#3036 = ORIENTED_EDGE ( 'NONE', *, *, #421, .F. ) ;
#3037 = DIRECTION ( 'NONE',  ( 1.000000000000000000, 3.925976682162903200E-016, -0.0000000000000000000 ) ) ;
#3038 = LINE ( 'NONE', #4593, #3099 ) ;
#3039 = DIRECTION ( 'NONE',  ( -0.0000000000000000000, 0.0000000000000000000, -1.000000000000000000 ) ) ;
#3040 = PLANE ( 'NONE',  #4110 ) ;
#3041 = AXIS2_PLACEMENT_3D ( 'NONE', #4345, #2094, #533 ) ;
#3042 = EDGE_CURVE ( 'NONE', #4061, #1772, #1180, .T. ) ;
#3043 = CARTESIAN_POINT ( 'NONE',  ( -1.886577241033763300, 0.4435498852866847600, 0.3900000000000004600 ) ) ;
#3044 = DIRECTION ( 'NONE',  ( 0.0000000000000000000, 1.000000000000000000, 0.0000000000000000000 ) ) ;
#3045 = ADVANCED_FACE ( 'NONE', ( #230 ), #2834, .F. ) ;
#3046 = CARTESIAN_POINT ( 'NONE',  ( -2.192393151670311500, 0.01300689682525813000, 0.8900000000000004600 ) ) ;
#3047 = CARTESIAN_POINT ( 'NONE',  ( -1.500000000000001100, 0.5362000000000004500, -0.3899999999999995100 ) ) ;
#3048 = ORIENTED_EDGE ( 'NONE', *, *, #3972, .F. ) ;
#3049 = FACE_OUTER_BOUND ( 'NONE', #3002, .T. ) ;
#3050 = DIRECTION ( 'NONE',  ( 0.0000000000000000000, 0.0000000000000000000, 1.000000000000000000 ) ) ;
#3051 = ORIENTED_EDGE ( 'NONE', *, *, #3125, .F. ) ;
#3052 = EDGE_LOOP ( 'NONE', ( #248, #4801, #4897, #3671, #168, #3080, #483, #4481, #1747, #4310, #4277, #1700 ) ) ;
#3053 = EDGE_LOOP ( 'NONE', ( #1670, #1163, #3055, #3374, #4260, #2775, #425, #3633, #4863, #878, #4838, #1389 ) ) ;
#3054 = CLOSED_SHELL ( 'NONE', ( #3166, #4186, #4382, #2033, #3021, #885, #3294, #1625, #3618, #3439, #2406, #28, #562, #4358 ) ) ;
#3055 = ORIENTED_EDGE ( 'NONE', *, *, #4509, .T. ) ;
#3056 = DIRECTION ( 'NONE',  ( 0.0000000000000000000, 1.000000000000000000, 0.0000000000000000000 ) ) ;
#3057 = VERTEX_POINT ( 'NONE', #2091 ) ;
#3058 = CARTESIAN_POINT ( 'NONE',  ( 2.450000000000000200, 0.1797533162558224400, -0.1099999999999995300 ) ) ;
#3059 = VERTEX_POINT ( 'NONE', #2109 ) ;
#3060 =( NAMED_UNIT ( * ) PLANE_ANGLE_UNIT ( ) SI_UNIT ( $, .RADIAN. ) );
#3061 = EDGE_CURVE ( 'NONE', #4357, #2967, #2191, .T. ) ;
#3062 = CARTESIAN_POINT ( 'NONE',  ( -2.192393151670311500, 0.01300689682525813000, -0.8899999999999995700 ) ) ;
#3063 = DIRECTION ( 'NONE',  ( 0.9986295347545742800, -0.05233595624293850600, 0.0000000000000000000 ) ) ;
#3064 = EDGE_CURVE ( 'NONE', #2750, #2337, #3428, .T. ) ;
#3065 = EDGE_CURVE ( 'NONE', #1323, #1492, #652, .T. ) ;
#3066 = LINE ( 'NONE', #1375, #995 ) ;
#3067 = ORIENTED_EDGE ( 'NONE', *, *, #1370, .F. ) ;
#3068 = VECTOR ( 'NONE', #3815, 1000.000000000000000 ) ;
#3069 = ADVANCED_FACE ( 'NONE', ( #2964 ), #3677, .F. ) ;
#3070 = PRESENTATION_LAYER_ASSIGNMENT (  '', '', ( #358 ) ) ;
#3071 = CARTESIAN_POINT ( 'NONE',  ( -2.207681502606056800, 0.3047260107602004500, 1.110000000000000500 ) ) ;
#3072 = VECTOR ( 'NONE', #4239, 1000.000000000000000 ) ;
#3073 = VECTOR ( 'NONE', #3289, 1000.000000000000000 ) ;
#3074 = CARTESIAN_POINT ( 'NONE',  ( 1.500000000000000900, 0.7162000000000003900, 0.3900000000000004600 ) ) ;
#3075 = ORIENTED_EDGE ( 'NONE', *, *, #2181, .F. ) ;
#3076 = LINE ( 'NONE', #2075, #4756 ) ;
#3077 = FACE_OUTER_BOUND ( 'NONE', #447, .T. ) ;
#3078 = CARTESIAN_POINT ( 'NONE',  ( 1.776161133969903500, 0.4240805465065317600, -0.8899999999999995700 ) ) ;
#3079 = ORIENTED_EDGE ( 'NONE', *, *, #567, .F. ) ;
#3080 = ORIENTED_EDGE ( 'NONE', *, *, #4739, .T. ) ;
#3081 = CARTESIAN_POINT ( 'NONE',  ( 2.063842636575960100, 0.4748065572667323800, -0.1099999999999995300 ) ) ;
#3082 = CARTESIAN_POINT ( 'NONE',  ( -1.500000000000001100, 0.5362000000000004500, -0.6099999999999995400 ) ) ;
#3083 = VECTOR ( 'NONE', #2497, 1000.000000000000000 ) ;
#3084 = EDGE_LOOP ( 'NONE', ( #3568, #2996, #1806, #755 ) ) ;
#3085 = PLANE ( 'NONE',  #451 ) ;
#3086 = CARTESIAN_POINT ( 'NONE',  ( -2.450000000000000200, 0.1797533162558227800, -1.109999999999999400 ) ) ;
#3087 = VERTEX_POINT ( 'NONE', #3297 ) ;
#3088 = ORIENTED_EDGE ( 'NONE', *, *, #4895, .F. ) ;
#3089 = VECTOR ( 'NONE', #4686, 1000.000000000000000 ) ;
#3090 = AXIS2_PLACEMENT_3D ( 'NONE', #3415, #4890, #2270 ) ;
#3091 = VERTEX_POINT ( 'NONE', #2236 ) ;
#3092 = ADVANCED_FACE ( 'NONE', ( #4698 ), #4852, .F. ) ;
#3093 = DIRECTION ( 'NONE',  ( -0.0000000000000000000, -0.0000000000000000000, -1.000000000000000000 ) ) ;
#3094 = CYLINDRICAL_SURFACE ( 'NONE', #3134, 0.2921194534934678000 ) ;
#3095 =( LENGTH_UNIT ( ) NAMED_UNIT ( * ) SI_UNIT ( .MILLI., .METRE. ) );
#3096 = EDGE_CURVE ( 'NONE', #1355, #1567, #4109, .T. ) ;
#3097 = PRESENTATION_LAYER_ASSIGNMENT (  '', '', ( #3964 ) ) ;
#3098 = AXIS2_PLACEMENT_3D ( 'NONE', #210, #597, #2810 ) ;
#3099 = VECTOR ( 'NONE', #1480, 1000.000000000000000 ) ;
#3100 = PLANE ( 'NONE',  #2675 ) ;
#3101 = DIRECTION ( 'NONE',  ( -1.000000000000000000, 0.0000000000000000000, 0.0000000000000000000 ) ) ;
#3102 = ORIENTED_EDGE ( 'NONE', *, *, #233, .T. ) ;
#3103 = LINE ( 'NONE', #3239, #4307 ) ;
#3104 = DIRECTION ( 'NONE',  ( 1.445602896647339700E-016, -0.0000000000000000000, 1.000000000000000000 ) ) ;
#3105 = AXIS2_PLACEMENT_3D ( 'NONE', #2896, #3690, #4864 ) ;
#3106 = EDGE_CURVE ( 'NONE', #4023, #916, #162, .T. ) ;
#3107 = ORIENTED_EDGE ( 'NONE', *, *, #3198, .F. ) ;
#3108 = CARTESIAN_POINT ( 'NONE',  ( 2.450000000000000200, 0.1797533162558224400, -0.8899999999999995700 ) ) ;
#3109 = LINE ( 'NONE', #4569, #3754 ) ;
#3110 = DIRECTION ( 'NONE',  ( -0.0000000000000000000, -0.0000000000000000000, -1.000000000000000000 ) ) ;
#3111 = ORIENTED_EDGE ( 'NONE', *, *, #192, .F. ) ;
#3112 = ORIENTED_EDGE ( 'NONE', *, *, #2363, .T. ) ;
#3113 = SURFACE_STYLE_USAGE ( .BOTH. , #458 ) ;
#3114 = DIRECTION ( 'NONE',  ( -1.000000000000000000, 0.0000000000000000000, 0.0000000000000000000 ) ) ;
#3115 = VERTEX_POINT ( 'NONE', #3740 ) ;
#3116 = ORIENTED_EDGE ( 'NONE', *, *, #99, .F. ) ;
#3117 = EDGE_LOOP ( 'NONE', ( #4656, #3753, #32, #2670 ) ) ;
#3118 = DIRECTION ( 'NONE',  ( -1.000000000000000000, 0.0000000000000000000, 0.0000000000000000000 ) ) ;
#3119 = EDGE_LOOP ( 'NONE', ( #3721, #4530, #1084, #2678 ) ) ;
#3120 = CARTESIAN_POINT ( 'NONE',  ( 2.097265395542197400, 0.2852566719800475000, -0.6099999999999995400 ) ) ;
#3121 = EDGE_CURVE ( 'NONE', #916, #244, #4576, .T. ) ;
#3122 = LINE ( 'NONE', #4029, #702 ) ;
#3123 = CARTESIAN_POINT ( 'NONE',  ( -2.192393151670311500, 0.01300689682525813000, -0.3899999999999995100 ) ) ;
#3124 = DIRECTION ( 'NONE',  ( -0.9986295347545741700, 0.05233595624293849900, -0.0000000000000000000 ) ) ;
#3125 = EDGE_CURVE ( 'NONE', #1567, #4734, #4170, .T. ) ;
#3126 = EDGE_CURVE ( 'NONE', #1013, #1811, #1062, .T. ) ;
#3127 = DIRECTION ( 'NONE',  ( -0.0000000000000000000, -0.0000000000000000000, -1.000000000000000000 ) ) ;
#3128 = MECHANICAL_DESIGN_GEOMETRIC_PRESENTATION_REPRESENTATION (  '', ( #565 ), #1255 ) ;
#3129 = VECTOR ( 'NONE', #3673, 1000.000000000000000 ) ;
#3130 = PLANE ( 'NONE',  #4516 ) ;
#3131 = VECTOR ( 'NONE', #1514, 1000.000000000000000 ) ;
#3132 = VECTOR ( 'NONE', #4099, 1000.000000000000100 ) ;
#3133 = FACE_OUTER_BOUND ( 'NONE', #1080, .T. ) ;
#3134 = AXIS2_PLACEMENT_3D ( 'NONE', #1656, #4713, #2477 ) ;
#3135 = FILL_AREA_STYLE_COLOUR ( '', #3313 ) ;
#3136 = EDGE_CURVE ( 'NONE', #3437, #3525, #4887, .T. ) ;
#3137 = ORIENTED_EDGE ( 'NONE', *, *, #3389, .F. ) ;
#3138 = CYLINDRICAL_SURFACE ( 'NONE', #1374, 0.2921194534934680200 ) ;
#3139 = COLOUR_RGB ( '',0.7921568627450980000, 0.8196078431372548800, 0.9333333333333333500 ) ;
#3140 = ORIENTED_EDGE ( 'NONE', *, *, #300, .T. ) ;
#3141 = DIRECTION ( 'NONE',  ( -0.9986295347545742800, 0.05233595624293722200, 0.0000000000000000000 ) ) ;
#3142 = CARTESIAN_POINT ( 'NONE',  ( 1.886577241033763100, 0.4435498852866847600, -0.3899999999999995100 ) ) ;
#3143 = FACE_OUTER_BOUND ( 'NONE', #3948, .T. ) ;
#3144 = CARTESIAN_POINT ( 'NONE',  ( -1.776161133969903900, 0.5362000000000003400, -0.6099999999999995400 ) ) ;
#3145 = DIRECTION ( 'NONE',  ( -0.0000000000000000000, 1.000000000000000000, -0.0000000000000000000 ) ) ;
#3146 = ADVANCED_FACE ( 'NONE', ( #3077 ), #4523, .T. ) ;
#3147 = FACE_OUTER_BOUND ( 'NONE', #990, .T. ) ;
#3148 = ORIENTED_EDGE ( 'NONE', *, *, #3407, .T. ) ;
#3149 = VERTEX_POINT ( 'NONE', #4081 ) ;
#3150 = FACE_OUTER_BOUND ( 'NONE', #4905, .T. ) ;
#3151 = ORIENTED_EDGE ( 'NONE', *, *, #502, .T. ) ;
#3152 = EDGE_CURVE ( 'NONE', #62, #4061, #827, .T. ) ;
#3153 = ORIENTED_EDGE ( 'NONE', *, *, #3602, .F. ) ;
#3154 = AXIS2_PLACEMENT_3D ( 'NONE', #3945, #4334, #2053 ) ;
#3155 = DIRECTION ( 'NONE',  ( 0.0000000000000000000, 0.0000000000000000000, -1.000000000000000000 ) ) ;
#3156 = DIRECTION ( 'NONE',  ( 0.0000000000000000000, -1.000000000000000000, 0.0000000000000000000 ) ) ;
#3157 = DIRECTION ( 'NONE',  ( -0.0000000000000000000, -0.0000000000000000000, -1.000000000000000000 ) ) ;
#3158 = PRODUCT_DEFINITION_FORMATION_WITH_SPECIFIED_SOURCE ( 'ANY', '', #4745, .NOT_KNOWN. ) ;
#3159 = EDGE_LOOP ( 'NONE', ( #4082, #4084, #2351, #4080 ) ) ;
#3160 = VECTOR ( 'NONE', #977, 1000.000000000000000 ) ;
#3161 = DIRECTION ( 'NONE',  ( 0.1736481776669282800, -0.9848077530122084600, 0.0000000000000000000 ) ) ;
#3162 = CARTESIAN_POINT ( 'NONE',  ( 1.776161133969903700, 0.7161999999999997300, 0.6100000000000005400 ) ) ;
#3163 = VERTEX_POINT ( 'NONE', #717 ) ;
#3164 = ORIENTED_EDGE ( 'NONE', *, *, #2119, .T. ) ;
#3165 = EDGE_LOOP ( 'NONE', ( #3410, #1751, #3230, #3203 ) ) ;
#3166 = ADVANCED_FACE ( 'NONE', ( #884 ), #1459, .F. ) ;
#3167 = EDGE_LOOP ( 'NONE', ( #3232, #3933, #4606, #4446 ) ) ;
#3168 = VERTEX_POINT ( 'NONE', #2600 ) ;
#3169 = EDGE_LOOP ( 'NONE', ( #4234, #3520, #1220, #326 ) ) ;
#3170 = ORIENTED_EDGE ( 'NONE', *, *, #3061, .F. ) ;
#3171 = PLANE ( 'NONE',  #730 ) ;
#3172 = DIRECTION ( 'NONE',  ( -0.0000000000000000000, 0.0000000000000000000, -1.000000000000000000 ) ) ;
#3173 = CIRCLE ( 'NONE', #3446, 0.1121194534934686200 ) ;
#3174 = ORIENTED_EDGE ( 'NONE', *, *, #3456, .F. ) ;
#3175 = DIRECTION ( 'NONE',  ( -0.9848077530122080200, 0.1736481776669307200, 7.118204701976028400E-017 ) ) ;
#3176 = AXIS2_PLACEMENT_3D ( 'NONE', #999, #4797, #229 ) ;
#3177 = CARTESIAN_POINT ( 'NONE',  ( -2.063842636575960100, 0.4748065572667322100, -0.1099999999999995300 ) ) ;
#3178 = SURFACE_STYLE_FILL_AREA ( #3958 ) ;
#3179 = MANIFOLD_SOLID_BREP ( 'LPattern1[8]', #1157 ) ;
#3180 = CARTESIAN_POINT ( 'NONE',  ( -1.432325704804090300, 0.1524000000000005600, 1.432325704804090300 ) ) ;
#3181 = CARTESIAN_POINT ( 'NONE',  ( 1.500000000000000700, 0.5362000000000004500, -0.8899999999999995700 ) ) ;
#3182 = CYLINDRICAL_SURFACE ( 'NONE', #330, 0.1121194534934686200 ) ;
#3183 = CARTESIAN_POINT ( 'NONE',  ( 1.500000000000000900, 0.5362000000000004500, 0.1100000000000005000 ) ) ;
#3184 = EDGE_CURVE ( 'NONE', #1991, #813, #3020, .T. ) ;
#3185 = EDGE_LOOP ( 'NONE', ( #2250, #2354, #633, #3371 ) ) ;
#3186 = AXIS2_PLACEMENT_3D ( 'NONE', #805, #1944, #4613 ) ;
#3187 = STYLED_ITEM ( 'NONE', ( #1121 ), #3311 ) ;
#3188 = ORIENTED_EDGE ( 'NONE', *, *, #1141, .T. ) ;
#3189 = VERTEX_POINT ( 'NONE', #2220 ) ;
#3190 = DIRECTION ( 'NONE',  ( 0.1736481776669307200, 0.9848077530122080200, 0.0000000000000000000 ) ) ;
#3191 = PLANE ( 'NONE',  #1546 ) ;
#3192 = LINE ( 'NONE', #2473, #1951 ) ;
#3193 = ADVANCED_FACE ( 'NONE', ( #3552 ), #2555, .F. ) ;
#3194 = VERTEX_POINT ( 'NONE', #1114 ) ;
#3195 = EDGE_LOOP ( 'NONE', ( #4719, #3204, #1102, #1866 ) ) ;
#3196 = CARTESIAN_POINT ( 'NONE',  ( 1.776161133969903500, 0.5362000000000003400, -1.109999999999999400 ) ) ;
#3197 = LINE ( 'NONE', #2983, #4467 ) ;
#3198 = EDGE_CURVE ( 'NONE', #693, #2694, #2308, .T. ) ;
#3199 = ORIENTED_EDGE ( 'NONE', *, *, #1706, .T. ) ;
#3200 = FACE_OUTER_BOUND ( 'NONE', #4222, .T. ) ;
#3201 = CARTESIAN_POINT ( 'NONE',  ( 1.920000000000000400, 0.2540000000000001100, 0.1100000000000005000 ) ) ;
#3202 = DIRECTION ( 'NONE',  ( 0.9986295347545742800, 0.05233595624293665300, -0.0000000000000000000 ) ) ;
#3203 = ORIENTED_EDGE ( 'NONE', *, *, #4176, .T. ) ;
#3204 = ORIENTED_EDGE ( 'NONE', *, *, #132, .F. ) ;
#3205 = DIRECTION ( 'NONE',  ( -3.925976682162903200E-016, 1.000000000000000000, 0.0000000000000000000 ) ) ;
#3206 = VECTOR ( 'NONE', #1982, 1000.000000000000000 ) ;
#3207 = DIRECTION ( 'NONE',  ( -0.0000000000000000000, -0.0000000000000000000, -1.000000000000000000 ) ) ;
#3208 = ORIENTED_EDGE ( 'NONE', *, *, #4681, .T. ) ;
#3209 = CIRCLE ( 'NONE', #598, 0.2921194534934680200 ) ;
#3210 = PLANE ( 'NONE',  #500 ) ;
#3211 = LINE ( 'NONE', #2375, #3271 ) ;
#3212 = EDGE_CURVE ( 'NONE', #1976, #410, #4943, .T. ) ;
#3213 = ADVANCED_FACE ( 'NONE', ( #1650 ), #38, .F. ) ;
#3214 = DIRECTION ( 'NONE',  ( 1.000000000000000000, 0.0000000000000000000, -0.0000000000000000000 ) ) ;
#3215 = EDGE_CURVE ( 'NONE', #1252, #4436, #1778, .T. ) ;
#3216 = EDGE_CURVE ( 'NONE', #2468, #1212, #1012, .T. ) ;
#3217 = ORIENTED_EDGE ( 'NONE', *, *, #4048, .F. ) ;
#3218 = CARTESIAN_POINT ( 'NONE',  ( 2.201813623794040400, 0.1927602130810809300, 0.3900000000000004600 ) ) ;
#3219 = CARTESIAN_POINT ( 'NONE',  ( 1.776161133969903700, 0.4240805465065317600, 0.8900000000000004600 ) ) ;
#3220 = LINE ( 'NONE', #3391, #3459 ) ;
#3221 = DIRECTION ( 'NONE',  ( -1.000000000000000000, 2.355586009297741800E-015, -0.0000000000000000000 ) ) ;
#3222 = ORIENTED_EDGE ( 'NONE', *, *, #128, .T. ) ;
#3223 = DIRECTION ( 'NONE',  ( -0.0000000000000000000, -0.0000000000000000000, -1.000000000000000000 ) ) ;
#3224 = DIRECTION ( 'NONE',  ( -0.0000000000000000000, -0.0000000000000000000, -1.000000000000000000 ) ) ;
#3225 = VECTOR ( 'NONE', #3881, 1000.000000000000000 ) ;
#3226 = VERTEX_POINT ( 'NONE', #747 ) ;
#3227 = ORIENTED_EDGE ( 'NONE', *, *, #4869, .T. ) ;
#3228 = ORIENTED_EDGE ( 'NONE', *, *, #3894, .F. ) ;
#3229 = DIRECTION ( 'NONE',  ( -1.000000000000000000, 0.0000000000000000000, 0.0000000000000000000 ) ) ;
#3230 = ORIENTED_EDGE ( 'NONE', *, *, #4681, .F. ) ;
#3231 = DIRECTION ( 'NONE',  ( 0.9986295347545742800, 0.05233595624293722200, -0.0000000000000000000 ) ) ;
#3232 = ORIENTED_EDGE ( 'NONE', *, *, #4482, .T. ) ;
#3233 = CARTESIAN_POINT ( 'NONE',  ( 2.440579527876271600, -6.776263578034402700E-018, 0.6100000000000005400 ) ) ;
#3234 = ORIENTED_EDGE ( 'NONE', *, *, #1676, .T. ) ;
#3235 = DIRECTION ( 'NONE',  ( 0.9986295347545742800, 0.05233595624293722200, -0.0000000000000000000 ) ) ;
#3236 = CARTESIAN_POINT ( 'NONE',  ( -1.776161133969903900, 0.5362000000000003400, -0.3899999999999995100 ) ) ;
#3237 = CARTESIAN_POINT ( 'NONE',  ( 2.097265395542197400, 0.2852566719800475000, 0.8900000000000004600 ) ) ;
#3238 = DIRECTION ( 'NONE',  ( 1.000000000000000000, 0.0000000000000000000, 0.0000000000000000000 ) ) ;
#3239 = CARTESIAN_POINT ( 'NONE',  ( -1.886577241033763600, 0.4435498852866847600, -0.3899999999999995100 ) ) ;
#3240 = ADVANCED_FACE ( 'NONE', ( #3315 ), #794, .F. ) ;
#3241 = DIRECTION ( 'NONE',  ( -0.0000000000000000000, -0.0000000000000000000, -1.000000000000000000 ) ) ;
#3242 = EDGE_CURVE ( 'NONE', #2117, #3579, #3916, .T. ) ;
#3243 = CYLINDRICAL_SURFACE ( 'NONE', #4573, 0.2921194534934680200 ) ;
#3244 = CARTESIAN_POINT ( 'NONE',  ( -1.500000000000000900, 0.7162000000000003900, 0.3900000000000004600 ) ) ;
#3245 = DIRECTION ( 'NONE',  ( 0.0000000000000000000, 0.0000000000000000000, 1.000000000000000000 ) ) ;
#3246 = AXIS2_PLACEMENT_3D ( 'NONE', #1801, #660, #3303 ) ;
#3247 = DIRECTION ( 'NONE',  ( -0.0000000000000000000, -0.0000000000000000000, -1.000000000000000000 ) ) ;
#3248 = LINE ( 'NONE', #179, #2962 ) ;
#3249 = LINE ( 'NONE', #3911, #1238 ) ;
#3250 = DIRECTION ( 'NONE',  ( -0.0000000000000000000, -0.0000000000000000000, -1.000000000000000000 ) ) ;
#3251 = ORIENTED_EDGE ( 'NONE', *, *, #1734, .F. ) ;
#3252 = CARTESIAN_POINT ( 'NONE',  ( -1.886577241033763300, 0.4435498852866847600, 1.110000000000000500 ) ) ;
#3253 = ORIENTED_EDGE ( 'NONE', *, *, #731, .F. ) ;
#3254 = VECTOR ( 'NONE', #4051, 1000.000000000000000 ) ;
#3255 = VECTOR ( 'NONE', #2281, 1000.000000000000000 ) ;
#3256 = AXIS2_PLACEMENT_3D ( 'NONE', #2171, #4055, #4095 ) ;
#3257 = DIRECTION ( 'NONE',  ( -0.0000000000000000000, 0.0000000000000000000, -1.000000000000000000 ) ) ;
#3258 = DIRECTION ( 'NONE',  ( 1.000000000000000000, 0.0000000000000000000, -0.0000000000000000000 ) ) ;
#3259 = LINE ( 'NONE', #4075, #4832 ) ;
#3260 = DIRECTION ( 'NONE',  ( -0.9986295347545742800, 0.05233595624293722200, 0.0000000000000000000 ) ) ;
#3261 = EDGE_CURVE ( 'NONE', #277, #3346, #768, .T. ) ;
#3262 = LINE ( 'NONE', #4912, #4648 ) ;
#3263 = CARTESIAN_POINT ( 'NONE',  ( -1.886577241033763300, 0.4435498852866847600, 0.1100000000000005000 ) ) ;
#3264 = EDGE_LOOP ( 'NONE', ( #2011, #2874, #2047, #2758, #4634, #4342, #3148, #436, #2054, #379, #3912, #3668 ) ) ;
#3265 = ADVANCED_FACE ( 'NONE', ( #4827 ), #3027, .T. ) ;
#3266 = VERTEX_POINT ( 'NONE', #3046 ) ;
#3267 = DIRECTION ( 'NONE',  ( -1.000000000000000000, 0.0000000000000000000, 0.0000000000000000000 ) ) ;
#3268 = FACE_OUTER_BOUND ( 'NONE', #3985, .T. ) ;
#3269 = CARTESIAN_POINT ( 'NONE',  ( 1.500000000000000900, 0.7162000000000003900, 0.1100000000000005000 ) ) ;
#3270 = ORIENTED_EDGE ( 'NONE', *, *, #3318, .T. ) ;
#3271 = VECTOR ( 'NONE', #1580, 1000.000000000000000 ) ;
#3272 = DIRECTION ( 'NONE',  ( 1.000000000000000000, 0.0000000000000000000, 0.0000000000000000000 ) ) ;
#3273 = DIRECTION ( 'NONE',  ( -0.0000000000000000000, -0.0000000000000000000, -1.000000000000000000 ) ) ;
#3274 = ORIENTED_EDGE ( 'NONE', *, *, #1504, .T. ) ;
#3275 = CARTESIAN_POINT ( 'NONE',  ( -1.776161133969903700, 0.7161999999999997300, 0.6100000000000005400 ) ) ;
#3276 = PRESENTATION_STYLE_ASSIGNMENT (( #1553 ) ) ;
#3277 = DIRECTION ( 'NONE',  ( 3.925976682162903200E-016, 1.000000000000000000, -0.0000000000000000000 ) ) ;
#3278 = PLANE ( 'NONE',  #4002 ) ;
#3279 = CARTESIAN_POINT ( 'NONE',  ( -1.072574600253919600, 0.9999999999999993300, -1.159618693102123300 ) ) ;
#3280 = ORIENTED_EDGE ( 'NONE', *, *, #3663, .F. ) ;
#3281 = EDGE_CURVE ( 'NONE', #1991, #3392, #3785, .T. ) ;
#3282 = VECTOR ( 'NONE', #2439, 1000.000000000000000 ) ;
#3283 = EDGE_CURVE ( 'NONE', #535, #1323, #3674, .T. ) ;
#3284 = ORIENTED_EDGE ( 'NONE', *, *, #419, .F. ) ;
#3285 = AXIS2_PLACEMENT_3D ( 'NONE', #57, #3523, #4285 ) ;
#3286 = CARTESIAN_POINT ( 'NONE',  ( 1.886577241033763100, 0.4435498852866847600, -0.6099999999999995400 ) ) ;
#3287 = DIRECTION ( 'NONE',  ( 0.0000000000000000000, 0.0000000000000000000, 1.000000000000000000 ) ) ;
#3288 = ORIENTED_EDGE ( 'NONE', *, *, #267, .T. ) ;
#3289 = DIRECTION ( 'NONE',  ( -0.0000000000000000000, 1.000000000000000000, -0.0000000000000000000 ) ) ;
#3290 = ORIENTED_EDGE ( 'NONE', *, *, #4490, .T. ) ;
#3291 = ORIENTED_EDGE ( 'NONE', *, *, #4419, .F. ) ;
#3292 = CARTESIAN_POINT ( 'NONE',  ( 1.500000000000000700, 0.7162000000000003900, -0.6099999999999995400 ) ) ;
#3293 = VERTEX_POINT ( 'NONE', #3406 ) ;
#3294 = ADVANCED_FACE ( 'NONE', ( #4631 ), #2698, .F. ) ;
#3295 = AXIS2_PLACEMENT_3D ( 'NONE', #2329, #64, #1610 ) ;
#3296 = EDGE_CURVE ( 'NONE', #3584, #344, #4275, .T. ) ;
#3297 = CARTESIAN_POINT ( 'NONE',  ( 1.920000000000000400, 0.2540000000000001100, 1.110000000000000500 ) ) ;
#3298 = ORIENTED_EDGE ( 'NONE', *, *, #618, .T. ) ;
#3299 = DIRECTION ( 'NONE',  ( -0.0000000000000000000, -0.0000000000000000000, -1.000000000000000000 ) ) ;
#3300 = DIRECTION ( 'NONE',  ( -0.9986295347545742800, -0.05233595624293664600, 0.0000000000000000000 ) ) ;
#3301 = VECTOR ( 'NONE', #793, 1000.000000000000000 ) ;
#3302 = ORIENTED_EDGE ( 'NONE', *, *, #1411, .F. ) ;
#3303 = DIRECTION ( 'NONE',  ( -1.000000000000000000, 0.0000000000000000000, 0.0000000000000000000 ) ) ;
#3304 = FACE_OUTER_BOUND ( 'NONE', #2653, .T. ) ;
#3305 = CARTESIAN_POINT ( 'NONE',  ( 1.886577241033763300, 0.4435498852866847600, 0.1100000000000005000 ) ) ;
#3306 = DIRECTION ( 'NONE',  ( -1.000000000000000000, 0.0000000000000000000, 0.0000000000000000000 ) ) ;
#3307 = CARTESIAN_POINT ( 'NONE',  ( 2.192393151670311500, 0.01300689682525813000, -0.8899999999999995700 ) ) ;
#3308 = FACE_OUTER_BOUND ( 'NONE', #511, .T. ) ;
#3309 = ORIENTED_EDGE ( 'NONE', *, *, #4192, .F. ) ;
#3310 = SURFACE_STYLE_USAGE ( .BOTH. , #732 ) ;
#3311 = MANIFOLD_SOLID_BREP ( 'LPattern1[2]', #2605 ) ;
#3312 = EDGE_CURVE ( 'NONE', #1440, #4154, #4567, .T. ) ;
#3313 = COLOUR_RGB ( '',0.7921568627450980000, 0.8196078431372548800, 0.9333333333333333500 ) ;
#3314 = CARTESIAN_POINT ( 'NONE',  ( -2.207681502606056800, 0.3047260107602004500, -1.109999999999999400 ) ) ;
#3315 = FACE_OUTER_BOUND ( 'NONE', #1371, .T. ) ;
#3316 = EDGE_CURVE ( 'NONE', #3641, #123, #583, .T. ) ;
#3317 = VERTEX_POINT ( 'NONE', #1142 ) ;
#3318 = EDGE_CURVE ( 'NONE', #4675, #2772, #2652, .T. ) ;
#3319 = VECTOR ( 'NONE', #2991, 1000.000000000000000 ) ;
#3320 = CARTESIAN_POINT ( 'NONE',  ( -1.886577241033763600, 0.4435498852866847600, -0.6099999999999995400 ) ) ;
#3321 = DIRECTION ( 'NONE',  ( -0.0000000000000000000, -0.0000000000000000000, -1.000000000000000000 ) ) ;
#3322 = CARTESIAN_POINT ( 'NONE',  ( 2.201813623794040400, 0.1927602130810809300, 0.1100000000000005000 ) ) ;
#3323 = AXIS2_PLACEMENT_3D ( 'NONE', #3913, #2734, #3541 ) ;
#3324 = LINE ( 'NONE', #2138, #2200 ) ;
#3325 = CARTESIAN_POINT ( 'NONE',  ( 1.500000000000000700, 0.5362000000000004500, -0.3899999999999995100 ) ) ;
#3326 = DIRECTION ( 'NONE',  ( -0.1710878697460358800, 0.9702875252478138100, 0.1710878697460359000 ) ) ;
#3327 = EDGE_LOOP ( 'NONE', ( #1240, #2441, #1572, #4659 ) ) ;
#3328 = ORIENTED_EDGE ( 'NONE', *, *, #2433, .T. ) ;
#3329 = VERTEX_POINT ( 'NONE', #1601 ) ;
#3330 = PRODUCT_DEFINITION_SHAPE ( 'NONE', 'NONE',  #4806 ) ;
#3331 = ORIENTED_EDGE ( 'NONE', *, *, #1234, .F. ) ;
#3332 = DIRECTION ( 'NONE',  ( -0.9986295347545741700, 0.05233595624293849900, -0.0000000000000000000 ) ) ;
#3333 = LINE ( 'NONE', #3162, #2981 ) ;
#3334 = ORIENTED_EDGE ( 'NONE', *, *, #842, .T. ) ;
#3335 = CARTESIAN_POINT ( 'NONE',  ( -1.776161133969903700, 0.4240805465065317600, 1.110000000000000500 ) ) ;
#3336 = CARTESIAN_POINT ( 'NONE',  ( -1.500000000000000900, 0.7162000000000003900, 0.1100000000000005000 ) ) ;
#3337 = VECTOR ( 'NONE', #3418, 1000.000000000000000 ) ;
#3338 = CARTESIAN_POINT ( 'NONE',  ( -2.201813623794040400, 0.1927602130810808800, -0.3899999999999995100 ) ) ;
#3339 = ORIENTED_EDGE ( 'NONE', *, *, #1933, .T. ) ;
#3340 = CARTESIAN_POINT ( 'NONE',  ( -1.886577241033763300, 0.4435498852866847600, 0.1100000000000005000 ) ) ;
#3341 = DIRECTION ( 'NONE',  ( 0.0000000000000000000, 0.0000000000000000000, 1.000000000000000000 ) ) ;
#3342 = LINE ( 'NONE', #1289, #2990 ) ;
#3343 = ORIENTED_EDGE ( 'NONE', *, *, #2869, .T. ) ;
#3344 = DIRECTION ( 'NONE',  ( 0.0000000000000000000, 0.0000000000000000000, 1.000000000000000000 ) ) ;
#3345 = AXIS2_PLACEMENT_3D ( 'NONE', #265, #1032, #2190 ) ;
#3346 = VERTEX_POINT ( 'NONE', #2399 ) ;
#3347 = VECTOR ( 'NONE', #3145, 1000.000000000000000 ) ;
#3348 = DIRECTION ( 'NONE',  ( -1.000000000000000000, 3.925976682162903200E-016, 0.0000000000000000000 ) ) ;
#3349 = ORIENTED_EDGE ( 'NONE', *, *, #3728, .T. ) ;
#3350 = VERTEX_POINT ( 'NONE', #1984 ) ;
#3351 = ORIENTED_EDGE ( 'NONE', *, *, #823, .F. ) ;
#3352 = EDGE_CURVE ( 'NONE', #854, #2550, #3249, .T. ) ;
#3353 =( GEOMETRIC_REPRESENTATION_CONTEXT ( 3 ) GLOBAL_UNCERTAINTY_ASSIGNED_CONTEXT ( ( #452 ) ) GLOBAL_UNIT_ASSIGNED_CONTEXT ( ( #3804, #3060, #380 ) ) REPRESENTATION_CONTEXT ( 'NONE', 'WORKASPACE' ) );
#3354 = DIRECTION ( 'NONE',  ( -0.9986295347545742800, -0.05233595624293664600, 0.0000000000000000000 ) ) ;
#3355 = ORIENTED_EDGE ( 'NONE', *, *, #4570, .T. ) ;
#3356 = ORIENTED_EDGE ( 'NONE', *, *, #6, .F. ) ;
#3357 = ORIENTED_EDGE ( 'NONE', *, *, #204, .F. ) ;
#3358 = CARTESIAN_POINT ( 'NONE',  ( 2.192393151670311500, 0.01300689682525813000, -1.109999999999999400 ) ) ;
#3359 = AXIS2_PLACEMENT_3D ( 'NONE', #304, #2853, #2592 ) ;
#3360 = EDGE_CURVE ( 'NONE', #1155, #2408, #1004, .T. ) ;
#3361 = DIRECTION ( 'NONE',  ( 0.0000000000000000000, 0.0000000000000000000, 1.000000000000000000 ) ) ;
#3362 = CIRCLE ( 'NONE', #2121, 0.1443949717410304700 ) ;
#3363 = DIRECTION ( 'NONE',  ( 0.05233595624293675700, 0.9986295347545742800, -0.0000000000000000000 ) ) ;
#3364 = FACE_OUTER_BOUND ( 'NONE', #751, .T. ) ;
#3365 = CARTESIAN_POINT ( 'NONE',  ( 2.450000000000000200, 0.1797533162558224400, 0.6100000000000005400 ) ) ;
#3366 =( LENGTH_UNIT ( ) NAMED_UNIT ( * ) SI_UNIT ( .MILLI., .METRE. ) );
#3367 = SURFACE_STYLE_FILL_AREA ( #2821 ) ;
#3368 = LINE ( 'NONE', #3833, #1236 ) ;
#3369 = CARTESIAN_POINT ( 'NONE',  ( 2.097265395542197400, 0.2852566719800475000, 0.1100000000000005000 ) ) ;
#3370 = FACE_OUTER_BOUND ( 'NONE', #3431, .T. ) ;
#3371 = ORIENTED_EDGE ( 'NONE', *, *, #4025, .T. ) ;
#3372 = DIRECTION ( 'NONE',  ( -0.9986295347545742800, 0.05233595624293675000, 0.0000000000000000000 ) ) ;
#3373 = CARTESIAN_POINT ( 'NONE',  ( 1.500000000000000900, 0.7162000000000003900, 0.6100000000000005400 ) ) ;
#3374 = ORIENTED_EDGE ( 'NONE', *, *, #714, .T. ) ;
#3375 = LINE ( 'NONE', #705, #882 ) ;
#3376 = LINE ( 'NONE', #1438, #2663 ) ;
#3377 = CARTESIAN_POINT ( 'NONE',  ( 1.500000000000000900, 0.7162000000000003900, 0.8900000000000004600 ) ) ;
#3378 = EDGE_CURVE ( 'NONE', #3350, #1330, #2770, .T. ) ;
#3379 = FILL_AREA_STYLE ('',( #651 ) ) ;
#3380 = CARTESIAN_POINT ( 'NONE',  ( -1.776161133969903700, 0.7161999999999997300, 0.3900000000000004600 ) ) ;
#3381 = EDGE_CURVE ( 'NONE', #1476, #4941, #1714, .T. ) ;
#3382 = CIRCLE ( 'NONE', #667, 0.2921194534934680200 ) ;
#3383 = EDGE_CURVE ( 'NONE', #847, #3729, #2362, .T. ) ;
#3384 = AXIS2_PLACEMENT_3D ( 'NONE', #2001, #4667, #872 ) ;
#3385 = CIRCLE ( 'NONE', #4609, 0.1121194534934686200 ) ;
#3386 = CARTESIAN_POINT ( 'NONE',  ( -1.500000000000001100, 0.7162000000000003900, -0.8899999999999995700 ) ) ;
#3387 = VERTEX_POINT ( 'NONE', #93 ) ;
#3388 = AXIS2_PLACEMENT_3D ( 'NONE', #4396, #1406, #4798 ) ;
#3389 = EDGE_CURVE ( 'NONE', #3798, #766, #4937, .T. ) ;
#3390 = CYLINDRICAL_SURFACE ( 'NONE', #754, 0.2921194534934682400 ) ;
#3391 = CARTESIAN_POINT ( 'NONE',  ( 2.063842636575960100, 0.4748065572667323800, 1.110000000000000500 ) ) ;
#3392 = VERTEX_POINT ( 'NONE', #1614 ) ;
#3393 = ADVANCED_FACE ( 'NONE', ( #3133 ), #3878, .T. ) ;
#3394 = LINE ( 'NONE', #4658, #4781 ) ;
#3395 = DIRECTION ( 'NONE',  ( 1.000000000000000000, 0.0000000000000000000, 0.0000000000000000000 ) ) ;
#3396 = ORIENTED_EDGE ( 'NONE', *, *, #1225, .T. ) ;
#3397 = VERTEX_POINT ( 'NONE', #72 ) ;
#3398 = LINE ( 'NONE', #1910, #3942 ) ;
#3399 = ORIENTED_EDGE ( 'NONE', *, *, #3567, .F. ) ;
#3400 = LINE ( 'NONE', #846, #2939 ) ;
#3401 = DIRECTION ( 'NONE',  ( 0.0000000000000000000, 0.0000000000000000000, 1.000000000000000000 ) ) ;
#3402 = VERTEX_POINT ( 'NONE', #456 ) ;
#3403 = DIRECTION ( 'NONE',  ( -0.0000000000000000000, -0.0000000000000000000, -1.000000000000000000 ) ) ;
#3404 = VERTEX_POINT ( 'NONE', #3142 ) ;
#3405 = EDGE_CURVE ( 'NONE', #4734, #693, #2899, .T. ) ;
#3406 = CARTESIAN_POINT ( 'NONE',  ( 1.920000000000000200, 0.2540000000000001100, -0.3899999999999995100 ) ) ;
#3407 = EDGE_CURVE ( 'NONE', #4205, #1758, #2007, .T. ) ;
#3408 = ORIENTED_EDGE ( 'NONE', *, *, #335, .T. ) ;
#3409 = VERTEX_POINT ( 'NONE', #1207 ) ;
#3410 = ORIENTED_EDGE ( 'NONE', *, *, #73, .T. ) ;
#3411 = CARTESIAN_POINT ( 'NONE',  ( -2.440579527876271600, -6.776263578034402700E-018, 1.110000000000000500 ) ) ;
#3412 = EDGE_LOOP ( 'NONE', ( #2322, #2535, #4199, #2198, #1021, #1864, #1099, #1215, #828, #2231, #3253, #213 ) ) ;
#3413 = ADVANCED_FACE ( 'NONE', ( #3370 ), #709, .T. ) ;
#3414 = MECHANICAL_DESIGN_GEOMETRIC_PRESENTATION_REPRESENTATION (  '', ( #2914 ), #529 ) ;
#3415 = CARTESIAN_POINT ( 'NONE',  ( -2.207681502606056800, 0.3047260107602004500, -0.3899999999999995100 ) ) ;
#3416 = CARTESIAN_POINT ( 'NONE',  ( 1.500000000000000200, 0.5362000000000004500, -1.500000000000000900 ) ) ;
#3417 = DIRECTION ( 'NONE',  ( 0.0000000000000000000, 0.0000000000000000000, 1.000000000000000000 ) ) ;
#3418 = DIRECTION ( 'NONE',  ( -0.0000000000000000000, -0.0000000000000000000, -1.000000000000000000 ) ) ;
#3419 = DIRECTION ( 'NONE',  ( -1.000000000000000000, 0.0000000000000000000, 0.0000000000000000000 ) ) ;
#3420 = LINE ( 'NONE', #896, #3598 ) ;
#3421 = CARTESIAN_POINT ( 'NONE',  ( 1.776161133969903700, 0.4240805465065317600, 0.3900000000000004600 ) ) ;
#3422 = DIRECTION ( 'NONE',  ( -3.925976682162903200E-016, 1.000000000000000000, 0.0000000000000000000 ) ) ;
#3423 = FACE_OUTER_BOUND ( 'NONE', #2523, .T. ) ;
#3424 = LINE ( 'NONE', #4272, #3780 ) ;
#3425 = CARTESIAN_POINT ( 'NONE',  ( 1.500000000000000900, 0.5362000000000004500, 0.3900000000000004600 ) ) ;
#3426 = ORIENTED_EDGE ( 'NONE', *, *, #886, .T. ) ;
#3427 = LINE ( 'NONE', #1926, #3672 ) ;
#3428 = CIRCLE ( 'NONE', #2953, 0.2921194534934680200 ) ;
#3429 = DIRECTION ( 'NONE',  ( 1.000000000000000000, 0.0000000000000000000, -1.445602896647339200E-016 ) ) ;
#3430 = DIRECTION ( 'NONE',  ( -0.0000000000000000000, 1.000000000000000000, -0.0000000000000000000 ) ) ;
#3431 = EDGE_LOOP ( 'NONE', ( #183, #1761, #2230, #3408 ) ) ;
#3432 = CARTESIAN_POINT ( 'NONE',  ( -2.192393151670311500, 0.01300689682525813000, 1.110000000000000500 ) ) ;
#3433 = CARTESIAN_POINT ( 'NONE',  ( -1.500000000000000900, 0.7162000000000003900, 1.110000000000000500 ) ) ;
#3434 = CIRCLE ( 'NONE', #2598, 0.2921194534934678000 ) ;
#3435 = AXIS2_PLACEMENT_3D ( 'NONE', #3743, #1085, #756 ) ;
#3436 = PLANE ( 'NONE',  #2152 ) ;
#3437 = VERTEX_POINT ( 'NONE', #3842 ) ;
#3438 = DIRECTION ( 'NONE',  ( -0.05233595624293722200, 0.9986295347545742800, 0.0000000000000000000 ) ) ;
#3439 = ADVANCED_FACE ( 'NONE', ( #524 ), #4821, .T. ) ;
#3440 = FILL_AREA_STYLE ('',( #763 ) ) ;
#3441 = LINE ( 'NONE', #2593, #2498 ) ;
#3442 = EDGE_LOOP ( 'NONE', ( #4405, #2936, #1842, #3849 ) ) ;
#3443 = SURFACE_STYLE_USAGE ( .BOTH. , #3771 ) ;
#3444 = DIRECTION ( 'NONE',  ( -0.9986295347545742800, 0.05233595624293675000, 0.0000000000000000000 ) ) ;
#3445 = EDGE_CURVE ( 'NONE', #3591, #3655, #3424, .T. ) ;
#3446 = AXIS2_PLACEMENT_3D ( 'NONE', #4085, #4466, #2177 ) ;
#3447 = ORIENTED_EDGE ( 'NONE', *, *, #1194, .F. ) ;
#3448 = VECTOR ( 'NONE', #4645, 1000.000000000000100 ) ;
#3449 = ORIENTED_EDGE ( 'NONE', *, *, #3010, .T. ) ;
#3450 = CARTESIAN_POINT ( 'NONE',  ( 1.776161133969903500, 0.7161999999999997300, -1.109999999999999400 ) ) ;
#3451 = VECTOR ( 'NONE', #2159, 1000.000000000000000 ) ;
#3452 = DIRECTION ( 'NONE',  ( -1.000000000000000000, 0.0000000000000000000, 0.0000000000000000000 ) ) ;
#3453 = DIRECTION ( 'NONE',  ( 1.000000000000000000, 0.0000000000000000000, 0.0000000000000000000 ) ) ;
#3454 = ORIENTED_EDGE ( 'NONE', *, *, #668, .T. ) ;
#3455 = AXIS2_PLACEMENT_3D ( 'NONE', #2539, #1384, #1768 ) ;
#3456 = EDGE_CURVE ( 'NONE', #3091, #766, #4457, .T. ) ;
#3457 = DIRECTION ( 'NONE',  ( -0.0000000000000000000, 0.0000000000000000000, -1.000000000000000000 ) ) ;
#3458 = ORIENTED_EDGE ( 'NONE', *, *, #3456, .T. ) ;
#3459 = VECTOR ( 'NONE', #1523, 1000.000000000000000 ) ;
#3460 = CARTESIAN_POINT ( 'NONE',  ( -2.207681502606056800, 0.3047260107602004500, 0.1100000000000005000 ) ) ;
#3461 = ORIENTED_EDGE ( 'NONE', *, *, #3895, .F. ) ;
#3462 = ORIENTED_EDGE ( 'NONE', *, *, #42, .T. ) ;
#3463 = CYLINDRICAL_SURFACE ( 'NONE', #2591, 0.2921194534934680200 ) ;
#3464 = ADVANCED_FACE ( 'NONE', ( #1771 ), #3858, .F. ) ;
#3465 = DIRECTION ( 'NONE',  ( 0.1736481776669293900, 0.9848077530122082400, -0.0000000000000000000 ) ) ;
#3466 = PLANE ( 'NONE',  #81 ) ;
#3467 = CARTESIAN_POINT ( 'NONE',  ( 2.063842636575960100, 0.4748065572667323800, 1.110000000000000500 ) ) ;
#3468 = ORIENTED_EDGE ( 'NONE', *, *, #1253, .T. ) ;
#3469 = VERTEX_POINT ( 'NONE', #4243 ) ;
#3470 = DIRECTION ( 'NONE',  ( 0.1710878697460359000, 0.9702875252478138100, 0.1710878697460358500 ) ) ;
#3471 = VERTEX_POINT ( 'NONE', #3930 ) ;
#3472 = EDGE_CURVE ( 'NONE', #4428, #2989, #3492, .T. ) ;
#3473 = DIRECTION ( 'NONE',  ( -0.0000000000000000000, 0.0000000000000000000, -1.000000000000000000 ) ) ;
#3474 = DIRECTION ( 'NONE',  ( 0.0000000000000000000, -1.000000000000000000, 0.0000000000000000000 ) ) ;
#3475 = EDGE_CURVE ( 'NONE', #4440, #109, #397, .T. ) ;
#3476 = EDGE_CURVE ( 'NONE', #913, #3387, #1644, .T. ) ;
#3477 = LINE ( 'NONE', #3521, #4423 ) ;
#3478 = ORIENTED_EDGE ( 'NONE', *, *, #350, .F. ) ;
#3479 = FILL_AREA_STYLE ('',( #4262 ) ) ;
#3480 = CARTESIAN_POINT ( 'NONE',  ( -1.500000000000000900, 0.7162000000000003900, 1.110000000000000500 ) ) ;
#3481 = VECTOR ( 'NONE', #4644, 1000.000000000000000 ) ;
#3482 = ORIENTED_EDGE ( 'NONE', *, *, #4003, .T. ) ;
#3483 = STYLED_ITEM ( 'NONE', ( #412 ), #2371 ) ;
#3484 = CARTESIAN_POINT ( 'NONE',  ( -1.776161133969903700, 0.4240805465065317600, 0.3900000000000004600 ) ) ;
#3485 = CARTESIAN_POINT ( 'NONE',  ( 2.192393151670311500, 0.01300689682525813000, 0.3900000000000004600 ) ) ;
#3486 = CARTESIAN_POINT ( 'NONE',  ( 2.192393151670311500, 0.01300689682525813000, 1.110000000000000500 ) ) ;
#3487 = LINE ( 'NONE', #2579, #1708 ) ;
#3488 =( NAMED_UNIT ( * ) SI_UNIT ( $, .STERADIAN. ) SOLID_ANGLE_UNIT ( ) );
#3489 = LINE ( 'NONE', #951, #463 ) ;
#3490 = EDGE_LOOP ( 'NONE', ( #2457, #3357, #1728, #605, #4867, #376, #3174, #2861, #2952, #1509, #2747, #2793 ) ) ;
#3491 = CARTESIAN_POINT ( 'NONE',  ( -1.072574600253919600, 1.099999999999999400, -1.015223721361092800 ) ) ;
#3492 = CIRCLE ( 'NONE', #1863, 0.1121194534934684100 ) ;
#3493 = ADVANCED_FACE ( 'NONE', ( #3308 ), #936, .F. ) ;
#3494 = CARTESIAN_POINT ( 'NONE',  ( 2.201813623794040400, 0.1927602130810809100, 0.1100000000000005000 ) ) ;
#3495 = VERTEX_POINT ( 'NONE', #131 ) ;
#3496 = ORIENTED_EDGE ( 'NONE', *, *, #4625, .T. ) ;
#3497 =( NAMED_UNIT ( * ) PLANE_ANGLE_UNIT ( ) SI_UNIT ( $, .RADIAN. ) );
#3498 = VECTOR ( 'NONE', #3429, 1000.000000000000000 ) ;
#3499 = CARTESIAN_POINT ( 'NONE',  ( -2.450000000000000200, 0.1797533162558227800, 0.3900000000000004600 ) ) ;
#3500 = CYLINDRICAL_SURFACE ( 'NONE', #1168, 0.1121194534934686200 ) ;
#3501 = DIRECTION ( 'NONE',  ( -0.0000000000000000000, -0.0000000000000000000, -1.000000000000000000 ) ) ;
#3502 = CIRCLE ( 'NONE', #4850, 0.1121194534934686200 ) ;
#3503 = DIRECTION ( 'NONE',  ( -0.0000000000000000000, -0.0000000000000000000, -1.000000000000000000 ) ) ;
#3504 = ORIENTED_EDGE ( 'NONE', *, *, #1734, .T. ) ;
#3505 = EDGE_CURVE ( 'NONE', #2772, #23, #2421, .T. ) ;
#3506 = CYLINDRICAL_SURFACE ( 'NONE', #4878, 0.2921194534934682400 ) ;
#3507 = AXIS2_PLACEMENT_3D ( 'NONE', #3573, #4385, #1731 ) ;
#3508 = CARTESIAN_POINT ( 'NONE',  ( 1.776161133969903500, 0.4240805465065317600, -0.6099999999999995400 ) ) ;
#3509 = ORIENTED_EDGE ( 'NONE', *, *, #325, .F. ) ;
#3510 = CARTESIAN_POINT ( 'NONE',  ( 1.776161133969903700, 0.7161999999999997300, 1.110000000000000500 ) ) ;
#3511 = DIRECTION ( 'NONE',  ( -0.0000000000000000000, 1.000000000000000000, -0.0000000000000000000 ) ) ;
#3512 = DIRECTION ( 'NONE',  ( 1.000000000000000000, 0.0000000000000000000, 0.0000000000000000000 ) ) ;
#3513 = VERTEX_POINT ( 'NONE', #1645 ) ;
#3514 = VECTOR ( 'NONE', #431, 1000.000000000000000 ) ;
#3515 = DIRECTION ( 'NONE',  ( -1.000000000000000000, 0.0000000000000000000, 0.0000000000000000000 ) ) ;
#3516 = ORIENTED_EDGE ( 'NONE', *, *, #4449, .T. ) ;
#3517 = CARTESIAN_POINT ( 'NONE',  ( 1.776161133969903500, 0.4240805465065317600, -1.109999999999999400 ) ) ;
#3518 = ADVANCED_FACE ( 'NONE', ( #2302 ), #3182, .F. ) ;
#3519 = EDGE_CURVE ( 'NONE', #840, #1323, #282, .T. ) ;
#3520 = ORIENTED_EDGE ( 'NONE', *, *, #2954, .F. ) ;
#3521 = CARTESIAN_POINT ( 'NONE',  ( 1.500000000000000200, 0.7162000000000003900, -1.500000000000000900 ) ) ;
#3522 = VECTOR ( 'NONE', #3157, 1000.000000000000000 ) ;
#3523 = DIRECTION ( 'NONE',  ( -0.0000000000000000000, -0.0000000000000000000, -1.000000000000000000 ) ) ;
#3524 = VERTEX_POINT ( 'NONE', #3236 ) ;
#3525 = VERTEX_POINT ( 'NONE', #3590 ) ;
#3526 = ORIENTED_EDGE ( 'NONE', *, *, #1724, .T. ) ;
#3527 = DIRECTION ( 'NONE',  ( -1.000000000000000000, 0.0000000000000000000, 0.0000000000000000000 ) ) ;
#3528 = EDGE_LOOP ( 'NONE', ( #1304, #3018, #1184, #2814 ) ) ;
#3529 = ORIENTED_EDGE ( 'NONE', *, *, #655, .T. ) ;
#3530 = CARTESIAN_POINT ( 'NONE',  ( -2.450000000000000200, 0.1797533162558227800, 1.110000000000000500 ) ) ;
#3531 = ORIENTED_EDGE ( 'NONE', *, *, #1466, .T. ) ;
#3532 = CARTESIAN_POINT ( 'NONE',  ( -1.500000000000000900, 0.7162000000000003900, 0.1100000000000005000 ) ) ;
#3533 = EDGE_LOOP ( 'NONE', ( #2671, #4872, #3107, #468, #1308, #2901, #2381, #4386, #1383, #2162, #2988, #1436 ) ) ;
#3534 = EDGE_CURVE ( 'NONE', #1447, #2317, #1473, .T. ) ;
#3535 = CIRCLE ( 'NONE', #1413, 0.1121194534934686200 ) ;
#3536 = DIRECTION ( 'NONE',  ( -0.0000000000000000000, 1.000000000000000000, -0.0000000000000000000 ) ) ;
#3537 = EDGE_CURVE ( 'NONE', #171, #190, #2488, .T. ) ;
#3538 = AXIS2_PLACEMENT_3D ( 'NONE', #3508, #899, #1613 ) ;
#3539 = AXIS2_PLACEMENT_3D ( 'NONE', #1043, #4073, #2150 ) ;
#3540 = LINE ( 'NONE', #569, #1171 ) ;
#3541 = DIRECTION ( 'NONE',  ( 1.000000000000000000, 0.0000000000000000000, 0.0000000000000000000 ) ) ;
#3542 = DIRECTION ( 'NONE',  ( -1.000000000000000000, 0.0000000000000000000, 0.0000000000000000000 ) ) ;
#3543 = ADVANCED_FACE ( 'NONE', ( #1232 ), #1589, .T. ) ;
#3544 = FACE_OUTER_BOUND ( 'NONE', #416, .T. ) ;
#3545 = VECTOR ( 'NONE', #4617, 1000.000000000000000 ) ;
#3546 = AXIS2_PLACEMENT_3D ( 'NONE', #2176, #3245, #3229 ) ;
#3547 = CARTESIAN_POINT ( 'NONE',  ( -1.776161133969903900, 0.4240805465065317600, -0.8899999999999995700 ) ) ;
#3548 = EDGE_LOOP ( 'NONE', ( #539, #137, #4442, #1124 ) ) ;
#3549 = FACE_OUTER_BOUND ( 'NONE', #1265, .T. ) ;
#3550 = DIRECTION ( 'NONE',  ( -0.0000000000000000000, 0.0000000000000000000, -1.000000000000000000 ) ) ;
#3551 = VECTOR ( 'NONE', #2710, 1000.000000000000000 ) ;
#3552 = FACE_OUTER_BOUND ( 'NONE', #3819, .T. ) ;
#3553 = ORIENTED_EDGE ( 'NONE', *, *, #2115, .F. ) ;
#3554 = UNCERTAINTY_MEASURE_WITH_UNIT (LENGTH_MEASURE( 1.000000000000000100E-005 ), #3843, 'distance_accuracy_value', 'NONE');
#3555 = CARTESIAN_POINT ( 'NONE',  ( -1.500000000000000900, 0.7162000000000003900, 1.110000000000000500 ) ) ;
#3556 = CARTESIAN_POINT ( 'NONE',  ( 2.063842636575960100, 0.4748065572667323800, 0.1100000000000005000 ) ) ;
#3557 = LINE ( 'NONE', #4059, #1845 ) ;
#3558 = VERTEX_POINT ( 'NONE', #4369 ) ;
#3559 = DIRECTION ( 'NONE',  ( -0.1736481776669305500, -0.9848077530122080200, 0.0000000000000000000 ) ) ;
#3560 = VECTOR ( 'NONE', #2303, 1000.000000000000000 ) ;
#3561 = CARTESIAN_POINT ( 'NONE',  ( -2.063842636575960100, 0.4748065572667322100, 0.8900000000000004600 ) ) ;
#3562 = EDGE_LOOP ( 'NONE', ( #2888, #437, #2635, #3921 ) ) ;
#3563 = PLANE ( 'NONE',  #3041 ) ;
#3564 = EDGE_LOOP ( 'NONE', ( #4699, #2092, #4579, #4208, #498, #345, #2247, #4380, #4210, #1922, #2024, #2606 ) ) ;
#3565 = FACE_OUTER_BOUND ( 'NONE', #558, .T. ) ;
#3566 = DIRECTION ( 'NONE',  ( -0.0000000000000000000, -0.0000000000000000000, -1.000000000000000000 ) ) ;
#3567 = EDGE_CURVE ( 'NONE', #1938, #244, #338, .T. ) ;
#3568 = ORIENTED_EDGE ( 'NONE', *, *, #488, .T. ) ;
#3569 = ADVANCED_FACE ( 'NONE', ( #1945 ), #4353, .F. ) ;
#3570 = EDGE_CURVE ( 'NONE', #1758, #1718, #935, .T. ) ;
#3571 = EDGE_CURVE ( 'NONE', #2481, #3513, #220, .T. ) ;
#3572 = FACE_OUTER_BOUND ( 'NONE', #530, .T. ) ;
#3573 = CARTESIAN_POINT ( 'NONE',  ( 1.776161133969903500, 0.4240805465065317600, -0.3899999999999995100 ) ) ;
#3574 = CARTESIAN_POINT ( 'NONE',  ( -2.207681502606056800, 0.3047260107602004500, -0.6099999999999995400 ) ) ;
#3575 = DIRECTION ( 'NONE',  ( -0.9848077530122084600, -0.1736481776669282800, 0.0000000000000000000 ) ) ;
#3576 = DIRECTION ( 'NONE',  ( -0.05233595624293675000, -0.9986295347545742800, 0.0000000000000000000 ) ) ;
#3577 = AXIS2_PLACEMENT_3D ( 'NONE', #4090, #2215, #3670 ) ;
#3578 = AXIS2_PLACEMENT_3D ( 'NONE', #327, #2192, #2604 ) ;
#3579 = VERTEX_POINT ( 'NONE', #255 ) ;
#3580 = LINE ( 'NONE', #4373, #2398 ) ;
#3581 = PLANE ( 'NONE',  #1109 ) ;
#3582 = EDGE_LOOP ( 'NONE', ( #2409, #3331, #4314, #2390, #3971, #3805, #1739, #238, #2333, #1010, #3004, #4784 ) ) ;
#3583 = CARTESIAN_POINT ( 'NONE',  ( 2.450000000000000200, 0.1797533162558224400, 0.6100000000000005400 ) ) ;
#3584 = VERTEX_POINT ( 'NONE', #626 ) ;
#3585 = CIRCLE ( 'NONE', #874, 0.2921194534934680200 ) ;
#3586 = ORIENTED_EDGE ( 'NONE', *, *, #1797, .T. ) ;
#3587 = EDGE_LOOP ( 'NONE', ( #2258, #256, #690, #3468 ) ) ;
#3588 =( LENGTH_UNIT ( ) NAMED_UNIT ( * ) SI_UNIT ( .MILLI., .METRE. ) );
#3589 = ORIENTED_EDGE ( 'NONE', *, *, #4350, .T. ) ;
#3590 = CARTESIAN_POINT ( 'NONE',  ( 2.440579527876271600, -6.776263578034402700E-018, -0.1099999999999995300 ) ) ;
#3591 = VERTEX_POINT ( 'NONE', #4826 ) ;
#3592 = DIRECTION ( 'NONE',  ( -0.9848077530122082400, 0.1736481776669294200, 0.0000000000000000000 ) ) ;
#3593 = ADVANCED_FACE ( 'NONE', ( #4273 ), #1364, .F. ) ;
#3594 = LINE ( 'NONE', #403, #96 ) ;
#3595 = VERTEX_POINT ( 'NONE', #1804 ) ;
#3596 = PRESENTATION_LAYER_ASSIGNMENT (  '', '', ( #2585 ) ) ;
#3597 = FILL_AREA_STYLE ('',( #2064 ) ) ;
#3598 = VECTOR ( 'NONE', #2046, 1000.000000000000100 ) ;
#3599 = DIRECTION ( 'NONE',  ( -0.0000000000000000000, -0.0000000000000000000, -1.000000000000000000 ) ) ;
#3600 = DIRECTION ( 'NONE',  ( 1.000000000000000000, -3.925976682162903200E-016, 0.0000000000000000000 ) ) ;
#3601 = VECTOR ( 'NONE', #4515, 1000.000000000000000 ) ;
#3602 = EDGE_CURVE ( 'NONE', #2278, #1336, #1827, .T. ) ;
#3603 = ORIENTED_EDGE ( 'NONE', *, *, #4765, .T. ) ;
#3604 = CARTESIAN_POINT ( 'NONE',  ( 1.500000000000000900, 0.5362000000000004500, 0.6100000000000005400 ) ) ;
#3605 = CARTESIAN_POINT ( 'NONE',  ( 2.450000000000000200, 0.1797533162558224400, 0.1100000000000005000 ) ) ;
#3606 = LINE ( 'NONE', #4364, #527 ) ;
#3607 = CARTESIAN_POINT ( 'NONE',  ( -2.192393151670311500, 0.01300689682525813000, -1.109999999999999400 ) ) ;
#3608 = VECTOR ( 'NONE', #4554, 1000.000000000000000 ) ;
#3609 = EDGE_LOOP ( 'NONE', ( #4534, #4918, #1607, #1363 ) ) ;
#3610 = ORIENTED_EDGE ( 'NONE', *, *, #2800, .F. ) ;
#3611 = CIRCLE ( 'NONE', #3435, 0.1443949717410304700 ) ;
#3612 = AXIS2_PLACEMENT_3D ( 'NONE', #4054, #678, #3272 ) ;
#3613 = CARTESIAN_POINT ( 'NONE',  ( 1.776161133969903700, 0.5362000000000003400, 0.3900000000000004600 ) ) ;
#3614 = CIRCLE ( 'NONE', #4045, 0.1121194534934684100 ) ;
#3615 = CARTESIAN_POINT ( 'NONE',  ( 1.500000000000000700, 0.5362000000000004500, -0.3899999999999995100 ) ) ;
#3616 = EDGE_CURVE ( 'NONE', #892, #1630, #2957, .T. ) ;
#3617 = DIRECTION ( 'NONE',  ( 1.000000000000000000, 0.0000000000000000000, 0.0000000000000000000 ) ) ;
#3618 = ADVANCED_FACE ( 'NONE', ( #4881 ), #4091, .F. ) ;
#3619 = CARTESIAN_POINT ( 'NONE',  ( -1.776161133969903900, 0.5362000000000003400, -0.3899999999999995100 ) ) ;
#3620 = DIRECTION ( 'NONE',  ( 0.0000000000000000000, 0.0000000000000000000, 1.000000000000000000 ) ) ;
#3621 = DIRECTION ( 'NONE',  ( 1.000000000000000000, 0.0000000000000000000, -0.0000000000000000000 ) ) ;
#3622 = VECTOR ( 'NONE', #443, 1000.000000000000000 ) ;
#3623 = DIRECTION ( 'NONE',  ( -0.0000000000000000000, -0.0000000000000000000, -1.000000000000000000 ) ) ;
#3624 = DIRECTION ( 'NONE',  ( 0.1736481776669293900, 0.9848077530122082400, -0.0000000000000000000 ) ) ;
#3625 = VERTEX_POINT ( 'NONE', #4788 ) ;
#3626 = CARTESIAN_POINT ( 'NONE',  ( 1.886577241033763300, 0.4435498852866847600, 1.110000000000000500 ) ) ;
#3627 = CARTESIAN_POINT ( 'NONE',  ( -2.201813623794040400, 0.1927602130810807700, 1.110000000000000500 ) ) ;
#3628 = DIRECTION ( 'NONE',  ( -0.0000000000000000000, -0.0000000000000000000, -1.000000000000000000 ) ) ;
#3629 = LINE ( 'NONE', #3870, #3514 ) ;
#3630 = SURFACE_STYLE_USAGE ( .BOTH. , #2079 ) ;
#3631 = EDGE_CURVE ( 'NONE', #2226, #353, #3967, .T. ) ;
#3632 = DIRECTION ( 'NONE',  ( 1.000000000000000000, 0.0000000000000000000, 0.0000000000000000000 ) ) ;
#3633 = ORIENTED_EDGE ( 'NONE', *, *, #4664, .T. ) ;
#3634 = EDGE_CURVE ( 'NONE', #4734, #24, #820, .T. ) ;
#3635 = AXIS2_PLACEMENT_3D ( 'NONE', #630, #2881, #2103 ) ;
#3636 = AXIS2_PLACEMENT_3D ( 'NONE', #2068, #1663, #4336 ) ;
#3637 = VERTEX_POINT ( 'NONE', #1348 ) ;
#3638 = DIRECTION ( 'NONE',  ( -0.0000000000000000000, 0.0000000000000000000, -1.000000000000000000 ) ) ;
#3639 = VECTOR ( 'NONE', #59, 1000.000000000000000 ) ;
#3640 = DIRECTION ( 'NONE',  ( 1.000000000000000000, 0.0000000000000000000, 0.0000000000000000000 ) ) ;
#3641 = VERTEX_POINT ( 'NONE', #1418 ) ;
#3642 = CARTESIAN_POINT ( 'NONE',  ( 1.500000000000000900, 0.7162000000000003900, 0.8900000000000004600 ) ) ;
#3643 = VECTOR ( 'NONE', #4637, 1000.000000000000000 ) ;
#3644 = ADVANCED_FACE ( 'NONE', ( #3844 ), #2548, .F. ) ;
#3645 = AXIS2_PLACEMENT_3D ( 'NONE', #4529, #4916, #1118 ) ;
#3646 = ORIENTED_EDGE ( 'NONE', *, *, #868, .F. ) ;
#3647 = CARTESIAN_POINT ( 'NONE',  ( -1.500000000000000900, 0.5362000000000004500, -0.1099999999999995300 ) ) ;
#3648 = ORIENTED_EDGE ( 'NONE', *, *, #1339, .F. ) ;
#3649 = DIRECTION ( 'NONE',  ( -0.9986295347545741700, 0.05233595624293849900, -0.0000000000000000000 ) ) ;
#3650 = ORIENTED_EDGE ( 'NONE', *, *, #2235, .F. ) ;
#3651 = DIRECTION ( 'NONE',  ( -1.000000000000000000, 0.0000000000000000000, 0.0000000000000000000 ) ) ;
#3652 = ORIENTED_EDGE ( 'NONE', *, *, #618, .F. ) ;
#3653 = ORIENTED_EDGE ( 'NONE', *, *, #1773, .T. ) ;
#3654 = PLANE ( 'NONE',  #2145 ) ;
#3655 = VERTEX_POINT ( 'NONE', #239 ) ;
#3656 = PLANE ( 'NONE',  #1044 ) ;
#3657 = DIRECTION ( 'NONE',  ( 0.9986295347545742800, 0.05233595624293664600, 0.0000000000000000000 ) ) ;
#3658 = CIRCLE ( 'NONE', #4483, 0.1443949717410304700 ) ;
#3659 = DIRECTION ( 'NONE',  ( -0.0000000000000000000, -0.0000000000000000000, -1.000000000000000000 ) ) ;
#3660 = EDGE_CURVE ( 'NONE', #2508, #3595, #4160, .T. ) ;
#3661 = VECTOR ( 'NONE', #1685, 1000.000000000000000 ) ;
#3662 = DIRECTION ( 'NONE',  ( -0.9986295347545741700, 0.05233595624293849900, -0.0000000000000000000 ) ) ;
#3663 = EDGE_CURVE ( 'NONE', #442, #2633, #2002, .T. ) ;
#3664 = DIRECTION ( 'NONE',  ( 3.925976682162903200E-016, 1.000000000000000000, -0.0000000000000000000 ) ) ;
#3665 = CIRCLE ( 'NONE', #1059, 0.1121194534934684100 ) ;
#3666 = SURFACE_STYLE_FILL_AREA ( #3440 ) ;
#3667 = ADVANCED_FACE ( 'NONE', ( #4813 ), #609, .F. ) ;
#3668 = ORIENTED_EDGE ( 'NONE', *, *, #4230, .T. ) ;
#3669 = CARTESIAN_POINT ( 'NONE',  ( -1.776161133969903700, 0.4240805465065317600, 1.110000000000000500 ) ) ;
#3670 = DIRECTION ( 'NONE',  ( -1.000000000000000000, -3.925976682162903200E-016, 0.0000000000000000000 ) ) ;
#3671 = ORIENTED_EDGE ( 'NONE', *, *, #421, .T. ) ;
#3672 = VECTOR ( 'NONE', #3465, 1000.000000000000000 ) ;
#3673 = DIRECTION ( 'NONE',  ( -0.0000000000000000000, -0.0000000000000000000, -1.000000000000000000 ) ) ;
#3674 = LINE ( 'NONE', #2298, #765 ) ;
#3675 = EDGE_LOOP ( 'NONE', ( #3589, #3648, #2942, #4793 ) ) ;
#3676 = LINE ( 'NONE', #336, #52 ) ;
#3677 = PLANE ( 'NONE',  #2187 ) ;
#3678 = ORIENTED_EDGE ( 'NONE', *, *, #4668, .T. ) ;
#3679 = CARTESIAN_POINT ( 'NONE',  ( 2.063842636575960600, 0.4748065572667323800, -0.1099999999999995300 ) ) ;
#3680 = CIRCLE ( 'NONE', #175, 0.1121194534934684100 ) ;
#3681 = DIRECTION ( 'NONE',  ( 0.9986295347545742800, 0.05233595624293664600, 0.0000000000000000000 ) ) ;
#3682 = ORIENTED_EDGE ( 'NONE', *, *, #2619, .T. ) ;
#3683 = ORIENTED_EDGE ( 'NONE', *, *, #310, .T. ) ;
#3684 = DIRECTION ( 'NONE',  ( -0.0000000000000000000, -0.0000000000000000000, -1.000000000000000000 ) ) ;
#3685 = VECTOR ( 'NONE', #2740, 1000.000000000000000 ) ;
#3686 = CARTESIAN_POINT ( 'NONE',  ( -1.776161133969903700, 0.4240805465065317600, 0.1100000000000005000 ) ) ;
#3687 = CARTESIAN_POINT ( 'NONE',  ( -1.776161133969903700, 0.5362000000000003400, 1.110000000000000500 ) ) ;
#3688 = ORIENTED_EDGE ( 'NONE', *, *, #4600, .T. ) ;
#3689 = FACE_OUTER_BOUND ( 'NONE', #3714, .T. ) ;
#3690 = DIRECTION ( 'NONE',  ( -0.0000000000000000000, 0.0000000000000000000, -1.000000000000000000 ) ) ;
#3691 = ADVANCED_FACE ( 'NONE', ( #2358 ), #4753, .F. ) ;
#3692 = EDGE_LOOP ( 'NONE', ( #1681, #4860, #1160, #1452 ) ) ;
#3693 = AXIS2_PLACEMENT_3D ( 'NONE', #1562, #2706, #1146 ) ;
#3694 = ORIENTED_EDGE ( 'NONE', *, *, #1745, .F. ) ;
#3695 = VECTOR ( 'NONE', #4894, 1000.000000000000000 ) ;
#3696 = EDGE_CURVE ( 'NONE', #1718, #4168, #2186, .T. ) ;
#3697 = VERTEX_POINT ( 'NONE', #3687 ) ;
#3698 =( GEOMETRIC_REPRESENTATION_CONTEXT ( 3 ) GLOBAL_UNCERTAINTY_ASSIGNED_CONTEXT ( ( #4829 ) ) GLOBAL_UNIT_ASSIGNED_CONTEXT ( ( #196, #912, #2448 ) ) REPRESENTATION_CONTEXT ( 'NONE', 'WORKASPACE' ) );
#3699 = AXIS2_PLACEMENT_3D ( 'NONE', #1915, #1127, #382 ) ;
#3700 = PLANE ( 'NONE',  #1960 ) ;
#3701 = ORIENTED_EDGE ( 'NONE', *, *, #216, .T. ) ;
#3702 = LINE ( 'NONE', #3915, #4493 ) ;
#3703 = CARTESIAN_POINT ( 'NONE',  ( 2.450000000000000200, 0.1797533162558224400, 0.8900000000000004600 ) ) ;
#3704 = ORIENTED_EDGE ( 'NONE', *, *, #2528, .F. ) ;
#3705 = CARTESIAN_POINT ( 'NONE',  ( -2.201813623794040400, 0.1927602130810808800, -1.109999999999999400 ) ) ;
#3706 = VERTEX_POINT ( 'NONE', #4845 ) ;
#3707 = AXIS2_PLACEMENT_3D ( 'NONE', #4883, #701, #4505 ) ;
#3708 = EDGE_CURVE ( 'NONE', #4201, #115, #873, .T. ) ;
#3709 = DIRECTION ( 'NONE',  ( -1.000000000000000000, 3.925976682162903200E-016, 0.0000000000000000000 ) ) ;
#3710 = ORIENTED_EDGE ( 'NONE', *, *, #4506, .F. ) ;
#3711 = PLANE ( 'NONE',  #195 ) ;
#3712 = CARTESIAN_POINT ( 'NONE',  ( 2.063842636575960100, 0.4748065572667323800, 0.8900000000000004600 ) ) ;
#3713 = LINE ( 'NONE', #2890, #757 ) ;
#3714 = EDGE_LOOP ( 'NONE', ( #2366, #3251, #4140, #3449 ) ) ;
#3715 = CARTESIAN_POINT ( 'NONE',  ( -1.500000000000001100, 0.7162000000000003900, -0.6099999999999995400 ) ) ;
#3716 = DIRECTION ( 'NONE',  ( -1.000000000000000000, 0.0000000000000000000, 0.0000000000000000000 ) ) ;
#3717 = EDGE_LOOP ( 'NONE', ( #1475, #1733, #3088, #804 ) ) ;
#3718 = DIRECTION ( 'NONE',  ( 0.1736481776669293900, 0.9848077530122082400, -0.0000000000000000000 ) ) ;
#3719 = DIRECTION ( 'NONE',  ( 0.0000000000000000000, 0.0000000000000000000, 1.000000000000000000 ) ) ;
#3720 = VECTOR ( 'NONE', #4903, 1000.000000000000000 ) ;
#3721 = ORIENTED_EDGE ( 'NONE', *, *, #3752, .T. ) ;
#3722 = DIRECTION ( 'NONE',  ( -1.000000000000000000, 0.0000000000000000000, 0.0000000000000000000 ) ) ;
#3723 = FACE_OUTER_BOUND ( 'NONE', #7, .T. ) ;
#3724 = EDGE_CURVE ( 'NONE', #1300, #3329, #575, .T. ) ;
#3725 = FACE_OUTER_BOUND ( 'NONE', #1809, .T. ) ;
#3726 = CARTESIAN_POINT ( 'NONE',  ( -1.776161133969903700, 0.4240805465065317600, 0.8900000000000004600 ) ) ;
#3727 = CARTESIAN_POINT ( 'NONE',  ( 2.201813623794040400, 0.1927602130810809100, 0.1100000000000005000 ) ) ;
#3728 = EDGE_CURVE ( 'NONE', #2980, #4693, #3774, .T. ) ;
#3729 = VERTEX_POINT ( 'NONE', #1088 ) ;
#3730 = EDGE_CURVE ( 'NONE', #1850, #3641, #2828, .T. ) ;
#3731 = VERTEX_POINT ( 'NONE', #1481 ) ;
#3732 = VECTOR ( 'NONE', #2183, 1000.000000000000000 ) ;
#3733 = FACE_OUTER_BOUND ( 'NONE', #4759, .T. ) ;
#3734 = CARTESIAN_POINT ( 'NONE',  ( -1.776161133969903900, 0.4240805465065317600, -0.8899999999999995700 ) ) ;
#3735 = CARTESIAN_POINT ( 'NONE',  ( -1.499999999999999100, 1.099999999999999400, 1.432325704804090500 ) ) ;
#3736 = AXIS2_PLACEMENT_3D ( 'NONE', #3386, #1135, #2667 ) ;
#3737 = EDGE_CURVE ( 'NONE', #445, #689, #1174, .T. ) ;
#3738 = DIRECTION ( 'NONE',  ( -0.0000000000000000000, -0.0000000000000000000, -1.000000000000000000 ) ) ;
#3739 = ORIENTED_EDGE ( 'NONE', *, *, #419, .T. ) ;
#3740 = CARTESIAN_POINT ( 'NONE',  ( 2.063842636575960100, 0.4748065572667323800, -0.6099999999999995400 ) ) ;
#3741 = VERTEX_POINT ( 'NONE', #2611 ) ;
#3742 = CARTESIAN_POINT ( 'NONE',  ( -2.207681502606056800, 0.3047260107602004500, 0.8900000000000004600 ) ) ;
#3743 = CARTESIAN_POINT ( 'NONE',  ( -1.072574600253919600, 0.9999999999999993300, -1.015223721361092800 ) ) ;
#3744 = CARTESIAN_POINT ( 'NONE',  ( 1.500000000000000900, 0.5362000000000004500, 1.110000000000000500 ) ) ;
#3745 = FACE_OUTER_BOUND ( 'NONE', #4306, .T. ) ;
#3746 = DIRECTION ( 'NONE',  ( 1.000000000000000000, -0.0000000000000000000, -1.445602896647339200E-016 ) ) ;
#3747 = ORIENTED_EDGE ( 'NONE', *, *, #3922, .T. ) ;
#3748 = ORIENTED_EDGE ( 'NONE', *, *, #325, .T. ) ;
#3749 = DIRECTION ( 'NONE',  ( -0.0000000000000000000, -0.0000000000000000000, -1.000000000000000000 ) ) ;
#3750 = CARTESIAN_POINT ( 'NONE',  ( -1.500000000000000900, 0.7162000000000003900, 0.8900000000000004600 ) ) ;
#3751 = CIRCLE ( 'NONE', #2342, 0.1121194534934684100 ) ;
#3752 = EDGE_CURVE ( 'NONE', #1517, #1058, #3487, .T. ) ;
#3753 = ORIENTED_EDGE ( 'NONE', *, *, #3853, .F. ) ;
#3754 = VECTOR ( 'NONE', #3808, 1000.000000000000000 ) ;
#3755 = CARTESIAN_POINT ( 'NONE',  ( -1.499999999999999300, 0.7162000000000003900, -1.500000000000000400 ) ) ;
#3756 = ORIENTED_EDGE ( 'NONE', *, *, #1313, .F. ) ;
#3757 = VERTEX_POINT ( 'NONE', #2246 ) ;
#3758 = STYLED_ITEM ( 'NONE', ( #4454 ), #1798 ) ;
#3759 = AXIS2_PLACEMENT_3D ( 'NONE', #107, #2021, #2762 ) ;
#3760 = DIRECTION ( 'NONE',  ( 0.0000000000000000000, 0.0000000000000000000, 1.000000000000000000 ) ) ;
#3761 = DIRECTION ( 'NONE',  ( 0.0000000000000000000, 0.0000000000000000000, 1.000000000000000000 ) ) ;
#3762 = UNCERTAINTY_MEASURE_WITH_UNIT (LENGTH_MEASURE( 1.000000000000000100E-005 ), #1743, 'distance_accuracy_value', 'NONE');
#3763 = ORIENTED_EDGE ( 'NONE', *, *, #113, .F. ) ;
#3764 = ORIENTED_EDGE ( 'NONE', *, *, #3296, .T. ) ;
#3765 = DIRECTION ( 'NONE',  ( -0.0000000000000000000, -0.0000000000000000000, -1.000000000000000000 ) ) ;
#3766 = ORIENTED_EDGE ( 'NONE', *, *, #3634, .F. ) ;
#3767 = ORIENTED_EDGE ( 'NONE', *, *, #1098, .F. ) ;
#3768 = EDGE_CURVE ( 'NONE', #1981, #3087, #704, .T. ) ;
#3769 = DIRECTION ( 'NONE',  ( -0.05233595624293850600, -0.9986295347545742800, 0.0000000000000000000 ) ) ;
#3770 = CIRCLE ( 'NONE', #4388, 0.1443949717410304700 ) ;
#3771 = SURFACE_SIDE_STYLE ('',( #1642 ) ) ;
#3772 = DIRECTION ( 'NONE',  ( -0.0000000000000000000, -0.0000000000000000000, -1.000000000000000000 ) ) ;
#3773 = CARTESIAN_POINT ( 'NONE',  ( -1.776161133969903900, 0.4240805465065317600, -0.3899999999999995100 ) ) ;
#3774 = LINE ( 'NONE', #2199, #4511 ) ;
#3775 = CARTESIAN_POINT ( 'NONE',  ( 2.450000000000000200, 0.1797533162558224400, 0.1100000000000005000 ) ) ;
#3776 = DIRECTION ( 'NONE',  ( -0.0000000000000000000, -0.0000000000000000000, -1.000000000000000000 ) ) ;
#3777 = FACE_OUTER_BOUND ( 'NONE', #4346, .T. ) ;
#3778 = LINE ( 'NONE', #576, #3015 ) ;
#3779 = DIRECTION ( 'NONE',  ( 0.05233595624293666000, -0.9986295347545742800, 0.0000000000000000000 ) ) ;
#3780 = VECTOR ( 'NONE', #4651, 1000.000000000000100 ) ;
#3781 = ORIENTED_EDGE ( 'NONE', *, *, #2771, .T. ) ;
#3782 = CARTESIAN_POINT ( 'NONE',  ( -1.776161133969903700, 0.4240805465065317600, 0.1100000000000005000 ) ) ;
#3783 = EDGE_LOOP ( 'NONE', ( #3990, #4448, #2562, #22 ) ) ;
#3784 = CIRCLE ( 'NONE', #808, 0.2921194534934680200 ) ;
#3785 = LINE ( 'NONE', #4213, #2778 ) ;
#3786 = ADVANCED_FACE ( 'NONE', ( #1767 ), #3243, .T. ) ;
#3787 = VERTEX_POINT ( 'NONE', #1055 ) ;
#3788 = EDGE_CURVE ( 'NONE', #4301, #4675, #2892, .T. ) ;
#3789 = DIRECTION ( 'NONE',  ( -1.000000000000000000, 0.0000000000000000000, 0.0000000000000000000 ) ) ;
#3790 = EDGE_CURVE ( 'NONE', #3741, #4168, #40, .T. ) ;
#3791 = LINE ( 'NONE', #2959, #772 ) ;
#3792 = AXIS2_PLACEMENT_3D ( 'NONE', #3686, #694, #2960 ) ;
#3793 = AXIS2_PLACEMENT_3D ( 'NONE', #4125, #2994, #1837 ) ;
#3794 = ORIENTED_EDGE ( 'NONE', *, *, #3125, .T. ) ;
#3795 = DIRECTION ( 'NONE',  ( 0.1736481776669293900, 0.9848077530122082400, -0.0000000000000000000 ) ) ;
#3796 = LINE ( 'NONE', #782, #1785 ) ;
#3797 = CARTESIAN_POINT ( 'NONE',  ( -1.499999999999999300, 0.7162000000000003900, -1.500000000000000400 ) ) ;
#3798 = VERTEX_POINT ( 'NONE', #3338 ) ;
#3799 = ORIENTED_EDGE ( 'NONE', *, *, #849, .T. ) ;
#3800 = SURFACE_SIDE_STYLE ('',( #521 ) ) ;
#3801 = AXIS2_PLACEMENT_3D ( 'NONE', #387, #4946, #2632 ) ;
#3802 = EDGE_CURVE ( 'NONE', #2735, #313, #100, .T. ) ;
#3803 = LINE ( 'NONE', #1600, #247 ) ;
#3804 =( LENGTH_UNIT ( ) NAMED_UNIT ( * ) SI_UNIT ( .MILLI., .METRE. ) );
#3805 = ORIENTED_EDGE ( 'NONE', *, *, #1504, .F. ) ;
#3806 = VECTOR ( 'NONE', #3006, 1000.000000000000000 ) ;
#3807 = DIRECTION ( 'NONE',  ( -1.000000000000000000, 2.355586009297741800E-015, -0.0000000000000000000 ) ) ;
#3808 = DIRECTION ( 'NONE',  ( -1.000000000000000000, -0.0000000000000000000, 1.445602896647339400E-016 ) ) ;
#3809 = LINE ( 'NONE', #3026, #1803 ) ;
#3810 = ADVANCED_FACE ( 'NONE', ( #2647 ), #4919, .F. ) ;
#3811 = CARTESIAN_POINT ( 'NONE',  ( 1.776161133969903700, 0.5362000000000003400, 0.6100000000000005400 ) ) ;
#3812 = CARTESIAN_POINT ( 'NONE',  ( 2.063842636575960600, 0.4748065572667323800, -1.109999999999999400 ) ) ;
#3813 = ORIENTED_EDGE ( 'NONE', *, *, #2211, .T. ) ;
#3814 = VECTOR ( 'NONE', #614, 1000.000000000000100 ) ;
#3815 = DIRECTION ( 'NONE',  ( 1.000000000000000000, 3.925976682162903200E-016, -0.0000000000000000000 ) ) ;
#3816 = DIRECTION ( 'NONE',  ( 0.0000000000000000000, 0.0000000000000000000, 1.000000000000000000 ) ) ;
#3817 = ORIENTED_EDGE ( 'NONE', *, *, #310, .F. ) ;
#3818 = FILL_AREA_STYLE_COLOUR ( '', #2454 ) ;
#3819 = EDGE_LOOP ( 'NONE', ( #507, #4922, #2664, #3516 ) ) ;
#3820 = EDGE_CURVE ( 'NONE', #504, #3558, #457, .T. ) ;
#3821 = CARTESIAN_POINT ( 'NONE',  ( -1.776161133969903700, 0.5362000000000003400, 0.6100000000000005400 ) ) ;
#3822 = VECTOR ( 'NONE', #3846, 1000.000000000000000 ) ;
#3823 =( LENGTH_UNIT ( ) NAMED_UNIT ( * ) SI_UNIT ( .MILLI., .METRE. ) );
#3824 = EDGE_CURVE ( 'NONE', #2694, #4846, #4626, .T. ) ;
#3825 = EDGE_CURVE ( 'NONE', #4254, #4357, #2483, .T. ) ;
#3826 = ORIENTED_EDGE ( 'NONE', *, *, #2800, .T. ) ;
#3827 = ORIENTED_EDGE ( 'NONE', *, *, #932, .F. ) ;
#3828 = EDGE_LOOP ( 'NONE', ( #4602, #4802, #587, #4200, #1420, #4728, #378, #1704, #4121, #1987, #2835, #2282 ) ) ;
#3829 = PLANE ( 'NONE',  #4078 ) ;
#3830 = CARTESIAN_POINT ( 'NONE',  ( 1.920000000000000400, 0.2540000000000001100, 0.3900000000000004600 ) ) ;
#3831 = VERTEX_POINT ( 'NONE', #2624 ) ;
#3832 = AXIS2_PLACEMENT_3D ( 'NONE', #2672, #3816, #3453 ) ;
#3833 = CARTESIAN_POINT ( 'NONE',  ( -2.063842636575960100, 0.4748065572667322100, 0.6100000000000005400 ) ) ;
#3834 = DIRECTION ( 'NONE',  ( 0.9986295347545742800, -0.05233595624293722200, 0.0000000000000000000 ) ) ;
#3835 = ORIENTED_EDGE ( 'NONE', *, *, #1445, .F. ) ;
#3836 = CARTESIAN_POINT ( 'NONE',  ( -1.072574600253919600, 1.099999999999999400, -1.015223721361092800 ) ) ;
#3837 = DIRECTION ( 'NONE',  ( 0.0000000000000000000, 0.0000000000000000000, 1.000000000000000000 ) ) ;
#3838 = FACE_OUTER_BOUND ( 'NONE', #3, .T. ) ;
#3839 = CARTESIAN_POINT ( 'NONE',  ( 1.886577241033763300, 0.4435498852866847600, 0.6100000000000005400 ) ) ;
#3840 = ADVANCED_FACE ( 'NONE', ( #4394 ), #758, .F. ) ;
#3841 = ORIENTED_EDGE ( 'NONE', *, *, #1445, .T. ) ;
#3842 = CARTESIAN_POINT ( 'NONE',  ( 2.192393151670311500, 0.01300689682525813000, -0.1099999999999995300 ) ) ;
#3843 =( LENGTH_UNIT ( ) NAMED_UNIT ( * ) SI_UNIT ( .MILLI., .METRE. ) );
#3844 = FACE_OUTER_BOUND ( 'NONE', #625, .T. ) ;
#3845 = CARTESIAN_POINT ( 'NONE',  ( -1.776161133969903700, 0.4240805465065317600, 0.8900000000000004600 ) ) ;
#3846 = DIRECTION ( 'NONE',  ( 1.000000000000000000, 3.925976682162903200E-016, -0.0000000000000000000 ) ) ;
#3847 = ORIENTED_EDGE ( 'NONE', *, *, #3126, .F. ) ;
#3848 = VECTOR ( 'NONE', #2098, 1000.000000000000000 ) ;
#3849 = ORIENTED_EDGE ( 'NONE', *, *, #4101, .T. ) ;
#3850 = LINE ( 'NONE', #1723, #2549 ) ;
#3851 = EDGE_LOOP ( 'NONE', ( #4083, #4318, #1686, #1519, #1026, #1449, #3917, #2164, #1075, #3188, #4403, #4545 ) ) ;
#3852 = VERTEX_POINT ( 'NONE', #1435 ) ;
#3853 = EDGE_CURVE ( 'NONE', #123, #3852, #1347, .T. ) ;
#3854 = CARTESIAN_POINT ( 'NONE',  ( -2.207681502606056800, 0.3047260107602004500, 0.6100000000000005400 ) ) ;
#3855 = VECTOR ( 'NONE', #1354, 1000.000000000000000 ) ;
#3856 = MECHANICAL_DESIGN_GEOMETRIC_PRESENTATION_REPRESENTATION (  '', ( #2585 ), #718 ) ;
#3857 = VERTEX_POINT ( 'NONE', #1583 ) ;
#3858 = PLANE ( 'NONE',  #2685 ) ;
#3859 = LINE ( 'NONE', #2154, #4411 ) ;
#3860 = ORIENTED_EDGE ( 'NONE', *, *, #2528, .T. ) ;
#3861 = DIRECTION ( 'NONE',  ( 0.9986295347545742800, 0.05233595624293722200, -0.0000000000000000000 ) ) ;
#3862 = CARTESIAN_POINT ( 'NONE',  ( 2.063842636575960100, 0.4748065572667323800, -0.3899999999999995100 ) ) ;
#3863 = EDGE_CURVE ( 'NONE', #629, #3469, #4034, .T. ) ;
#3864 = AXIS2_PLACEMENT_3D ( 'NONE', #145, #2799, #534 ) ;
#3865 = PRESENTATION_LAYER_ASSIGNMENT (  '', '', ( #2407 ) ) ;
#3866 = VECTOR ( 'NONE', #4927, 1000.000000000000000 ) ;
#3867 = ORIENTED_EDGE ( 'NONE', *, *, #4102, .F. ) ;
#3868 = ADVANCED_FACE ( 'NONE', ( #2597 ), #434, .F. ) ;
#3869 = DIRECTION ( 'NONE',  ( -1.000000000000000000, 0.0000000000000000000, 0.0000000000000000000 ) ) ;
#3870 = CARTESIAN_POINT ( 'NONE',  ( -2.063842636575960100, 0.4748065572667322100, -0.8899999999999995700 ) ) ;
#3871 = VERTEX_POINT ( 'NONE', #1897 ) ;
#3872 = EDGE_LOOP ( 'NONE', ( #3683, #2913, #4676, #1122 ) ) ;
#3873 = DIRECTION ( 'NONE',  ( -1.000000000000000000, 0.0000000000000000000, 0.0000000000000000000 ) ) ;
#3874 = EDGE_CURVE ( 'NONE', #262, #1976, #2125, .T. ) ;
#3875 = CIRCLE ( 'NONE', #245, 0.1121194534934684100 ) ;
#3876 = DIRECTION ( 'NONE',  ( -1.000000000000000000, 0.0000000000000000000, 0.0000000000000000000 ) ) ;
#3877 = VERTEX_POINT ( 'NONE', #3432 ) ;
#3878 = PLANE ( 'NONE',  #4167 ) ;
#3879 = EDGE_LOOP ( 'NONE', ( #4760, #2321, #127, #1040 ) ) ;
#3880 = LINE ( 'NONE', #4504, #1386 ) ;
#3881 = DIRECTION ( 'NONE',  ( 1.000000000000000000, 3.925976682162903200E-016, -0.0000000000000000000 ) ) ;
#3882 = ORIENTED_EDGE ( 'NONE', *, *, #1541, .F. ) ;
#3883 = VECTOR ( 'NONE', #4559, 1000.000000000000000 ) ;
#3884 = CARTESIAN_POINT ( 'NONE',  ( -1.776161133969903900, 0.7161999999999997300, -0.3899999999999995100 ) ) ;
#3885 = PLANE ( 'NONE',  #3295 ) ;
#3886 = EDGE_LOOP ( 'NONE', ( #1006, #4460, #3847, #2452 ) ) ;
#3887 = ORIENTED_EDGE ( 'NONE', *, *, #6, .T. ) ;
#3888 = CARTESIAN_POINT ( 'NONE',  ( -1.920000000000000400, 0.2540000000000001100, 1.110000000000000500 ) ) ;
#3889 = ORIENTED_EDGE ( 'NONE', *, *, #1508, .T. ) ;
#3890 = ORIENTED_EDGE ( 'NONE', *, *, #2463, .F. ) ;
#3891 = EDGE_CURVE ( 'NONE', #445, #3149, #761, .T. ) ;
#3892 = ORIENTED_EDGE ( 'NONE', *, *, #3963, .F. ) ;
#3893 = ORIENTED_EDGE ( 'NONE', *, *, #335, .F. ) ;
#3894 = EDGE_CURVE ( 'NONE', #3637, #293, #1057, .T. ) ;
#3895 = EDGE_CURVE ( 'NONE', #353, #4363, #3362, .T. ) ;
#3896 = AXIS2_PLACEMENT_3D ( 'NONE', #4052, #2893, #2537 ) ;
#3897 = ORIENTED_EDGE ( 'NONE', *, *, #3216, .F. ) ;
#3898 = CARTESIAN_POINT ( 'NONE',  ( 1.776161133969903500, 0.5362000000000003400, -0.8899999999999995700 ) ) ;
#3899 = DIRECTION ( 'NONE',  ( 0.1736481776669293900, -0.9848077530122082400, 0.0000000000000000000 ) ) ;
#3900 = ADVANCED_FACE ( 'NONE', ( #3364 ), #2331, .F. ) ;
#3901 = FACE_OUTER_BOUND ( 'NONE', #4824, .T. ) ;
#3902 = AXIS2_PLACEMENT_3D ( 'NONE', #1337, #4008, #985 ) ;
#3903 = CARTESIAN_POINT ( 'NONE',  ( 1.776161133969903500, 0.4240805465065317600, -0.6099999999999995400 ) ) ;
#3904 = DIRECTION ( 'NONE',  ( -1.000000000000000000, 0.0000000000000000000, 0.0000000000000000000 ) ) ;
#3905 = EDGE_CURVE ( 'NONE', #1811, #2083, #2355, .T. ) ;
#3906 = CARTESIAN_POINT ( 'NONE',  ( -1.920000000000000400, 0.2540000000000001100, -0.8899999999999995700 ) ) ;
#3907 = VECTOR ( 'NONE', #1151, 1000.000000000000000 ) ;
#3908 = VECTOR ( 'NONE', #917, 1000.000000000000000 ) ;
#3909 = FACE_OUTER_BOUND ( 'NONE', #4214, .T. ) ;
#3910 = DIRECTION ( 'NONE',  ( -1.000000000000000000, 2.355586009297741800E-015, -0.0000000000000000000 ) ) ;
#3911 = CARTESIAN_POINT ( 'NONE',  ( -2.440579527876271600, -6.776263578034402700E-018, 1.110000000000000500 ) ) ;
#3912 = ORIENTED_EDGE ( 'NONE', *, *, #3537, .T. ) ;
#3913 = CARTESIAN_POINT ( 'NONE',  ( 2.207681502606056800, 0.3047260107602004500, 0.3900000000000004600 ) ) ;
#3914 = LINE ( 'NONE', #4105, #3019 ) ;
#3915 = CARTESIAN_POINT ( 'NONE',  ( -2.063842636575960100, 0.4748065572667322100, -0.3899999999999995100 ) ) ;
#3916 = LINE ( 'NONE', #1538, #1894 ) ;
#3917 = ORIENTED_EDGE ( 'NONE', *, *, #4868, .T. ) ;
#3918 = CARTESIAN_POINT ( 'NONE',  ( 2.207681502606056800, 0.3047260107602004500, -0.6099999999999995400 ) ) ;
#3919 = FACE_OUTER_BOUND ( 'NONE', #3412, .T. ) ;
#3920 = DIRECTION ( 'NONE',  ( -1.000000000000000000, 0.0000000000000000000, 0.0000000000000000000 ) ) ;
#3921 = ORIENTED_EDGE ( 'NONE', *, *, #1883, .T. ) ;
#3922 = EDGE_CURVE ( 'NONE', #2938, #2961, #1054, .T. ) ;
#3923 = PRODUCT_CONTEXT ( 'NONE', #853, 'mechanical' ) ;
#3924 = ADVANCED_FACE ( 'NONE', ( #3838 ), #770, .F. ) ;
#3925 = CIRCLE ( 'NONE', #4581, 0.1121194534934684100 ) ;
#3926 = EDGE_CURVE ( 'NONE', #2217, #2438, #36, .T. ) ;
#3927 = PLANE ( 'NONE',  #4929 ) ;
#3928 = EDGE_LOOP ( 'NONE', ( #2880, #3756, #4190, #3227 ) ) ;
#3929 = EDGE_LOOP ( 'NONE', ( #2080, #1101, #2567, #2449 ) ) ;
#3930 = CARTESIAN_POINT ( 'NONE',  ( 1.500000000000000700, 0.7162000000000003900, -0.3899999999999995100 ) ) ;
#3931 = CARTESIAN_POINT ( 'NONE',  ( -1.776161133969903700, 0.4240805465065317600, 0.6100000000000005400 ) ) ;
#3932 = CIRCLE ( 'NONE', #493, 0.1121194534934686200 ) ;
#3933 = ORIENTED_EDGE ( 'NONE', *, *, #1158, .F. ) ;
#3934 = DIRECTION ( 'NONE',  ( 0.9848077530122081300, -0.1736481776669305800, 0.0000000000000000000 ) ) ;
#3935 = CARTESIAN_POINT ( 'NONE',  ( 2.201813623794040400, 0.1927602130810809300, -1.109999999999999400 ) ) ;
#3936 = ORIENTED_EDGE ( 'NONE', *, *, #3891, .F. ) ;
#3937 = AXIS2_PLACEMENT_3D ( 'NONE', #2642, #4583, #1912 ) ;
#3938 = VECTOR ( 'NONE', #4188, 1000.000000000000000 ) ;
#3939 = VERTEX_POINT ( 'NONE', #1565 ) ;
#3940 = DIRECTION ( 'NONE',  ( -0.0000000000000000000, -0.0000000000000000000, -1.000000000000000000 ) ) ;
#3941 = DIRECTION ( 'NONE',  ( 1.000000000000000000, 0.0000000000000000000, -0.0000000000000000000 ) ) ;
#3942 = VECTOR ( 'NONE', #4204, 1000.000000000000000 ) ;
#3943 = DIRECTION ( 'NONE',  ( 0.0000000000000000000, 0.0000000000000000000, 1.000000000000000000 ) ) ;
#3944 = EDGE_LOOP ( 'NONE', ( #3461, #1568 ) ) ;
#3945 = CARTESIAN_POINT ( 'NONE',  ( -2.207681502606056800, 0.3047260107602004500, 1.110000000000000500 ) ) ;
#3946 = LINE ( 'NONE', #2088, #3282 ) ;
#3947 = VERTEX_POINT ( 'NONE', #1911 ) ;
#3948 = EDGE_LOOP ( 'NONE', ( #112, #2262, #3704, #3031 ) ) ;
#3949 = ORIENTED_EDGE ( 'NONE', *, *, #1411, .T. ) ;
#3950 = CARTESIAN_POINT ( 'NONE',  ( -1.886577241033763300, 0.4435498852866847600, 0.3900000000000004600 ) ) ;
#3951 = ADVANCED_FACE ( 'NONE', ( #2594 ), #4595, .F. ) ;
#3952 = ORIENTED_EDGE ( 'NONE', *, *, #2295, .F. ) ;
#3953 = ORIENTED_EDGE ( 'NONE', *, *, #1264, .T. ) ;
#3954 = ORIENTED_EDGE ( 'NONE', *, *, #4898, .F. ) ;
#3955 = DIRECTION ( 'NONE',  ( -0.0000000000000000000, -0.0000000000000000000, -1.000000000000000000 ) ) ;
#3956 =( GEOMETRIC_REPRESENTATION_CONTEXT ( 3 ) GLOBAL_UNCERTAINTY_ASSIGNED_CONTEXT ( ( #3762 ) ) GLOBAL_UNIT_ASSIGNED_CONTEXT ( ( #1743, #1725, #984 ) ) REPRESENTATION_CONTEXT ( 'NONE', 'WORKASPACE' ) );
#3957 = ORIENTED_EDGE ( 'NONE', *, *, #2433, .F. ) ;
#3958 = FILL_AREA_STYLE ('',( #4683 ) ) ;
#3959 = LINE ( 'NONE', #1800, #2950 ) ;
#3960 = CARTESIAN_POINT ( 'NONE',  ( 2.450000000000000200, 0.1797533162558224400, 0.3900000000000004600 ) ) ;
#3961 = ORIENTED_EDGE ( 'NONE', *, *, #4240, .T. ) ;
#3962 = CARTESIAN_POINT ( 'NONE',  ( -1.500000000000001100, 0.7162000000000003900, -1.109999999999999400 ) ) ;
#3963 = EDGE_CURVE ( 'NONE', #1710, #2385, #1404, .T. ) ;
#3964 = STYLED_ITEM ( 'NONE', ( #2061 ), #4156 ) ;
#3965 = AXIS2_PLACEMENT_3D ( 'NONE', #352, #3769, #3063 ) ;
#3966 = LINE ( 'NONE', #852, #645 ) ;
#3967 = LINE ( 'NONE', #1397, #3073 ) ;
#3968 = AXIS2_PLACEMENT_3D ( 'NONE', #1092, #3344, #1078 ) ;
#3969 = DIRECTION ( 'NONE',  ( 0.0000000000000000000, -1.000000000000000000, 0.0000000000000000000 ) ) ;
#3970 = CARTESIAN_POINT ( 'NONE',  ( -1.500000000000001100, 0.7162000000000003900, -1.109999999999999400 ) ) ;
#3971 = ORIENTED_EDGE ( 'NONE', *, *, #73, .F. ) ;
#3972 = EDGE_CURVE ( 'NONE', #854, #3877, #1528, .T. ) ;
#3973 = VECTOR ( 'NONE', #4351, 1000.000000000000000 ) ;
#3974 = CARTESIAN_POINT ( 'NONE',  ( -2.450000000000000200, 0.1797533162558227800, 0.3900000000000004600 ) ) ;
#3975 = CIRCLE ( 'NONE', #1626, 0.1121194534934686200 ) ;
#3976 = ADVANCED_FACE ( 'NONE', ( #1640 ), #4876, .T. ) ;
#3977 = ORIENTED_EDGE ( 'NONE', *, *, #1281, .F. ) ;
#3978 = DIRECTION ( 'NONE',  ( -0.05233595624293665300, 0.9986295347545742800, 0.0000000000000000000 ) ) ;
#3979 = ORIENTED_EDGE ( 'NONE', *, *, #2206, .F. ) ;
#3980 = CARTESIAN_POINT ( 'NONE',  ( 1.500000000000000900, 0.7162000000000003900, 0.1100000000000005000 ) ) ;
#3981 = CYLINDRICAL_SURFACE ( 'NONE', #4489, 0.1121194534934686200 ) ;
#3982 = ORIENTED_EDGE ( 'NONE', *, *, #684, .T. ) ;
#3983 = CARTESIAN_POINT ( 'NONE',  ( 2.192393151670311500, 0.01300689682525813000, 0.8900000000000004600 ) ) ;
#3984 = VECTOR ( 'NONE', #276, 1000.000000000000000 ) ;
#3985 = EDGE_LOOP ( 'NONE', ( #2383, #3228, #1276, #699 ) ) ;
#3986 = CARTESIAN_POINT ( 'NONE',  ( -1.500000000000001100, 0.7162000000000003900, -0.3899999999999995100 ) ) ;
#3987 = CARTESIAN_POINT ( 'NONE',  ( -2.450000000000000200, 0.1797533162558227800, -0.8899999999999995700 ) ) ;
#3988 = FACE_OUTER_BOUND ( 'NONE', #19, .T. ) ;
#3989 = EDGE_CURVE ( 'NONE', #3584, #3831, #2825, .T. ) ;
#3990 = ORIENTED_EDGE ( 'NONE', *, *, #928, .T. ) ;
#3991 = DIRECTION ( 'NONE',  ( -0.0000000000000000000, -0.0000000000000000000, -1.000000000000000000 ) ) ;
#3992 = EDGE_CURVE ( 'NONE', #508, #4325, #1940, .T. ) ;
#3993 = EDGE_CURVE ( 'NONE', #3831, #943, #151, .T. ) ;
#3994 = LINE ( 'NONE', #1795, #790 ) ;
#3995 = VERTEX_POINT ( 'NONE', #3486 ) ;
#3996 = CARTESIAN_POINT ( 'NONE',  ( 1.500000000000000900, 0.7162000000000003900, 0.1100000000000005000 ) ) ;
#3997 = DIRECTION ( 'NONE',  ( 1.000000000000000000, 0.0000000000000000000, 0.0000000000000000000 ) ) ;
#3998 = CYLINDRICAL_SURFACE ( 'NONE', #2372, 0.1121194534934684100 ) ;
#3999 = DIRECTION ( 'NONE',  ( 1.000000000000000000, 0.0000000000000000000, 0.0000000000000000000 ) ) ;
#4000 = DIRECTION ( 'NONE',  ( -0.0000000000000000000, -0.0000000000000000000, -1.000000000000000000 ) ) ;
#4001 = ADVANCED_FACE ( 'NONE', ( #1340 ), #835, .F. ) ;
#4002 = AXIS2_PLACEMENT_3D ( 'NONE', #3755, #2587, #1848 ) ;
#4003 = EDGE_CURVE ( 'NONE', #23, #2167, #573, .T. ) ;
#4004 = VERTEX_POINT ( 'NONE', #3120 ) ;
#4005 = CARTESIAN_POINT ( 'NONE',  ( -2.207681502606056800, 0.3047260107602004500, 0.1100000000000005000 ) ) ;
#4006 = LINE ( 'NONE', #2917, #1808 ) ;
#4007 = DIRECTION ( 'NONE',  ( 0.05233595624293675700, 0.9986295347545742800, -0.0000000000000000000 ) ) ;
#4008 = DIRECTION ( 'NONE',  ( 0.0000000000000000000, 1.000000000000000000, 0.0000000000000000000 ) ) ;
#4009 =( LENGTH_UNIT ( ) NAMED_UNIT ( * ) SI_UNIT ( .MILLI., .METRE. ) );
#4010 = ORIENTED_EDGE ( 'NONE', *, *, #2997, .F. ) ;
#4011 = VECTOR ( 'NONE', #4340, 1000.000000000000100 ) ;
#4012 = DIRECTION ( 'NONE',  ( -0.0000000000000000000, -0.0000000000000000000, -1.000000000000000000 ) ) ;
#4013 = ORIENTED_EDGE ( 'NONE', *, *, #2276, .T. ) ;
#4014 = ORIENTED_EDGE ( 'NONE', *, *, #1035, .T. ) ;
#4015 = CARTESIAN_POINT ( 'NONE',  ( -1.886577241033763300, 0.4435498852866847600, 1.110000000000000500 ) ) ;
#4016 = DIRECTION ( 'NONE',  ( -1.000000000000000000, 0.0000000000000000000, 0.0000000000000000000 ) ) ;
#4017 = ORIENTED_EDGE ( 'NONE', *, *, #3405, .F. ) ;
#4018 = EDGE_LOOP ( 'NONE', ( #3274, #736, #1839, #316 ) ) ;
#4019 = DIRECTION ( 'NONE',  ( 1.000000000000000000, 0.0000000000000000000, -0.0000000000000000000 ) ) ;
#4020 = VERTEX_POINT ( 'NONE', #98 ) ;
#4021 = CARTESIAN_POINT ( 'NONE',  ( 2.097265395542197400, 0.2852566719800475000, 0.6100000000000005400 ) ) ;
#4022 = PLANE ( 'NONE',  #4542 ) ;
#4023 = VERTEX_POINT ( 'NONE', #880 ) ;
#4024 = ORIENTED_EDGE ( 'NONE', *, *, #4696, .T. ) ;
#4025 = EDGE_CURVE ( 'NONE', #1870, #2278, #3966, .T. ) ;
#4026 = CARTESIAN_POINT ( 'NONE',  ( 1.776161133969903700, 0.7161999999999997300, 0.8900000000000004600 ) ) ;
#4027 = CARTESIAN_POINT ( 'NONE',  ( 2.450000000000000200, 0.1797533162558224400, 1.110000000000000500 ) ) ;
#4028 = AXIS2_PLACEMENT_3D ( 'NONE', #1579, #2723, #1961 ) ;
#4029 = CARTESIAN_POINT ( 'NONE',  ( -1.500000000000000900, 0.5362000000000004500, 0.1100000000000005000 ) ) ;
#4030 = VECTOR ( 'NONE', #2730, 1000.000000000000000 ) ;
#4031 = ADVANCED_FACE ( 'NONE', ( #929 ), #2376, .F. ) ;
#4032 = DIRECTION ( 'NONE',  ( -1.000000000000000000, 0.0000000000000000000, 0.0000000000000000000 ) ) ;
#4033 = CARTESIAN_POINT ( 'NONE',  ( -1.776161133969903700, 0.4240805465065317600, 1.110000000000000500 ) ) ;
#4034 = CIRCLE ( 'NONE', #844, 0.1121194534934686200 ) ;
#4035 = DIRECTION ( 'NONE',  ( -0.0000000000000000000, 0.0000000000000000000, -1.000000000000000000 ) ) ;
#4036 =( GEOMETRIC_REPRESENTATION_CONTEXT ( 3 ) GLOBAL_UNCERTAINTY_ASSIGNED_CONTEXT ( ( #973 ) ) GLOBAL_UNIT_ASSIGNED_CONTEXT ( ( #2293, #18, #1931 ) ) REPRESENTATION_CONTEXT ( 'NONE', 'WORKASPACE' ) );
#4037 = AXIS2_PLACEMENT_3D ( 'NONE', #4512, #155, #547 ) ;
#4038 = LINE ( 'NONE', #3022, #1242 ) ;
#4039 = PLANE ( 'NONE',  #2873 ) ;
#4040 = LINE ( 'NONE', #4478, #4691 ) ;
#4041 = CARTESIAN_POINT ( 'NONE',  ( -2.063842636575960100, 0.4748065572667322100, -0.1099999999999995300 ) ) ;
#4042 = ORIENTED_EDGE ( 'NONE', *, *, #714, .F. ) ;
#4043 = ORIENTED_EDGE ( 'NONE', *, *, #2837, .T. ) ;
#4044 = LINE ( 'NONE', #3286, #472 ) ;
#4045 = AXIS2_PLACEMENT_3D ( 'NONE', #4874, #1853, #3632 ) ;
#4046 = FILL_AREA_STYLE ('',( #3135 ) ) ;
#4047 = VECTOR ( 'NONE', #3470, 1000.000000000000000 ) ;
#4048 = EDGE_CURVE ( 'NONE', #2217, #2470, #2417, .T. ) ;
#4049 = ORIENTED_EDGE ( 'NONE', *, *, #2124, .T. ) ;
#4050 = LINE ( 'NONE', #1028, #1244 ) ;
#4051 = DIRECTION ( 'NONE',  ( 0.1736481776669293900, 0.9848077530122082400, -0.0000000000000000000 ) ) ;
#4052 = CARTESIAN_POINT ( 'NONE',  ( 2.063842636575960600, 0.4748065572667323800, 0.6100000000000005400 ) ) ;
#4053 = FACE_OUTER_BOUND ( 'NONE', #1909, .T. ) ;
#4054 = CARTESIAN_POINT ( 'NONE',  ( 2.207681502606056800, 0.3047260107602004500, 1.110000000000000500 ) ) ;
#4055 = DIRECTION ( 'NONE',  ( 2.355586009297741800E-015, -1.000000000000000000, 0.0000000000000000000 ) ) ;
#4056 = ORIENTED_EDGE ( 'NONE', *, *, #1035, .F. ) ;
#4057 = EDGE_LOOP ( 'NONE', ( #209, #1972, #979, #4135 ) ) ;
#4058 = ADVANCED_FACE ( 'NONE', ( #3304 ), #1612, .T. ) ;
#4059 = CARTESIAN_POINT ( 'NONE',  ( -2.201813623794040400, 0.1927602130810807700, -1.109999999999999400 ) ) ;
#4060 = LINE ( 'NONE', #2878, #4 ) ;
#4061 = VERTEX_POINT ( 'NONE', #3906 ) ;
#4062 = CARTESIAN_POINT ( 'NONE',  ( 1.776161133969903700, 0.7161999999999997300, 0.6100000000000005400 ) ) ;
#4063 = CARTESIAN_POINT ( 'NONE',  ( 2.450000000000000200, 0.1797533162558224400, -1.109999999999999400 ) ) ;
#4064 = SURFACE_STYLE_FILL_AREA ( #740 ) ;
#4065 = CARTESIAN_POINT ( 'NONE',  ( -1.500000000000000900, 0.7162000000000003900, 0.6100000000000005400 ) ) ;
#4066 = EDGE_CURVE ( 'NONE', #2742, #3091, #1823, .T. ) ;
#4067 = EDGE_CURVE ( 'NONE', #3513, #3387, #4157, .T. ) ;
#4068 = STYLED_ITEM ( 'NONE', ( #1587 ), #4092 ) ;
#4069 = PRESENTATION_LAYER_ASSIGNMENT (  '', '', ( #565 ) ) ;
#4070 = DIRECTION ( 'NONE',  ( -0.0000000000000000000, -0.0000000000000000000, -1.000000000000000000 ) ) ;
#4071 = DIRECTION ( 'NONE',  ( 0.0000000000000000000, 0.9848077530122080200, -0.1736481776669307200 ) ) ;
#4072 = FACE_OUTER_BOUND ( 'NONE', #1892, .T. ) ;
#4073 = DIRECTION ( 'NONE',  ( -0.0000000000000000000, -0.0000000000000000000, -1.000000000000000000 ) ) ;
#4074 = EDGE_LOOP ( 'NONE', ( #591, #2202, #1394, #2704 ) ) ;
#4075 = CARTESIAN_POINT ( 'NONE',  ( -2.192393151670311500, 0.01300689682525813000, -0.3899999999999995100 ) ) ;
#4076 = CARTESIAN_POINT ( 'NONE',  ( -1.499999999999999300, 0.5362000000000004500, -1.500000000000000400 ) ) ;
#4077 = VECTOR ( 'NONE', #3326, 1000.000000000000000 ) ;
#4078 = AXIS2_PLACEMENT_3D ( 'NONE', #752, #2662, #1129 ) ;
#4079 = EDGE_CURVE ( 'NONE', #2989, #4503, #3420, .T. ) ;
#4080 = ORIENTED_EDGE ( 'NONE', *, *, #3261, .T. ) ;
#4081 = CARTESIAN_POINT ( 'NONE',  ( 2.192393151670311500, 0.01300689682525813000, -0.8899999999999995700 ) ) ;
#4082 = ORIENTED_EDGE ( 'NONE', *, *, #1664, .T. ) ;
#4083 = ORIENTED_EDGE ( 'NONE', *, *, #192, .T. ) ;
#4084 = ORIENTED_EDGE ( 'NONE', *, *, #2872, .F. ) ;
#4085 = CARTESIAN_POINT ( 'NONE',  ( 1.776161133969903500, 0.4240805465065317600, -0.3899999999999995100 ) ) ;
#4086 = ORIENTED_EDGE ( 'NONE', *, *, #1979, .T. ) ;
#4087 = EDGE_LOOP ( 'NONE', ( #829, #2969, #3140, #1548 ) ) ;
#4088 = ADVANCED_FACE ( 'NONE', ( #4098 ), #2427, .F. ) ;
#4089 = ORIENTED_EDGE ( 'NONE', *, *, #99, .T. ) ;
#4090 = CARTESIAN_POINT ( 'NONE',  ( -1.500000000000000900, 0.5362000000000004500, 1.110000000000000500 ) ) ;
#4091 = PLANE ( 'NONE',  #3896 ) ;
#4092 = MANIFOLD_SOLID_BREP ( 'LPattern1[5]', #1554 ) ;
#4093 = LINE ( 'NONE', #1172, #2891 ) ;
#4094 = ORIENTED_EDGE ( 'NONE', *, *, #1158, .T. ) ;
#4095 = DIRECTION ( 'NONE',  ( 1.000000000000000000, 2.355586009297741800E-015, 0.0000000000000000000 ) ) ;
#4096 = FILL_AREA_STYLE ('',( #339 ) ) ;
#4097 = EDGE_CURVE ( 'NONE', #953, #2750, #4270, .T. ) ;
#4098 = FACE_OUTER_BOUND ( 'NONE', #3548, .T. ) ;
#4099 = DIRECTION ( 'NONE',  ( -0.1736481776669282800, 0.9848077530122084600, -0.0000000000000000000 ) ) ;
#4100 = DIRECTION ( 'NONE',  ( -0.0000000000000000000, -0.0000000000000000000, -1.000000000000000000 ) ) ;
#4101 = EDGE_CURVE ( 'NONE', #4716, #4301, #3540, .T. ) ;
#4102 = EDGE_CURVE ( 'NONE', #2431, #3939, #3122, .T. ) ;
#4103 = VECTOR ( 'NONE', #2185, 1000.000000000000000 ) ;
#4104 = VERTEX_POINT ( 'NONE', #4715 ) ;
#4105 = CARTESIAN_POINT ( 'NONE',  ( -2.450000000000000200, 0.1797533162558227800, -1.109999999999999400 ) ) ;
#4106 = DIRECTION ( 'NONE',  ( -1.000000000000000000, 0.0000000000000000000, 0.0000000000000000000 ) ) ;
#4107 = ORIENTED_EDGE ( 'NONE', *, *, #235, .F. ) ;
#4108 = FACE_OUTER_BOUND ( 'NONE', #581, .T. ) ;
#4109 = LINE ( 'NONE', #2173, #940 ) ;
#4110 = AXIS2_PLACEMENT_3D ( 'NONE', #771, #3417, #2536 ) ;
#4111 = AXIS2_PLACEMENT_3D ( 'NONE', #1779, #4434, #2112 ) ;
#4112 = ORIENTED_EDGE ( 'NONE', *, *, #1066, .F. ) ;
#4113 = EDGE_CURVE ( 'NONE', #2481, #913, #4621, .T. ) ;
#4114 = DIRECTION ( 'NONE',  ( 0.9986295347545742800, -0.05233595624293722200, 0.0000000000000000000 ) ) ;
#4115 = ORIENTED_EDGE ( 'NONE', *, *, #3737, .T. ) ;
#4116 = LINE ( 'NONE', #1715, #3083 ) ;
#4117 = EDGE_LOOP ( 'NONE', ( #3526, #3116, #1905, #1219 ) ) ;
#4118 = CARTESIAN_POINT ( 'NONE',  ( -2.450000000000000200, 0.1797533162558227800, -0.1099999999999995300 ) ) ;
#4119 = DIRECTION ( 'NONE',  ( 1.000000000000000000, 0.0000000000000000000, 0.0000000000000000000 ) ) ;
#4120 = COLOUR_RGB ( '',0.7921568627450980000, 0.8196078431372548800, 0.9333333333333333500 ) ;
#4121 = ORIENTED_EDGE ( 'NONE', *, *, #3136, .F. ) ;
#4122 = VECTOR ( 'NONE', #2035, 1000.000000000000000 ) ;
#4123 = CARTESIAN_POINT ( 'NONE',  ( -2.450000000000000200, 0.1797533162558227800, 0.6100000000000005400 ) ) ;
#4124 = CARTESIAN_POINT ( 'NONE',  ( 2.063842636575960600, 0.4748065572667323800, 0.1100000000000005000 ) ) ;
#4125 = CARTESIAN_POINT ( 'NONE',  ( -1.776161133969903900, 0.4240805465065317600, -1.109999999999999400 ) ) ;
#4126 = VERTEX_POINT ( 'NONE', #2832 ) ;
#4127 = LINE ( 'NONE', #2077, #545 ) ;
#4128 = CARTESIAN_POINT ( 'NONE',  ( 2.192393151670311500, 0.01300689682525813000, 0.3900000000000004600 ) ) ;
#4129 = EDGE_CURVE ( 'NONE', #3469, #2965, #519, .T. ) ;
#4130 = CARTESIAN_POINT ( 'NONE',  ( 1.500000000000000900, 0.5362000000000004500, 0.6100000000000005400 ) ) ;
#4131 = AXIS2_PLACEMENT_3D ( 'NONE', #3484, #818, #430 ) ;
#4132 = VECTOR ( 'NONE', #4328, 1000.000000000000000 ) ;
#4133 = DIRECTION ( 'NONE',  ( 1.000000000000000000, 0.0000000000000000000, -0.0000000000000000000 ) ) ;
#4134 = DIRECTION ( 'NONE',  ( -0.0000000000000000000, -0.0000000000000000000, -1.000000000000000000 ) ) ;
#4135 = ORIENTED_EDGE ( 'NONE', *, *, #3121, .T. ) ;
#4136 = LINE ( 'NONE', #957, #3160 ) ;
#4137 = EDGE_CURVE ( 'NONE', #1811, #1793, #1287, .T. ) ;
#4138 = AXIS2_PLACEMENT_3D ( 'NONE', #4381, #4764, #3617 ) ;
#4139 = MECHANICAL_DESIGN_GEOMETRIC_PRESENTATION_REPRESENTATION (  '', ( #2407 ), #4389 ) ;
#4140 = ORIENTED_EDGE ( 'NONE', *, *, #2085, .F. ) ;
#4141 = VECTOR ( 'NONE', #2003, 1000.000000000000000 ) ;
#4142 = CARTESIAN_POINT ( 'NONE',  ( -2.207681502606056800, 0.3047260107602004500, 0.6100000000000005400 ) ) ;
#4143 = VERTEX_POINT ( 'NONE', #1727 ) ;
#4144 = ORIENTED_EDGE ( 'NONE', *, *, #1586, .T. ) ;
#4145 = PLANE ( 'NONE',  #983 ) ;
#4146 = CARTESIAN_POINT ( 'NONE',  ( 1.776161133969903700, 0.5362000000000003400, -0.1099999999999995300 ) ) ;
#4147 = ORIENTED_EDGE ( 'NONE', *, *, #4280, .T. ) ;
#4148 = MECHANICAL_DESIGN_GEOMETRIC_PRESENTATION_REPRESENTATION (  '', ( #1076 ), #1585 ) ;
#4149 = EDGE_CURVE ( 'NONE', #943, #136, #2541, .T. ) ;
#4150 = ORIENTED_EDGE ( 'NONE', *, *, #1264, .F. ) ;
#4151 = ORIENTED_EDGE ( 'NONE', *, *, #4490, .F. ) ;
#4152 = EDGE_LOOP ( 'NONE', ( #1571, #2194, #2193, #3234, #4904, #1690, #1137, #2638, #2056, #3794, #741, #2172 ) ) ;
#4153 = PLANE ( 'NONE',  #1520 ) ;
#4154 = VERTEX_POINT ( 'NONE', #3583 ) ;
#4155 = DIRECTION ( 'NONE',  ( -0.0000000000000000000, -0.0000000000000000000, -1.000000000000000000 ) ) ;
#4156 = MANIFOLD_SOLID_BREP ( 'Cut-Extrude2', #1195 ) ;
#4157 = LINE ( 'NONE', #1246, #3481 ) ;
#4158 = ORIENTED_EDGE ( 'NONE', *, *, #4164, .F. ) ;
#4159 = CARTESIAN_POINT ( 'NONE',  ( -1.776161133969903900, 0.4240805465065317600, -0.6099999999999995400 ) ) ;
#4160 = CIRCLE ( 'NONE', #1344, 0.1121194534934686200 ) ;
#4161 = ADVANCED_FACE ( 'NONE', ( #1698 ), #2851, .F. ) ;
#4162 = DIRECTION ( 'NONE',  ( -1.000000000000000000, -3.925976682162903200E-016, 0.0000000000000000000 ) ) ;
#4163 = VECTOR ( 'NONE', #347, 1000.000000000000000 ) ;
#4164 = EDGE_CURVE ( 'NONE', #504, #2943, #812, .T. ) ;
#4165 = CIRCLE ( 'NONE', #2334, 0.2921194534934680200 ) ;
#4166 = EDGE_CURVE ( 'NONE', #1257, #1630, #1398, .T. ) ;
#4167 = AXIS2_PLACEMENT_3D ( 'NONE', #2741, #3474, #440 ) ;
#4168 = VERTEX_POINT ( 'NONE', #2514 ) ;
#4169 = LINE ( 'NONE', #2911, #1776 ) ;
#4170 = CIRCLE ( 'NONE', #636, 0.2921194534934680200 ) ;
#4171 = DIRECTION ( 'NONE',  ( -1.000000000000000000, 0.0000000000000000000, 0.0000000000000000000 ) ) ;
#4172 = CARTESIAN_POINT ( 'NONE',  ( 2.207681502606056800, 0.3047260107602004500, -0.3899999999999995100 ) ) ;
#4173 = DIRECTION ( 'NONE',  ( 1.000000000000000000, 0.0000000000000000000, 0.0000000000000000000 ) ) ;
#4174 = AXIS2_PLACEMENT_3D ( 'NONE', #2558, #2925, #4414 ) ;
#4175 = VECTOR ( 'NONE', #3156, 1000.000000000000000 ) ;
#4176 = EDGE_CURVE ( 'NONE', #3495, #4004, #3713, .T. ) ;
#4177 = DIRECTION ( 'NONE',  ( -0.0000000000000000000, -0.0000000000000000000, -1.000000000000000000 ) ) ;
#4178 = ORIENTED_EDGE ( 'NONE', *, *, #842, .F. ) ;
#4179 = DIRECTION ( 'NONE',  ( 0.0000000000000000000, 0.0000000000000000000, 1.000000000000000000 ) ) ;
#4180 = VECTOR ( 'NONE', #4134, 1000.000000000000000 ) ;
#4181 = ORIENTED_EDGE ( 'NONE', *, *, #3894, .T. ) ;
#4182 = ORIENTED_EDGE ( 'NONE', *, *, #2120, .F. ) ;
#4183 = CARTESIAN_POINT ( 'NONE',  ( -2.192393151670311500, 0.01300689682525813000, -0.8899999999999995700 ) ) ;
#4184 = FACE_OUTER_BOUND ( 'NONE', #710, .T. ) ;
#4185 = ORIENTED_EDGE ( 'NONE', *, *, #3261, .F. ) ;
#4186 = ADVANCED_FACE ( 'NONE', ( #697 ), #4871, .F. ) ;
#4187 = CARTESIAN_POINT ( 'NONE',  ( -1.072574600253919600, 1.099999999999999400, -0.8708287496200622900 ) ) ;
#4188 = DIRECTION ( 'NONE',  ( -0.0000000000000000000, -0.0000000000000000000, -1.000000000000000000 ) ) ;
#4189 = CIRCLE ( 'NONE', #2886, 0.1121194534934684100 ) ;
#4190 = ORIENTED_EDGE ( 'NONE', *, *, #165, .F. ) ;
#4191 = LINE ( 'NONE', #2654, #254 ) ;
#4192 = EDGE_CURVE ( 'NONE', #2660, #4206, #515, .T. ) ;
#4193 = DIRECTION ( 'NONE',  ( -0.9986295347545742800, -0.05233595624293722200, 0.0000000000000000000 ) ) ;
#4194 = CARTESIAN_POINT ( 'NONE',  ( -1.072574600253919600, 1.099999999999999400, -1.015223721361092800 ) ) ;
#4195 = VERTEX_POINT ( 'NONE', #4855 ) ;
#4196 = FACE_OUTER_BOUND ( 'NONE', #2400, .T. ) ;
#4197 = DIRECTION ( 'NONE',  ( 1.000000000000000000, 0.0000000000000000000, 0.0000000000000000000 ) ) ;
#4198 = CARTESIAN_POINT ( 'NONE',  ( -2.063842636575960100, 0.4748065572667322100, -0.3899999999999995100 ) ) ;
#4199 = ORIENTED_EDGE ( 'NONE', *, *, #1846, .F. ) ;
#4200 = ORIENTED_EDGE ( 'NONE', *, *, #2512, .F. ) ;
#4201 = VERTEX_POINT ( 'NONE', #964 ) ;
#4202 = AXIS2_PLACEMENT_3D ( 'NONE', #2105, #922, #1738 ) ;
#4203 = CARTESIAN_POINT ( 'NONE',  ( -1.499999999999999100, 0.7162000000000003900, 1.499999999999999100 ) ) ;
#4204 = DIRECTION ( 'NONE',  ( -0.0000000000000000000, -0.0000000000000000000, -1.000000000000000000 ) ) ;
#4205 = VERTEX_POINT ( 'NONE', #654 ) ;
#4206 = VERTEX_POINT ( 'NONE', #1338 ) ;
#4207 = DIRECTION ( 'NONE',  ( 0.05233595624293722200, 0.9986295347545742800, -0.0000000000000000000 ) ) ;
#4208 = ORIENTED_EDGE ( 'NONE', *, *, #3064, .F. ) ;
#4209 = APPLICATION_PROTOCOL_DEFINITION ( 'draft international standard', 'automotive_design', 1998, #853 ) ;
#4210 = ORIENTED_EDGE ( 'NONE', *, *, #1724, .F. ) ;
#4211 = CARTESIAN_POINT ( 'NONE',  ( -2.440579527876271600, -6.776263578034402700E-018, 0.1100000000000005000 ) ) ;
#4212 = ADVANCED_FACE ( 'NONE', ( #2820 ), #1392, .F. ) ;
#4213 = CARTESIAN_POINT ( 'NONE',  ( -2.450000000000000200, 0.1797533162558227800, 0.1100000000000005000 ) ) ;
#4214 = EDGE_LOOP ( 'NONE', ( #3979, #3763, #798, #1896, #2885, #4531, #3075, #386, #4316, #3302, #3079, #1711 ) ) ;
#4215 = CARTESIAN_POINT ( 'NONE',  ( -1.500000000000000900, 0.5362000000000004500, 0.1100000000000005000 ) ) ;
#4216 = DIRECTION ( 'NONE',  ( 0.05233595624293664600, -0.9986295347545742800, 0.0000000000000000000 ) ) ;
#4217 = VECTOR ( 'NONE', #4295, 1000.000000000000000 ) ;
#4218 = CARTESIAN_POINT ( 'NONE',  ( -2.201813623794040400, 0.1927602130810808800, 1.110000000000000500 ) ) ;
#4219 = DIRECTION ( 'NONE',  ( -0.0000000000000000000, -1.000000000000000000, -0.0000000000000000000 ) ) ;
#4220 = VECTOR ( 'NONE', #2824, 1000.000000000000000 ) ;
#4221 = CARTESIAN_POINT ( 'NONE',  ( 1.776161133969903700, 0.4240805465065317600, -0.1099999999999995300 ) ) ;
#4222 = EDGE_LOOP ( 'NONE', ( #2808, #2069, #3957, #4862 ) ) ;
#4223 = AXIS2_PLACEMENT_3D ( 'NONE', #3005, #1851, #2609 ) ;
#4224 = VECTOR ( 'NONE', #2505, 1000.000000000000000 ) ;
#4225 = VECTOR ( 'NONE', #1974, 1000.000000000000000 ) ;
#4226 = PLANE ( 'NONE',  #4232 ) ;
#4227 = VECTOR ( 'NONE', #574, 1000.000000000000000 ) ;
#4228 = VERTEX_POINT ( 'NONE', #3279 ) ;
#4229 = ORIENTED_EDGE ( 'NONE', *, *, #1442, .F. ) ;
#4230 = EDGE_CURVE ( 'NONE', #190, #840, #3066, .T. ) ;
#4231 = VECTOR ( 'NONE', #3599, 1000.000000000000000 ) ;
#4232 = AXIS2_PLACEMENT_3D ( 'NONE', #37, #1221, #4563 ) ;
#4233 = AXIS2_PLACEMENT_3D ( 'NONE', #491, #476, #857 ) ;
#4234 = ORIENTED_EDGE ( 'NONE', *, *, #1249, .T. ) ;
#4235 = ADVANCED_FACE ( 'NONE', ( #2588 ), #2527, .F. ) ;
#4236 = CARTESIAN_POINT ( 'NONE',  ( 1.920000000000000200, 0.2540000000000001100, -0.8899999999999995700 ) ) ;
#4237 = VECTOR ( 'NONE', #956, 1000.000000000000100 ) ;
#4238 = EDGE_LOOP ( 'NONE', ( #401, #2756, #2484, #4094 ) ) ;
#4239 = DIRECTION ( 'NONE',  ( -0.0000000000000000000, -0.0000000000000000000, -1.000000000000000000 ) ) ;
#4240 = EDGE_CURVE ( 'NONE', #766, #1396, #3959, .T. ) ;
#4241 = LINE ( 'NONE', #149, #3089 ) ;
#4242 = ORIENTED_EDGE ( 'NONE', *, *, #4025, .F. ) ;
#4243 = CARTESIAN_POINT ( 'NONE',  ( 1.886577241033763100, 0.4435498852866847600, -0.8899999999999995700 ) ) ;
#4244 = LINE ( 'NONE', #4747, #2450 ) ;
#4245 = DIRECTION ( 'NONE',  ( -1.000000000000000000, 0.0000000000000000000, 0.0000000000000000000 ) ) ;
#4246 = CARTESIAN_POINT ( 'NONE',  ( 2.450000000000000200, 0.1797533162558224400, -0.8899999999999995700 ) ) ;
#4247 = LINE ( 'NONE', #194, #4132 ) ;
#4248 = CARTESIAN_POINT ( 'NONE',  ( -2.192393151670311500, 0.01300689682525813000, 1.110000000000000500 ) ) ;
#4249 = DIRECTION ( 'NONE',  ( -1.000000000000000000, 0.0000000000000000000, 0.0000000000000000000 ) ) ;
#4250 = EDGE_LOOP ( 'NONE', ( #3396, #4540, #2402, #4147 ) ) ;
#4251 = FACE_OUTER_BOUND ( 'NONE', #4587, .T. ) ;
#4252 = DIRECTION ( 'NONE',  ( -0.0000000000000000000, -0.0000000000000000000, -1.000000000000000000 ) ) ;
#4253 = CARTESIAN_POINT ( 'NONE',  ( 1.886577241033763300, 0.4435498852866847600, 0.6100000000000005400 ) ) ;
#4254 = VERTEX_POINT ( 'NONE', #2161 ) ;
#4255 = EDGE_CURVE ( 'NONE', #4354, #3404, #3173, .T. ) ;
#4256 = VECTOR ( 'NONE', #173, 1000.000000000000000 ) ;
#4257 = ADVANCED_FACE ( 'NONE', ( #1937 ), #2146, .F. ) ;
#4258 = EDGE_CURVE ( 'NONE', #4375, #1563, #4926, .T. ) ;
#4259 = AXIS2_PLACEMENT_3D ( 'NONE', #538, #2482, #3978 ) ;
#4260 = ORIENTED_EDGE ( 'NONE', *, *, #4164, .T. ) ;
#4261 = ORIENTED_EDGE ( 'NONE', *, *, #1624, .F. ) ;
#4262 = FILL_AREA_STYLE_COLOUR ( '', #4120 ) ;
#4263 = CARTESIAN_POINT ( 'NONE',  ( 2.192393151670311500, 0.01300689682525813000, 0.1100000000000005000 ) ) ;
#4264 = ORIENTED_EDGE ( 'NONE', *, *, #518, .T. ) ;
#4265 = EDGE_LOOP ( 'NONE', ( #2733, #4588, #1463, #3030 ) ) ;
#4266 = CARTESIAN_POINT ( 'NONE',  ( 2.192393151670311500, 0.01300689682525813000, 0.8900000000000004600 ) ) ;
#4267 = EDGE_CURVE ( 'NONE', #4023, #1938, #1637, .T. ) ;
#4268 = ORIENTED_EDGE ( 'NONE', *, *, #1094, .F. ) ;
#4269 = CARTESIAN_POINT ( 'NONE',  ( 1.886577241033763100, 0.4435498852866847600, -0.3899999999999995100 ) ) ;
#4270 = LINE ( 'NONE', #927, #453 ) ;
#4271 = CARTESIAN_POINT ( 'NONE',  ( 1.500000000000000700, 0.7162000000000003900, -0.6099999999999995400 ) ) ;
#4272 = CARTESIAN_POINT ( 'NONE',  ( -2.063842636575960100, 0.4748065572667322100, 0.3900000000000004600 ) ) ;
#4273 = FACE_OUTER_BOUND ( 'NONE', #4238, .T. ) ;
#4274 = DIRECTION ( 'NONE',  ( -0.0000000000000000000, -0.0000000000000000000, -1.000000000000000000 ) ) ;
#4275 = LINE ( 'NONE', #2679, #3608 ) ;
#4276 = CARTESIAN_POINT ( 'NONE',  ( 2.201813623794040400, 0.1927602130810809300, 0.1100000000000005000 ) ) ;
#4277 = ORIENTED_EDGE ( 'NONE', *, *, #868, .T. ) ;
#4278 = VERTEX_POINT ( 'NONE', #4778 ) ;
#4279 = DIRECTION ( 'NONE',  ( -0.0000000000000000000, 0.0000000000000000000, -1.000000000000000000 ) ) ;
#4280 = EDGE_CURVE ( 'NONE', #4724, #2131, #1581, .T. ) ;
#4281 = LINE ( 'NONE', #4248, #4225 ) ;
#4282 = FACE_OUTER_BOUND ( 'NONE', #4117, .T. ) ;
#4283 = AXIS2_PLACEMENT_3D ( 'NONE', #865, #2815, #1621 ) ;
#4284 = CARTESIAN_POINT ( 'NONE',  ( 1.776161133969903500, 0.4240805465065317600, -0.8899999999999995700 ) ) ;
#4285 = DIRECTION ( 'NONE',  ( -1.000000000000000000, 0.0000000000000000000, 0.0000000000000000000 ) ) ;
#4286 = LINE ( 'NONE', #4426, #3984 ) ;
#4287 = ORIENTED_EDGE ( 'NONE', *, *, #3475, .F. ) ;
#4288 =( NAMED_UNIT ( * ) SI_UNIT ( $, .STERADIAN. ) SOLID_ANGLE_UNIT ( ) );
#4289 = AXIS2_PLACEMENT_3D ( 'NONE', #2777, #2369, #3512 ) ;
#4290 = FACE_OUTER_BOUND ( 'NONE', #2921, .T. ) ;
#4291 = ORIENTED_EDGE ( 'NONE', *, *, #2210, .T. ) ;
#4292 = PLANE ( 'NONE',  #2395 ) ;
#4293 = DIRECTION ( 'NONE',  ( -0.1736481776669282800, 0.9848077530122084600, -0.0000000000000000000 ) ) ;
#4294 = CIRCLE ( 'NONE', #174, 0.1121194534934684100 ) ;
#4295 = DIRECTION ( 'NONE',  ( -0.0000000000000000000, -0.0000000000000000000, -1.000000000000000000 ) ) ;
#4296 = AXIS2_PLACEMENT_3D ( 'NONE', #692, #585, #3214 ) ;
#4297 = ORIENTED_EDGE ( 'NONE', *, *, #3891, .T. ) ;
#4298 = EDGE_CURVE ( 'NONE', #115, #1277, #1051, .T. ) ;
#4299 = LINE ( 'NONE', #2345, #2623 ) ;
#4300 = CARTESIAN_POINT ( 'NONE',  ( 2.063842636575960100, 0.4748065572667323800, 0.6100000000000005400 ) ) ;
#4301 = VERTEX_POINT ( 'NONE', #1341 ) ;
#4302 = VECTOR ( 'NONE', #4601, 1000.000000000000000 ) ;
#4303 = CARTESIAN_POINT ( 'NONE',  ( 1.500000000000000700, 0.7162000000000003900, -0.8899999999999995700 ) ) ;
#4304 = DIRECTION ( 'NONE',  ( -0.0000000000000000000, -0.0000000000000000000, -1.000000000000000000 ) ) ;
#4305 = ADVANCED_FACE ( 'NONE', ( #4618 ), #4226, .F. ) ;
#4306 = EDGE_LOOP ( 'NONE', ( #3298, #817, #4888, #4337 ) ) ;
#4307 = VECTOR ( 'NONE', #3624, 1000.000000000000000 ) ;
#4308 = CARTESIAN_POINT ( 'NONE',  ( 1.776161133969903700, 0.4240805465065317600, 0.6100000000000005400 ) ) ;
#4309 = DIRECTION ( 'NONE',  ( -0.1736481776669307200, -0.9848077530122080200, 0.0000000000000000000 ) ) ;
#4310 = ORIENTED_EDGE ( 'NONE', *, *, #749, .T. ) ;
#4311 = ORIENTED_EDGE ( 'NONE', *, *, #2048, .T. ) ;
#4312 = CARTESIAN_POINT ( 'NONE',  ( -2.192393151670311500, 0.01300689682525813000, -0.3899999999999995100 ) ) ;
#4313 = ORIENTED_EDGE ( 'NONE', *, *, #2944, .T. ) ;
#4314 = ORIENTED_EDGE ( 'NONE', *, *, #4482, .F. ) ;
#4315 = EDGE_CURVE ( 'NONE', #3947, #958, #3594, .T. ) ;
#4316 = ORIENTED_EDGE ( 'NONE', *, *, #2252, .F. ) ;
#4317 = CARTESIAN_POINT ( 'NONE',  ( -2.450000000000000200, 0.1797533162558227800, -0.3899999999999995100 ) ) ;
#4318 = ORIENTED_EDGE ( 'NONE', *, *, #2559, .T. ) ;
#4319 = DIRECTION ( 'NONE',  ( -0.0000000000000000000, -1.000000000000000000, -0.0000000000000000000 ) ) ;
#4320 = EDGE_CURVE ( 'NONE', #344, #2326, #1525, .T. ) ;
#4321 = ORIENTED_EDGE ( 'NONE', *, *, #4255, .T. ) ;
#4322 = CARTESIAN_POINT ( 'NONE',  ( -1.920000000000000400, 0.2540000000000001100, -0.3899999999999995100 ) ) ;
#4323 = DIRECTION ( 'NONE',  ( 0.1736481776669293900, -0.9848077530122082400, 0.0000000000000000000 ) ) ;
#4324 = VECTOR ( 'NONE', #2887, 1000.000000000000000 ) ;
#4325 = VERTEX_POINT ( 'NONE', #2677 ) ;
#4326 = AXIS2_PLACEMENT_3D ( 'NONE', #2737, #467, #3118 ) ;
#4327 = CARTESIAN_POINT ( 'NONE',  ( 1.432325704804091400, 0.1524000000000005600, -1.500000000000000900 ) ) ;
#4328 = DIRECTION ( 'NONE',  ( -0.0000000000000000000, -0.0000000000000000000, -1.000000000000000000 ) ) ;
#4329 = EDGE_CURVE ( 'NONE', #4436, #1252, #3658, .T. ) ;
#4330 = DIRECTION ( 'NONE',  ( -1.000000000000000000, 0.0000000000000000000, 0.0000000000000000000 ) ) ;
#4331 = VECTOR ( 'NONE', #1596, 1000.000000000000000 ) ;
#4332 = ADVANCED_FACE ( 'NONE', ( #3901 ), #381, .F. ) ;
#4333 = SHAPE_DEFINITION_REPRESENTATION ( #3330, #1798 ) ;
#4334 = DIRECTION ( 'NONE',  ( -0.0000000000000000000, -0.0000000000000000000, -1.000000000000000000 ) ) ;
#4335 = CARTESIAN_POINT ( 'NONE',  ( 2.192393151670311500, 0.01300689682525813000, 0.1100000000000005000 ) ) ;
#4336 = DIRECTION ( 'NONE',  ( 0.1736481776669305800, 0.9848077530122081300, 0.0000000000000000000 ) ) ;
#4337 = ORIENTED_EDGE ( 'NONE', *, *, #3316, .T. ) ;
#4338 = LINE ( 'NONE', #1736, #1060 ) ;
#4339 = CIRCLE ( 'NONE', #4535, 0.2921194534934680200 ) ;
#4340 = DIRECTION ( 'NONE',  ( -0.1736481776669305500, -0.9848077530122080200, 0.0000000000000000000 ) ) ;
#4341 = VECTOR ( 'NONE', #2204, 1000.000000000000000 ) ;
#4342 = ORIENTED_EDGE ( 'NONE', *, *, #4700, .T. ) ;
#4343 = CARTESIAN_POINT ( 'NONE',  ( 2.201813623794040400, 0.1927602130810809300, 1.110000000000000500 ) ) ;
#4344 = LINE ( 'NONE', #634, #716 ) ;
#4345 = CARTESIAN_POINT ( 'NONE',  ( -1.500000000000000900, 0.7162000000000003900, 0.1100000000000005000 ) ) ;
#4346 = EDGE_LOOP ( 'NONE', ( #3343, #3890, #1458, #4828 ) ) ;
#4347 = EDGE_CURVE ( 'NONE', #863, #1277, #275, .T. ) ;
#4348 = EDGE_CURVE ( 'NONE', #3392, #2660, #1881, .T. ) ;
#4349 = CIRCLE ( 'NONE', #3612, 0.1121194534934684100 ) ;
#4350 = EDGE_CURVE ( 'NONE', #2633, #1829, #4093, .T. ) ;
#4351 = DIRECTION ( 'NONE',  ( 0.1736481776669293900, 0.9848077530122082400, -0.0000000000000000000 ) ) ;
#4352 = ORIENTED_EDGE ( 'NONE', *, *, #2095, .F. ) ;
#4353 = PLANE ( 'NONE',  #3636 ) ;
#4354 = VERTEX_POINT ( 'NONE', #2296 ) ;
#4355 = LINE ( 'NONE', #3181, #3685 ) ;
#4356 = DIRECTION ( 'NONE',  ( 0.0000000000000000000, 0.9848077530122080200, 0.1736481776669307200 ) ) ;
#4357 = VERTEX_POINT ( 'NONE', #3821 ) ;
#4358 = ADVANCED_FACE ( 'NONE', ( #4685 ), #2318, .T. ) ;
#4359 = AXIS2_PLACEMENT_3D ( 'NONE', #4524, #1082, #343 ) ;
#4360 = EDGE_CURVE ( 'NONE', #4877, #477, #1819, .T. ) ;
#4361 = LINE ( 'NONE', #3615, #308 ) ;
#4362 = ORIENTED_EDGE ( 'NONE', *, *, #1641, .T. ) ;
#4363 = VERTEX_POINT ( 'NONE', #1190 ) ;
#4364 = CARTESIAN_POINT ( 'NONE',  ( 1.776161133969903500, 0.7161999999999997300, -0.8899999999999995700 ) ) ;
#4365 = CARTESIAN_POINT ( 'NONE',  ( -1.500000000000001100, 0.5362000000000004500, -1.109999999999999400 ) ) ;
#4366 = CYLINDRICAL_SURFACE ( 'NONE', #462, 0.2921194534934680200 ) ;
#4367 = EDGE_LOOP ( 'NONE', ( #2465, #3217, #1426, #2693 ) ) ;
#4368 = VECTOR ( 'NONE', #2570, 1000.000000000000000 ) ;
#4369 = CARTESIAN_POINT ( 'NONE',  ( -1.776161133969903900, 0.7161999999999997300, -0.6099999999999995400 ) ) ;
#4370 = ORIENTED_EDGE ( 'NONE', *, *, #4350, .F. ) ;
#4371 = EDGE_LOOP ( 'NONE', ( #116, #4424, #2052, #949 ) ) ;
#4372 = DIRECTION ( 'NONE',  ( 0.9848077530122080200, -0.1736481776669307200, -2.135461410592808200E-016 ) ) ;
#4373 = CARTESIAN_POINT ( 'NONE',  ( 1.500000000000000700, 0.7162000000000003900, -0.3899999999999995100 ) ) ;
#4374 = LINE ( 'NONE', #1989, #4141 ) ;
#4375 = VERTEX_POINT ( 'NONE', #1536 ) ;
#4376 = ORIENTED_EDGE ( 'NONE', *, *, #2341, .F. ) ;
#4377 = EDGE_CURVE ( 'NONE', #4228, #825, #3770, .T. ) ;
#4378 = DIRECTION ( 'NONE',  ( -1.000000000000000000, -2.355586009297741800E-015, 0.0000000000000000000 ) ) ;
#4379 = DIRECTION ( 'NONE',  ( 0.9986295347545742800, -0.05233595624293722200, 0.0000000000000000000 ) ) ;
#4380 = ORIENTED_EDGE ( 'NONE', *, *, #128, .F. ) ;
#4381 = CARTESIAN_POINT ( 'NONE',  ( -1.776161133969903900, 0.4240805465065317600, -0.3899999999999995100 ) ) ;
#4382 = ADVANCED_FACE ( 'NONE', ( #2763 ), #810, .F. ) ;
#4383 = DIRECTION ( 'NONE',  ( -1.000000000000000000, 2.355586009297741800E-015, -0.0000000000000000000 ) ) ;
#4384 = FACE_OUTER_BOUND ( 'NONE', #2852, .T. ) ;
#4385 = DIRECTION ( 'NONE',  ( -0.0000000000000000000, 0.0000000000000000000, -1.000000000000000000 ) ) ;
#4386 = ORIENTED_EDGE ( 'NONE', *, *, #3788, .F. ) ;
#4387 = EDGE_CURVE ( 'NONE', #622, #477, #3535, .T. ) ;
#4388 = AXIS2_PLACEMENT_3D ( 'NONE', #1569, #1950, #2335 ) ;
#4389 =( GEOMETRIC_REPRESENTATION_CONTEXT ( 3 ) GLOBAL_UNCERTAINTY_ASSIGNED_CONTEXT ( ( #674 ) ) GLOBAL_UNIT_ASSIGNED_CONTEXT ( ( #2175, #1327, #2008 ) ) REPRESENTATION_CONTEXT ( 'NONE', 'WORKASPACE' ) );
#4390 = CARTESIAN_POINT ( 'NONE',  ( 2.201813623794040400, 0.1927602130810809100, -0.3899999999999995100 ) ) ;
#4391 = VECTOR ( 'NONE', #470, 1000.000000000000000 ) ;
#4392 = CARTESIAN_POINT ( 'NONE',  ( 2.450000000000000200, 0.1797533162558224400, -0.8899999999999995700 ) ) ;
#4393 = DIRECTION ( 'NONE',  ( -1.000000000000000000, 0.0000000000000000000, 0.0000000000000000000 ) ) ;
#4394 = FACE_OUTER_BOUND ( 'NONE', #1430, .T. ) ;
#4395 = CARTESIAN_POINT ( 'NONE',  ( 1.500000000000000200, 0.7162000000000003900, -1.500000000000000900 ) ) ;
#4396 = CARTESIAN_POINT ( 'NONE',  ( 2.207681502606056800, 0.3047260107602004500, 0.6100000000000005400 ) ) ;
#4397 = EDGE_CURVE ( 'NONE', #3115, #1927, #2290, .T. ) ;
#4398 = VERTEX_POINT ( 'NONE', #3108 ) ;
#4399 =( NAMED_UNIT ( * ) SI_UNIT ( $, .STERADIAN. ) SOLID_ANGLE_UNIT ( ) );
#4400 = LINE ( 'NONE', #2511, #1061 ) ;
#4401 = VECTOR ( 'NONE', #954, 1000.000000000000000 ) ;
#4402 = CARTESIAN_POINT ( 'NONE',  ( -1.500000000000001100, 0.7162000000000003900, -0.3899999999999995100 ) ) ;
#4403 = ORIENTED_EDGE ( 'NONE', *, *, #4939, .T. ) ;
#4404 = CARTESIAN_POINT ( 'NONE',  ( 2.450000000000000200, 0.1797533162558224400, 0.8900000000000004600 ) ) ;
#4405 = ORIENTED_EDGE ( 'NONE', *, *, #3788, .T. ) ;
#4406 = LINE ( 'NONE', #302, #4163 ) ;
#4407 = CARTESIAN_POINT ( 'NONE',  ( -2.207681502606056800, 0.3047260107602004500, -1.109999999999999400 ) ) ;
#4408 = LINE ( 'NONE', #1840, #294 ) ;
#4409 = DIRECTION ( 'NONE',  ( -0.0000000000000000000, -0.0000000000000000000, -1.000000000000000000 ) ) ;
#4410 = ADVANCED_FACE ( 'NONE', ( #1764 ), #2474, .T. ) ;
#4411 = VECTOR ( 'NONE', #2916, 1000.000000000000000 ) ;
#4412 = DIRECTION ( 'NONE',  ( -0.9986295347545742800, -0.05233595624293664600, 0.0000000000000000000 ) ) ;
#4413 = DIRECTION ( 'NONE',  ( -0.0000000000000000000, -0.0000000000000000000, -1.000000000000000000 ) ) ;
#4414 = DIRECTION ( 'NONE',  ( 0.0000000000000000000, 0.0000000000000000000, 1.000000000000000000 ) ) ;
#4415 = LINE ( 'NONE', #2702, #2022 ) ;
#4416 = EDGE_CURVE ( 'NONE', #75, #1396, #641, .T. ) ;
#4417 = ORIENTED_EDGE ( 'NONE', *, *, #1933, .F. ) ;
#4418 = PLANE ( 'NONE',  #2442 ) ;
#4419 = EDGE_CURVE ( 'NONE', #1108, #1455, #4501, .T. ) ;
#4420 = AXIS2_PLACEMENT_3D ( 'NONE', #2084, #169, #1286 ) ;
#4421 = CLOSED_SHELL ( 'NONE', ( #184, #4811, #354, #4438, #212, #3569, #108, #642, #4684, #2253, #1781, #2621, #2928, #811 ) ) ;
#4422 = DIRECTION ( 'NONE',  ( -1.000000000000000000, 0.0000000000000000000, 0.0000000000000000000 ) ) ;
#4423 = VECTOR ( 'NONE', #2380, 1000.000000000000000 ) ;
#4424 = ORIENTED_EDGE ( 'NONE', *, *, #2266, .F. ) ;
#4425 = LINE ( 'NONE', #393, #2926 ) ;
#4426 = CARTESIAN_POINT ( 'NONE',  ( 1.886577241033763300, 0.4435498852866847600, 0.1100000000000005000 ) ) ;
#4427 = PLANE ( 'NONE',  #1133 ) ;
#4428 = VERTEX_POINT ( 'NONE', #91 ) ;
#4429 = EDGE_CURVE ( 'NONE', #4104, #3757, #3477, .T. ) ;
#4430 = EDGE_LOOP ( 'NONE', ( #375, #1595, #1177, #2305 ) ) ;
#4431 = CARTESIAN_POINT ( 'NONE',  ( 1.500000000000000900, 0.5362000000000004500, -0.1099999999999995300 ) ) ;
#4432 = FACE_OUTER_BOUND ( 'NONE', #85, .T. ) ;
#4433 = CARTESIAN_POINT ( 'NONE',  ( 1.776161133969903500, 0.5362000000000003400, -0.8899999999999995700 ) ) ;
#4434 = DIRECTION ( 'NONE',  ( 0.9848077530122080200, 0.1736481776669307200, -2.135461410592808200E-016 ) ) ;
#4435 = DIRECTION ( 'NONE',  ( 0.05233595624293664600, -0.9986295347545742800, 0.0000000000000000000 ) ) ;
#4436 = VERTEX_POINT ( 'NONE', #103 ) ;
#4437 = LINE ( 'NONE', #479, #3347 ) ;
#4438 = ADVANCED_FACE ( 'NONE', ( #4384 ), #1237, .F. ) ;
#4439 = ORIENTED_EDGE ( 'NONE', *, *, #588, .T. ) ;
#4440 = VERTEX_POINT ( 'NONE', #2397 ) ;
#4441 = CARTESIAN_POINT ( 'NONE',  ( 2.440579527876271600, -6.776263578034402700E-018, 1.110000000000000500 ) ) ;
#4442 = ORIENTED_EDGE ( 'NONE', *, *, #1424, .F. ) ;
#4443 = ORIENTED_EDGE ( 'NONE', *, *, #2350, .T. ) ;
#4444 = ORIENTED_EDGE ( 'NONE', *, *, #3152, .T. ) ;
#4445 = CARTESIAN_POINT ( 'NONE',  ( -1.776161133969903700, 0.4240805465065317600, -0.1099999999999995300 ) ) ;
#4446 = ORIENTED_EDGE ( 'NONE', *, *, #1828, .T. ) ;
#4447 = CARTESIAN_POINT ( 'NONE',  ( -1.500000000000000900, 0.5362000000000004500, 0.6100000000000005400 ) ) ;
#4448 = ORIENTED_EDGE ( 'NONE', *, *, #688, .F. ) ;
#4449 = EDGE_CURVE ( 'NONE', #2995, #1257, #4241, .T. ) ;
#4450 = AXIS2_PLACEMENT_3D ( 'NONE', #4390, #4808, #2485 ) ;
#4451 = DIRECTION ( 'NONE',  ( -0.9848077530122084600, -0.1736481776669282800, 0.0000000000000000000 ) ) ;
#4452 = VECTOR ( 'NONE', #3247, 1000.000000000000000 ) ;
#4453 = AXIS2_PLACEMENT_3D ( 'NONE', #3782, #3719, #700 ) ;
#4454 = PRESENTATION_STYLE_ASSIGNMENT (( #1532 ) ) ;
#4455 = DIRECTION ( 'NONE',  ( -0.0000000000000000000, -0.0000000000000000000, -1.000000000000000000 ) ) ;
#4456 = CARTESIAN_POINT ( 'NONE',  ( 1.920000000000000400, 0.2540000000000001100, -0.1099999999999995300 ) ) ;
#4457 = CIRCLE ( 'NONE', #2875, 0.1121194534934684100 ) ;
#4458 = ADVANCED_FACE ( 'NONE', ( #3565 ), #2757, .F. ) ;
#4459 = DIRECTION ( 'NONE',  ( 0.9986295347545742800, -0.05233595624293722200, 0.0000000000000000000 ) ) ;
#4460 = ORIENTED_EDGE ( 'NONE', *, *, #4137, .F. ) ;
#4461 = LINE ( 'NONE', #2043, #1417 ) ;
#4462 = CARTESIAN_POINT ( 'NONE',  ( 1.500000000000000700, 0.5362000000000004500, -0.6099999999999995400 ) ) ;
#4463 = PRESENTATION_STYLE_ASSIGNMENT (( #3310 ) ) ;
#4464 = DIRECTION ( 'NONE',  ( -0.0000000000000000000, -0.0000000000000000000, -1.000000000000000000 ) ) ;
#4465 = ORIENTED_EDGE ( 'NONE', *, *, #721, .T. ) ;
#4466 = DIRECTION ( 'NONE',  ( -0.0000000000000000000, -0.0000000000000000000, -1.000000000000000000 ) ) ;
#4467 = VECTOR ( 'NONE', #711, 1000.000000000000000 ) ;
#4468 = DIRECTION ( 'NONE',  ( -0.1736481776669305500, -0.9848077530122080200, 0.0000000000000000000 ) ) ;
#4469 = CARTESIAN_POINT ( 'NONE',  ( -2.097265395542197400, 0.2852566719800474500, 0.1100000000000005000 ) ) ;
#4470 = VECTOR ( 'NONE', #3511, 1000.000000000000000 ) ;
#4471 = CARTESIAN_POINT ( 'NONE',  ( -1.886577241033763300, 0.4435498852866847600, 1.110000000000000500 ) ) ;
#4472 = ORIENTED_EDGE ( 'NONE', *, *, #2085, .T. ) ;
#4473 =( LENGTH_UNIT ( ) NAMED_UNIT ( * ) SI_UNIT ( .MILLI., .METRE. ) );
#4474 = ORIENTED_EDGE ( 'NONE', *, *, #849, .F. ) ;
#4475 = CIRCLE ( 'NONE', #1254, 0.2921194534934680200 ) ;
#4476 = AXIS2_PLACEMENT_3D ( 'NONE', #3903, #1229, #1654 ) ;
#4477 = ORIENTED_EDGE ( 'NONE', *, *, #204, .T. ) ;
#4478 = CARTESIAN_POINT ( 'NONE',  ( -2.192393151670311500, 0.01300689682525813000, 0.1100000000000005000 ) ) ;
#4479 = DIRECTION ( 'NONE',  ( -1.000000000000000000, 0.0000000000000000000, 0.0000000000000000000 ) ) ;
#4480 = FACE_OUTER_BOUND ( 'NONE', #2909, .T. ) ;
#4481 = ORIENTED_EDGE ( 'NONE', *, *, #1192, .T. ) ;
#4482 = EDGE_CURVE ( 'NONE', #1927, #4730, #1197, .T. ) ;
#4483 = AXIS2_PLACEMENT_3D ( 'NONE', #3491, #3044, #55 ) ;
#4484 = CARTESIAN_POINT ( 'NONE',  ( 1.776161133969903700, 0.5362000000000003400, 0.1100000000000005000 ) ) ;
#4485 = VECTOR ( 'NONE', #4578, 1000.000000000000000 ) ;
#4486 = DIRECTION ( 'NONE',  ( -0.0000000000000000000, -0.0000000000000000000, -1.000000000000000000 ) ) ;
#4487 = ORIENTED_EDGE ( 'NONE', *, *, #4416, .T. ) ;
#4488 = CIRCLE ( 'NONE', #2309, 0.2921194534934682400 ) ;
#4489 = AXIS2_PLACEMENT_3D ( 'NONE', #3734, #3250, #4032 ) ;
#4490 = EDGE_CURVE ( 'NONE', #2326, #136, #2674, .T. ) ;
#4491 = ORIENTED_EDGE ( 'NONE', *, *, #639, .T. ) ;
#4492 = ORIENTED_EDGE ( 'NONE', *, *, #3281, .F. ) ;
#4493 = VECTOR ( 'NONE', #3559, 1000.000000000000100 ) ;
#4494 = CARTESIAN_POINT ( 'NONE',  ( -2.450000000000000200, 0.1797533162558227800, -0.6099999999999995400 ) ) ;
#4495 = ORIENTED_EDGE ( 'NONE', *, *, #684, .F. ) ;
#4496 = EDGE_LOOP ( 'NONE', ( #2803, #3893, #2489, #2174 ) ) ;
#4497 = DIRECTION ( 'NONE',  ( -0.05233595624293675000, -0.9986295347545742800, 0.0000000000000000000 ) ) ;
#4498 = CARTESIAN_POINT ( 'NONE',  ( -2.201813623794040400, 0.1927602130810807700, -0.1099999999999995300 ) ) ;
#4499 = ORIENTED_EDGE ( 'NONE', *, *, #1192, .F. ) ;
#4500 = CARTESIAN_POINT ( 'NONE',  ( 1.920000000000000200, 0.2540000000000001100, -0.8899999999999995700 ) ) ;
#4501 = CIRCLE ( 'NONE', #44, 0.2921194534934682400 ) ;
#4502 = DIRECTION ( 'NONE',  ( 0.9986295347545742800, 0.05233595624293664600, 0.0000000000000000000 ) ) ;
#4503 = VERTEX_POINT ( 'NONE', #4300 ) ;
#4504 = CARTESIAN_POINT ( 'NONE',  ( -1.500000000000000900, 0.5362000000000004500, 1.110000000000000500 ) ) ;
#4505 = DIRECTION ( 'NONE',  ( 0.1736481776669307200, -0.9848077530122080200, 0.0000000000000000000 ) ) ;
#4506 = EDGE_CURVE ( 'NONE', #3226, #2586, #2384, .T. ) ;
#4507 = PLANE ( 'NONE',  #3345 ) ;
#4508 = ORIENTED_EDGE ( 'NONE', *, *, #839, .T. ) ;
#4509 = EDGE_CURVE ( 'NONE', #277, #1460, #2564, .T. ) ;
#4510 = PRESENTATION_LAYER_ASSIGNMENT (  '', '', ( #2715 ) ) ;
#4511 = VECTOR ( 'NONE', #1071, 1000.000000000000000 ) ;
#4512 = CARTESIAN_POINT ( 'NONE',  ( -2.192393151670311500, 0.01300689682525813000, 0.6100000000000005400 ) ) ;
#4513 = LINE ( 'NONE', #595, #4224 ) ;
#4514 = VECTOR ( 'NONE', #482, 1000.000000000000000 ) ;
#4515 = DIRECTION ( 'NONE',  ( 0.05233595624293675700, 0.9986295347545742800, -0.0000000000000000000 ) ) ;
#4516 = AXIS2_PLACEMENT_3D ( 'NONE', #1970, #830, #1605 ) ;
#4517 = ORIENTED_EDGE ( 'NONE', *, *, #2115, .T. ) ;
#4518 = DIRECTION ( 'NONE',  ( 0.05233595624293664600, -0.9986295347545742800, 0.0000000000000000000 ) ) ;
#4519 = DIRECTION ( 'NONE',  ( -1.000000000000000000, 0.0000000000000000000, 0.0000000000000000000 ) ) ;
#4520 = ORIENTED_EDGE ( 'NONE', *, *, #4647, .T. ) ;
#4521 = FACE_OUTER_BOUND ( 'NONE', #1934, .T. ) ;
#4522 = VECTOR ( 'NONE', #291, 1000.000000000000000 ) ;
#4523 = PLANE ( 'NONE',  #3707 ) ;
#4524 = CARTESIAN_POINT ( 'NONE',  ( -2.207681502606056800, 0.3047260107602004500, -0.8899999999999995700 ) ) ;
#4525 = FACE_OUTER_BOUND ( 'NONE', #4018, .T. ) ;
#4526 = ORIENTED_EDGE ( 'NONE', *, *, #2266, .T. ) ;
#4527 = DIRECTION ( 'NONE',  ( -1.000000000000000000, 0.0000000000000000000, 0.0000000000000000000 ) ) ;
#4528 = VECTOR ( 'NONE', #407, 1000.000000000000000 ) ;
#4529 = CARTESIAN_POINT ( 'NONE',  ( 1.886577241033763300, 0.4435498852866847600, 0.1100000000000005000 ) ) ;
#4530 = ORIENTED_EDGE ( 'NONE', *, *, #3033, .F. ) ;
#4531 = ORIENTED_EDGE ( 'NONE', *, *, #3802, .F. ) ;
#4532 = CARTESIAN_POINT ( 'NONE',  ( 2.063842636575960100, 0.4748065572667323800, 0.3900000000000004600 ) ) ;
#4533 = EDGE_CURVE ( 'NONE', #840, #2882, #1551, .T. ) ;
#4534 = ORIENTED_EDGE ( 'NONE', *, *, #399, .T. ) ;
#4535 = AXIS2_PLACEMENT_3D ( 'NONE', #2388, #4726, #2796 ) ;
#4536 = CARTESIAN_POINT ( 'NONE',  ( -1.886577241033763600, 0.4435498852866847600, -1.109999999999999400 ) ) ;
#4537 = LINE ( 'NONE', #3812, #1735 ) ;
#4538 = DIRECTION ( 'NONE',  ( -1.000000000000000000, 0.0000000000000000000, 0.0000000000000000000 ) ) ;
#4539 = ORIENTED_EDGE ( 'NONE', *, *, #4796, .T. ) ;
#4540 = ORIENTED_EDGE ( 'NONE', *, *, #1979, .F. ) ;
#4541 =( GEOMETRIC_REPRESENTATION_CONTEXT ( 3 ) GLOBAL_UNCERTAINTY_ASSIGNED_CONTEXT ( ( #1187 ) ) GLOBAL_UNIT_ASSIGNED_CONTEXT ( ( #1204, #435, #3488 ) ) REPRESENTATION_CONTEXT ( 'NONE', 'WORKASPACE' ) );
#4542 = AXIS2_PLACEMENT_3D ( 'NONE', #1301, #3172, #1317 ) ;
#4543 = CARTESIAN_POINT ( 'NONE',  ( 1.500000000000000200, 0.5362000000000004500, -1.500000000000000900 ) ) ;
#4544 = CARTESIAN_POINT ( 'NONE',  ( 2.207681502606056800, 0.3047260107602004500, 1.110000000000000500 ) ) ;
#4545 = ORIENTED_EDGE ( 'NONE', *, *, #2120, .T. ) ;
#4546 = LINE ( 'NONE', #408, #4861 ) ;
#4547 = ORIENTED_EDGE ( 'NONE', *, *, #3106, .F. ) ;
#4548 = ORIENTED_EDGE ( 'NONE', *, *, #3631, .T. ) ;
#4549 = CARTESIAN_POINT ( 'NONE',  ( -1.776161133969903700, 0.4240805465065317600, 0.1100000000000005000 ) ) ;
#4550 = ORIENTED_EDGE ( 'NONE', *, *, #2300, .F. ) ;
#4551 = AXIS2_PLACEMENT_3D ( 'NONE', #1017, #246, #617 ) ;
#4552 = EDGE_CURVE ( 'NONE', #3194, #629, #4355, .T. ) ;
#4553 = ADVANCED_FACE ( 'NONE', ( #2977 ), #3927, .F. ) ;
#4554 = DIRECTION ( 'NONE',  ( -0.9986295347545742800, -0.05233595624293664600, 0.0000000000000000000 ) ) ;
#4555 = VERTEX_POINT ( 'NONE', #2415 ) ;
#4556 = VERTEX_POINT ( 'NONE', #4649 ) ;
#4557 = ORIENTED_EDGE ( 'NONE', *, *, #1446, .F. ) ;
#4558 = DIRECTION ( 'NONE',  ( -0.1736481776669305500, -0.9848077530122080200, 0.0000000000000000000 ) ) ;
#4559 = DIRECTION ( 'NONE',  ( 0.05233595624293675700, 0.9986295347545742800, -0.0000000000000000000 ) ) ;
#4560 = EDGE_LOOP ( 'NONE', ( #260, #2267, #2688, #2719 ) ) ;
#4561 = VECTOR ( 'NONE', #1292, 1000.000000000000100 ) ;
#4562 = VECTOR ( 'NONE', #125, 1000.000000000000000 ) ;
#4563 = DIRECTION ( 'NONE',  ( 1.000000000000000000, -2.355586009297741800E-015, 0.0000000000000000000 ) ) ;
#4564 = DIRECTION ( 'NONE',  ( 1.000000000000000000, 0.0000000000000000000, 0.0000000000000000000 ) ) ;
#4565 = EDGE_CURVE ( 'NONE', #4846, #2673, #3803, .T. ) ;
#4566 = LINE ( 'NONE', #4886, #2769 ) ;
#4567 = LINE ( 'NONE', #1502, #1888 ) ;
#4568 = CARTESIAN_POINT ( 'NONE',  ( 2.207681502606056800, 0.3047260107602004500, 0.1100000000000005000 ) ) ;
#4569 = CARTESIAN_POINT ( 'NONE',  ( -1.499999999999999300, 0.7162000000000003900, -1.500000000000000400 ) ) ;
#4570 = EDGE_CURVE ( 'NONE', #104, #806, #784, .T. ) ;
#4571 = VERTEX_POINT ( 'NONE', #129 ) ;
#4572 = AXIS2_PLACEMENT_3D ( 'NONE', #4736, #3202, #2099 ) ;
#4573 = AXIS2_PLACEMENT_3D ( 'NONE', #4142, #333, #1868 ) ;
#4574 = EDGE_LOOP ( 'NONE', ( #3682, #4652, #1024, #624 ) ) ;
#4575 = LINE ( 'NONE', #4343, #4514 ) ;
#4576 = LINE ( 'NONE', #1822, #528 ) ;
#4577 = ADVANCED_FACE ( 'NONE', ( #4184 ), #3390, .T. ) ;
#4578 = DIRECTION ( 'NONE',  ( -0.0000000000000000000, -0.0000000000000000000, -1.000000000000000000 ) ) ;
#4579 = ORIENTED_EDGE ( 'NONE', *, *, #4928, .F. ) ;
#4580 = FILL_AREA_STYLE ('',( #1584 ) ) ;
#4581 = AXIS2_PLACEMENT_3D ( 'NONE', #1825, #2987, #4479 ) ;
#4582 = FACE_OUTER_BOUND ( 'NONE', #3692, .T. ) ;
#4583 = DIRECTION ( 'NONE',  ( 0.0000000000000000000, 1.000000000000000000, 0.0000000000000000000 ) ) ;
#4584 = ORIENTED_EDGE ( 'NONE', *, *, #2997, .T. ) ;
#4585 = SURFACE_STYLE_FILL_AREA ( #2717 ) ;
#4586 = DIRECTION ( 'NONE',  ( -3.925976682162903200E-016, 1.000000000000000000, 0.0000000000000000000 ) ) ;
#4587 = EDGE_LOOP ( 'NONE', ( #1616, #4584, #4313, #2277 ) ) ;
#4588 = ORIENTED_EDGE ( 'NONE', *, *, #3534, .F. ) ;
#4589 = ORIENTED_EDGE ( 'NONE', *, *, #3989, .T. ) ;
#4590 = VECTOR ( 'NONE', #2823, 1000.000000000000000 ) ;
#4591 = ORIENTED_EDGE ( 'NONE', *, *, #1408, .T. ) ;
#4592 = DIRECTION ( 'NONE',  ( 0.0000000000000000000, 0.0000000000000000000, 1.000000000000000000 ) ) ;
#4593 = CARTESIAN_POINT ( 'NONE',  ( -1.886577241033763600, 0.4435498852866847600, -0.8899999999999995700 ) ) ;
#4594 = CYLINDRICAL_SURFACE ( 'NONE', #4174, 0.1443949717410304700 ) ;
#4595 = PLANE ( 'NONE',  #3186 ) ;
#4596 = DIRECTION ( 'NONE',  ( -1.000000000000000000, 2.355586009297741800E-015, -0.0000000000000000000 ) ) ;
#4597 = EDGE_CURVE ( 'NONE', #2550, #3266, #1256, .T. ) ;
#4598 = ADVANCED_FACE ( 'NONE', ( #484 ), #4787, .T. ) ;
#4599 = EDGE_CURVE ( 'NONE', #3731, #4693, #1306, .T. ) ;
#4600 = EDGE_CURVE ( 'NONE', #4941, #3189, #541, .T. ) ;
#4601 = DIRECTION ( 'NONE',  ( 0.1736481776669293900, -0.9848077530122082400, 0.0000000000000000000 ) ) ;
#4602 = ORIENTED_EDGE ( 'NONE', *, *, #3065, .F. ) ;
#4603 = VECTOR ( 'NONE', #679, 1000.000000000000000 ) ;
#4604 = PLANE ( 'NONE',  #3801 ) ;
#4605 = CARTESIAN_POINT ( 'NONE',  ( 1.500000000000000900, 0.5362000000000004500, 0.1100000000000005000 ) ) ;
#4606 = ORIENTED_EDGE ( 'NONE', *, *, #843, .F. ) ;
#4607 = ORIENTED_EDGE ( 'NONE', *, *, #1641, .F. ) ;
#4608 = FACE_OUTER_BOUND ( 'NONE', #1198, .T. ) ;
#4609 = AXIS2_PLACEMENT_3D ( 'NONE', #1428, #4100, #687 ) ;
#4610 = CARTESIAN_POINT ( 'NONE',  ( 0.0000000000000000000, 1.099999999999999400, 0.0000000000000000000 ) ) ;
#4611 = CARTESIAN_POINT ( 'NONE',  ( 2.207681502606056800, 0.3047260107602004500, 1.110000000000000500 ) ) ;
#4612 = ORIENTED_EDGE ( 'NONE', *, *, #4939, .F. ) ;
#4613 = DIRECTION ( 'NONE',  ( 1.000000000000000000, -2.355586009297741800E-015, 0.0000000000000000000 ) ) ;
#4614 = ORIENTED_EDGE ( 'NONE', *, *, #1110, .T. ) ;
#4615 = ORIENTED_EDGE ( 'NONE', *, *, #1162, .F. ) ;
#4616 = DIRECTION ( 'NONE',  ( -1.000000000000000000, 0.0000000000000000000, 0.0000000000000000000 ) ) ;
#4617 = DIRECTION ( 'NONE',  ( -0.0000000000000000000, -0.0000000000000000000, -1.000000000000000000 ) ) ;
#4618 = FACE_OUTER_BOUND ( 'NONE', #2923, .T. ) ;
#4619 = EDGE_LOOP ( 'NONE', ( #4049, #3710, #4776, #1065 ) ) ;
#4620 = CARTESIAN_POINT ( 'NONE',  ( 1.886577241033763300, 0.4435498852866847600, -0.1099999999999995300 ) ) ;
#4621 = LINE ( 'NONE', #2114, #217 ) ;
#4622 = ADVANCED_FACE ( 'NONE', ( #3150 ), #1433, .F. ) ;
#4623 = CARTESIAN_POINT ( 'NONE',  ( -1.500000000000000900, 0.7162000000000003900, 0.1100000000000005000 ) ) ;
#4624 = CARTESIAN_POINT ( 'NONE',  ( 1.776161133969903500, 0.4240805465065317600, -0.8899999999999995700 ) ) ;
#4625 = EDGE_CURVE ( 'NONE', #2673, #262, #3932, .T. ) ;
#4626 = LINE ( 'NONE', #2639, #154 ) ;
#4627 = CARTESIAN_POINT ( 'NONE',  ( 1.500000000000000900, 0.7162000000000003900, 0.3900000000000004600 ) ) ;
#4628 = AXIS2_PLACEMENT_3D ( 'NONE', #3627, #2142, #214 ) ;
#4629 = CIRCLE ( 'NONE', #1604, 0.1121194534934686200 ) ;
#4630 = DIRECTION ( 'NONE',  ( -0.0000000000000000000, -0.0000000000000000000, -1.000000000000000000 ) ) ;
#4631 = FACE_OUTER_BOUND ( 'NONE', #1667, .T. ) ;
#4632 = DIRECTION ( 'NONE',  ( -1.000000000000000000, -2.355586009297741800E-015, 0.0000000000000000000 ) ) ;
#4633 = ORIENTED_EDGE ( 'NONE', *, *, #839, .F. ) ;
#4634 = ORIENTED_EDGE ( 'NONE', *, *, #2683, .T. ) ;
#4635 = SURFACE_SIDE_STYLE ('',( #4585 ) ) ;
#4636 = VECTOR ( 'NONE', #2288, 1000.000000000000000 ) ;
#4637 = DIRECTION ( 'NONE',  ( -2.168404344971009100E-016, -0.0000000000000000000, -1.000000000000000000 ) ) ;
#4638 = EDGE_CURVE ( 'NONE', #109, #1517, #2790, .T. ) ;
#4639 = LINE ( 'NONE', #2522, #474 ) ;
#4640 = AXIS2_PLACEMENT_3D ( 'NONE', #523, #509, #3155 ) ;
#4641 = AXIS2_PLACEMENT_3D ( 'NONE', #3773, #1507, #1958 ) ;
#4642 = DIRECTION ( 'NONE',  ( -1.000000000000000000, 3.925976682162903200E-016, 0.0000000000000000000 ) ) ;
#4643 = DIRECTION ( 'NONE',  ( 0.0000000000000000000, 0.0000000000000000000, 1.000000000000000000 ) ) ;
#4644 = DIRECTION ( 'NONE',  ( -0.0000000000000000000, -0.0000000000000000000, -1.000000000000000000 ) ) ;
#4645 = DIRECTION ( 'NONE',  ( -0.9986295347545741700, 0.05233595624293849900, -0.0000000000000000000 ) ) ;
#4646 = AXIS2_PLACEMENT_3D ( 'NONE', #2037, #69, #773 ) ;
#4647 = EDGE_CURVE ( 'NONE', #3266, #4325, #4475, .T. ) ;
#4648 = VECTOR ( 'NONE', #312, 1000.000000000000000 ) ;
#4649 = CARTESIAN_POINT ( 'NONE',  ( 1.776161133969903500, 0.5362000000000003400, -0.6099999999999995400 ) ) ;
#4650 = ORIENTED_EDGE ( 'NONE', *, *, #163, .F. ) ;
#4651 = DIRECTION ( 'NONE',  ( -0.1736481776669305500, -0.9848077530122080200, 0.0000000000000000000 ) ) ;
#4652 = ORIENTED_EDGE ( 'NONE', *, *, #3352, .F. ) ;
#4653 = DIRECTION ( 'NONE',  ( 1.000000000000000000, 0.0000000000000000000, 0.0000000000000000000 ) ) ;
#4654 = CARTESIAN_POINT ( 'NONE',  ( 1.776161133969903700, 0.4240805465065317600, 0.1100000000000005000 ) ) ;
#4655 = VECTOR ( 'NONE', #4680, 1000.000000000000000 ) ;
#4656 = ORIENTED_EDGE ( 'NONE', *, *, #4816, .T. ) ;
#4657 = DIRECTION ( 'NONE',  ( 2.168404344971009100E-016, -0.0000000000000000000, 1.000000000000000000 ) ) ;
#4658 = CARTESIAN_POINT ( 'NONE',  ( 2.440579527876271600, -6.776263578034402700E-018, 0.1100000000000005000 ) ) ;
#4659 = ORIENTED_EDGE ( 'NONE', *, *, #4113, .T. ) ;
#4660 = LINE ( 'NONE', #1936, #4302 ) ;
#4661 = DIRECTION ( 'NONE',  ( -0.0000000000000000000, -0.0000000000000000000, -1.000000000000000000 ) ) ;
#4662 = UNCERTAINTY_MEASURE_WITH_UNIT (LENGTH_MEASURE( 1.000000000000000100E-005 ), #3823, 'distance_accuracy_value', 'NONE');
#4663 = ORIENTED_EDGE ( 'NONE', *, *, #4258, .T. ) ;
#4664 = EDGE_CURVE ( 'NONE', #3798, #75, #418, .T. ) ;
#4665 = DIRECTION ( 'NONE',  ( 1.000000000000000000, 2.355586009297741800E-015, 0.0000000000000000000 ) ) ;
#4666 = LINE ( 'NONE', #3082, #3822 ) ;
#4667 = DIRECTION ( 'NONE',  ( -0.0000000000000000000, -0.0000000000000000000, -1.000000000000000000 ) ) ;
#4668 = EDGE_CURVE ( 'NONE', #911, #854, #1022, .T. ) ;
#4669 = ORIENTED_EDGE ( 'NONE', *, *, #3029, .T. ) ;
#4670 = AXIS2_PLACEMENT_3D ( 'NONE', #2927, #4435, #3681 ) ;
#4671 = AXIS2_PLACEMENT_3D ( 'NONE', #1107, #318, #708 ) ;
#4672 = ORIENTED_EDGE ( 'NONE', *, *, #3825, .T. ) ;
#4673 = ORIENTED_EDGE ( 'NONE', *, *, #3042, .F. ) ;
#4674 = CARTESIAN_POINT ( 'NONE',  ( 1.776161133969903700, 0.4240805465065317600, 1.110000000000000500 ) ) ;
#4675 = VERTEX_POINT ( 'NONE', #4404 ) ;
#4676 = ORIENTED_EDGE ( 'NONE', *, *, #4552, .F. ) ;
#4677 = VERTEX_POINT ( 'NONE', #167 ) ;
#4678 = AXIS2_PLACEMENT_3D ( 'NONE', #2143, #2908, #638 ) ;
#4679 = CARTESIAN_POINT ( 'NONE',  ( -2.207681502606056800, 0.3047260107602004500, 0.6100000000000005400 ) ) ;
#4680 = DIRECTION ( 'NONE',  ( -0.0000000000000000000, -0.0000000000000000000, -1.000000000000000000 ) ) ;
#4681 = EDGE_CURVE ( 'NONE', #3495, #3787, #3035, .T. ) ;
#4682 = EDGE_LOOP ( 'NONE', ( #993, #4024, #4804, #2601, #4472, #2108, #4043, #1513, #1498, #4910, #4444, #3288 ) ) ;
#4683 = FILL_AREA_STYLE_COLOUR ( '', #2065 ) ;
#4684 = ADVANCED_FACE ( 'NONE', ( #181 ), #2500, .F. ) ;
#4685 = FACE_OUTER_BOUND ( 'NONE', #3564, .T. ) ;
#4686 = DIRECTION ( 'NONE',  ( -0.0000000000000000000, -0.0000000000000000000, -1.000000000000000000 ) ) ;
#4687 = CARTESIAN_POINT ( 'NONE',  ( 1.500000000000000900, 0.7162000000000003900, 1.499999999999998700 ) ) ;
#4688 = VECTOR ( 'NONE', #1150, 1000.000000000000000 ) ;
#4689 = DIRECTION ( 'NONE',  ( 0.05233595624293666000, -0.9986295347545742800, 0.0000000000000000000 ) ) ;
#4690 = LINE ( 'NONE', #2690, #3072 ) ;
#4691 = VECTOR ( 'NONE', #1427, 1000.000000000000000 ) ;
#4692 = CARTESIAN_POINT ( 'NONE',  ( 1.500000000000000700, 0.5362000000000004500, -1.109999999999999400 ) ) ;
#4693 = VERTEX_POINT ( 'NONE', #2855 ) ;
#4694 = ORIENTED_EDGE ( 'NONE', *, *, #3863, .F. ) ;
#4695 = DIRECTION ( 'NONE',  ( 0.9848077530122082400, 0.1736481776669294200, -0.0000000000000000000 ) ) ;
#4696 = EDGE_CURVE ( 'NONE', #3329, #4023, #4060, .T. ) ;
#4697 = CIRCLE ( 'NONE', #2237, 0.1121194534934684100 ) ;
#4698 = FACE_OUTER_BOUND ( 'NONE', #1533, .T. ) ;
#4699 = ORIENTED_EDGE ( 'NONE', *, *, #886, .F. ) ;
#4700 = EDGE_CURVE ( 'NONE', #94, #4205, #1079, .T. ) ;
#4701 = DIRECTION ( 'NONE',  ( -0.9986295347545742800, -0.05233595624293722200, 0.0000000000000000000 ) ) ;
#4702 = LINE ( 'NONE', #2569, #4522 ) ;
#4703 = ORIENTED_EDGE ( 'NONE', *, *, #4696, .F. ) ;
#4704 = PLANE ( 'NONE',  #942 ) ;
#4705 = CARTESIAN_POINT ( 'NONE',  ( -1.072574600253919600, 1.508410654749289500, -1.159618693102123300 ) ) ;
#4706 = ADVANCED_FACE ( 'NONE', ( #3988 ), #219, .F. ) ;
#4707 = AXIS2_PLACEMENT_3D ( 'NONE', #4221, #471, #807 ) ;
#4708 = AXIS2_PLACEMENT_3D ( 'NONE', #363, #1123, #3341 ) ;
#4709 = VECTOR ( 'NONE', #1116, 1000.000000000000000 ) ;
#4710 = VERTEX_POINT ( 'NONE', #590 ) ;
#4711 = ORIENTED_EDGE ( 'NONE', *, *, #944, .T. ) ;
#4712 = DIRECTION ( 'NONE',  ( -1.000000000000000000, 0.0000000000000000000, 0.0000000000000000000 ) ) ;
#4713 = DIRECTION ( 'NONE',  ( -0.0000000000000000000, -0.0000000000000000000, -1.000000000000000000 ) ) ;
#4714 = LINE ( 'NONE', #4484, #303 ) ;
#4715 = CARTESIAN_POINT ( 'NONE',  ( 1.432325704804091600, 1.099999999999999400, -1.432325704804092000 ) ) ;
#4716 = VERTEX_POINT ( 'NONE', #4441 ) ;
#4717 = FACE_OUTER_BOUND ( 'NONE', #858, .T. ) ;
#4718 = DIRECTION ( 'NONE',  ( -0.0000000000000000000, -0.0000000000000000000, -1.000000000000000000 ) ) ;
#4719 = ORIENTED_EDGE ( 'NONE', *, *, #3360, .T. ) ;
#4720 = CARTESIAN_POINT ( 'NONE',  ( -1.072574600253919600, 1.508410654749289500, -1.015223721361092800 ) ) ;
#4721 = FACE_OUTER_BOUND ( 'NONE', #3717, .T. ) ;
#4722 =( NAMED_UNIT ( * ) SI_UNIT ( $, .STERADIAN. ) SOLID_ANGLE_UNIT ( ) );
#4723 =( NAMED_UNIT ( * ) SI_UNIT ( $, .STERADIAN. ) SOLID_ANGLE_UNIT ( ) );
#4724 = VERTEX_POINT ( 'NONE', #186 ) ;
#4725 = CYLINDRICAL_SURFACE ( 'NONE', #628, 0.1121194534934684100 ) ;
#4726 = DIRECTION ( 'NONE',  ( 0.0000000000000000000, 0.0000000000000000000, 1.000000000000000000 ) ) ;
#4727 = DIRECTION ( 'NONE',  ( -1.000000000000000000, -2.355586009297741800E-015, 0.0000000000000000000 ) ) ;
#4728 = ORIENTED_EDGE ( 'NONE', *, *, #3696, .F. ) ;
#4729 = AXIS2_PLACEMENT_3D ( 'NONE', #2865, #4746, #2476 ) ;
#4730 = VERTEX_POINT ( 'NONE', #253 ) ;
#4731 = FACE_OUTER_BOUND ( 'NONE', #3442, .T. ) ;
#4732 = ADVANCED_FACE ( 'NONE', ( #1908 ), #305, .F. ) ;
#4733 = ORIENTED_EDGE ( 'NONE', *, *, #4570, .F. ) ;
#4734 = VERTEX_POINT ( 'NONE', #2565 ) ;
#4735 = CARTESIAN_POINT ( 'NONE',  ( -1.776161133969903700, 0.4240805465065317600, 0.1100000000000005000 ) ) ;
#4736 = CARTESIAN_POINT ( 'NONE',  ( -2.450000000000000200, 0.1797533162558227800, 1.110000000000000500 ) ) ;
#4737 = VERTEX_POINT ( 'NONE', #2576 ) ;
#4738 = CARTESIAN_POINT ( 'NONE',  ( 2.201813623794040400, 0.1927602130810809100, -0.3899999999999995100 ) ) ;
#4739 = EDGE_CURVE ( 'NONE', #2995, #892, #1668, .T. ) ;
#4740 = AXIS2_PLACEMENT_3D ( 'NONE', #4407, #2123, #1025 ) ;
#4741 = ORIENTED_EDGE ( 'NONE', *, *, #2904, .F. ) ;
#4742 = DIRECTION ( 'NONE',  ( -0.0000000000000000000, -0.0000000000000000000, -1.000000000000000000 ) ) ;
#4743 = EDGE_LOOP ( 'NONE', ( #3270, #2045, #4945, #982 ) ) ;
#4744 = DIRECTION ( 'NONE',  ( 1.000000000000000000, 0.0000000000000000000, 0.0000000000000000000 ) ) ;
#4745 = PRODUCT ( 'LTC4368IMS-1#TRPBF', 'LTC4368IMS-1#TRPBF', '', ( #3923 ) ) ;
#4746 = DIRECTION ( 'NONE',  ( -0.0000000000000000000, -0.0000000000000000000, -1.000000000000000000 ) ) ;
#4747 = CARTESIAN_POINT ( 'NONE',  ( 2.063842636575960100, 0.4748065572667323800, 0.6100000000000005400 ) ) ;
#4748 = EDGE_CURVE ( 'NONE', #2980, #2995, #2148, .T. ) ;
#4749 = CARTESIAN_POINT ( 'NONE',  ( -2.450000000000000200, 0.1797533162558227800, 0.1100000000000005000 ) ) ;
#4750 = ORIENTED_EDGE ( 'NONE', *, *, #2393, .T. ) ;
#4751 = PLANE ( 'NONE',  #1726 ) ;
#4752 = DIRECTION ( 'NONE',  ( -0.1736481776669282800, 0.9848077530122084600, -0.0000000000000000000 ) ) ;
#4753 = CYLINDRICAL_SURFACE ( 'NONE', #3539, 0.1121194534934686200 ) ;
#4754 = ORIENTED_EDGE ( 'NONE', *, *, #2972, .F. ) ;
#4755 = LINE ( 'NONE', #607, #4825 ) ;
#4756 = VECTOR ( 'NONE', #2889, 1000.000000000000000 ) ;
#4757 = CARTESIAN_POINT ( 'NONE',  ( 1.776161133969903700, 0.4240805465065317600, 0.1100000000000005000 ) ) ;
#4758 = ADVANCED_FACE ( 'NONE', ( #4844 ), #3656, .F. ) ;
#4759 = EDGE_LOOP ( 'NONE', ( #2475, #4151, #4866, #3199 ) ) ;
#4760 = ORIENTED_EDGE ( 'NONE', *, *, #4347, .T. ) ;
#4761 = VECTOR ( 'NONE', #4155, 1000.000000000000000 ) ;
#4762 = FACE_OUTER_BOUND ( 'NONE', #2617, .T. ) ;
#4763 = CARTESIAN_POINT ( 'NONE',  ( -1.920000000000000400, 0.2540000000000001100, 0.1100000000000005000 ) ) ;
#4764 = DIRECTION ( 'NONE',  ( 0.0000000000000000000, 0.0000000000000000000, 1.000000000000000000 ) ) ;
#4765 = EDGE_CURVE ( 'NONE', #4195, #1850, #2205, .T. ) ;
#4766 = CARTESIAN_POINT ( 'NONE',  ( 1.776161133969903700, 0.5362000000000003400, 0.1100000000000005000 ) ) ;
#4767 = EDGE_CURVE ( 'NONE', #2882, #1492, #4714, .T. ) ;
#4768 = SURFACE_STYLE_FILL_AREA ( #3479 ) ;
#4769 = EDGE_CURVE ( 'NONE', #892, #2574, #4294, .T. ) ;
#4770 = SURFACE_SIDE_STYLE ('',( #3367 ) ) ;
#4771 = CARTESIAN_POINT ( 'NONE',  ( 1.500000000000000900, 0.7162000000000003900, 0.3900000000000004600 ) ) ;
#4772 = COLOUR_RGB ( '',0.7921568627450980000, 0.8196078431372548800, 0.9333333333333333500 ) ;
#4773 = CARTESIAN_POINT ( 'NONE',  ( -1.776161133969903900, 0.4240805465065317600, -0.3899999999999995100 ) ) ;
#4774 = CARTESIAN_POINT ( 'NONE',  ( 1.500000000000000900, 0.7162000000000003900, 0.1100000000000005000 ) ) ;
#4775 = DIRECTION ( 'NONE',  ( -0.9986295347545742800, -0.05233595624293664600, 0.0000000000000000000 ) ) ;
#4776 = ORIENTED_EDGE ( 'NONE', *, *, #1249, .F. ) ;
#4777 = AXIS2_PLACEMENT_3D ( 'NONE', #1531, #415, #3401 ) ;
#4778 = CARTESIAN_POINT ( 'NONE',  ( -2.201813623794040400, 0.1927602130810808800, 1.110000000000000500 ) ) ;
#4779 = DIRECTION ( 'NONE',  ( -1.000000000000000000, 0.0000000000000000000, 0.0000000000000000000 ) ) ;
#4780 = DIRECTION ( 'NONE',  ( -3.925976682162903200E-016, 1.000000000000000000, 0.0000000000000000000 ) ) ;
#4781 = VECTOR ( 'NONE', #97, 1000.000000000000000 ) ;
#4782 = DIRECTION ( 'NONE',  ( 0.9986295347545742800, 0.05233595624293665300, -0.0000000000000000000 ) ) ;
#4783 = ADVANCED_FACE ( 'NONE', ( #3268 ), #3700, .T. ) ;
#4784 = ORIENTED_EDGE ( 'NONE', *, *, #520, .F. ) ;
#4785 = ORIENTED_EDGE ( 'NONE', *, *, #502, .F. ) ;
#4786 = DIRECTION ( 'NONE',  ( -2.355586009297741800E-015, -1.000000000000000000, 0.0000000000000000000 ) ) ;
#4787 = PLANE ( 'NONE',  #1007 ) ;
#4788 = CARTESIAN_POINT ( 'NONE',  ( 2.192393151670311500, 0.01300689682525813000, -0.6099999999999995400 ) ) ;
#4789 = ORIENTED_EDGE ( 'NONE', *, *, #4599, .T. ) ;
#4790 = DIRECTION ( 'NONE',  ( -0.0000000000000000000, -0.0000000000000000000, -1.000000000000000000 ) ) ;
#4791 = DIRECTION ( 'NONE',  ( -0.0000000000000000000, -0.0000000000000000000, -1.000000000000000000 ) ) ;
#4792 = VECTOR ( 'NONE', #2646, 1000.000000000000000 ) ;
#4793 = ORIENTED_EDGE ( 'NONE', *, *, #1370, .T. ) ;
#4794 = DIRECTION ( 'NONE',  ( -0.1736481776669294200, 0.9848077530122082400, 0.0000000000000000000 ) ) ;
#4795 = EDGE_LOOP ( 'NONE', ( #3482, #1787, #16, #2975 ) ) ;
#4796 = EDGE_CURVE ( 'NONE', #689, #1454, #2325, .T. ) ;
#4797 = DIRECTION ( 'NONE',  ( -0.0000000000000000000, -0.0000000000000000000, -1.000000000000000000 ) ) ;
#4798 = DIRECTION ( 'NONE',  ( -1.000000000000000000, 0.0000000000000000000, 0.0000000000000000000 ) ) ;
#4799 = AXIS2_PLACEMENT_3D ( 'NONE', #3775, #1832, #4497 ) ;
#4800 = ORIENTED_EDGE ( 'NONE', *, *, #2014, .T. ) ;
#4801 = ORIENTED_EDGE ( 'NONE', *, *, #4102, .T. ) ;
#4802 = ORIENTED_EDGE ( 'NONE', *, *, #3283, .F. ) ;
#4803 = DIRECTION ( 'NONE',  ( 0.05233595624293666000, -0.9986295347545742800, 0.0000000000000000000 ) ) ;
#4804 = ORIENTED_EDGE ( 'NONE', *, *, #3106, .T. ) ;
#4805 = DIRECTION ( 'NONE',  ( 1.000000000000000000, 3.925976682162903200E-016, -0.0000000000000000000 ) ) ;
#4806 = PRODUCT_DEFINITION ( 'UNKNOWN', '', #3158, #1500 ) ;
#4807 = AXIS2_PLACEMENT_3D ( 'NONE', #3460, #1176, #2703 ) ;
#4808 = DIRECTION ( 'NONE',  ( -0.05233595624293850600, -0.9986295347545742800, 0.0000000000000000000 ) ) ;
#4809 = PLANE ( 'NONE',  #2349 ) ;
#4810 = CARTESIAN_POINT ( 'NONE',  ( -2.192393151670311500, 0.01300689682525813000, -0.6099999999999995400 ) ) ;
#4811 = ADVANCED_FACE ( 'NONE', ( #895 ), #2197, .F. ) ;
#4812 = CARTESIAN_POINT ( 'NONE',  ( -1.776161133969903700, 0.7161999999999997300, 0.1100000000000005000 ) ) ;
#4813 = FACE_OUTER_BOUND ( 'NONE', #2701, .T. ) ;
#4814 = CARTESIAN_POINT ( 'NONE',  ( 1.920000000000000200, 0.2540000000000001100, -1.109999999999999400 ) ) ;
#4815 = CARTESIAN_POINT ( 'NONE',  ( -1.776161133969903700, 0.5362000000000003400, 0.1100000000000005000 ) ) ;
#4816 = EDGE_CURVE ( 'NONE', #2586, #3852, #3441, .T. ) ;
#4817 = FACE_OUTER_BOUND ( 'NONE', #2165, .T. ) ;
#4818 = DIRECTION ( 'NONE',  ( -1.000000000000000000, 3.925976682162903200E-016, 0.0000000000000000000 ) ) ;
#4819 = EDGE_LOOP ( 'NONE', ( #1431, #1273, #1064, #4181 ) ) ;
#4820 = VECTOR ( 'NONE', #3662, 1000.000000000000100 ) ;
#4821 = CYLINDRICAL_SURFACE ( 'NONE', #3384, 0.2921194534934680200 ) ;
#4822 = ORIENTED_EDGE ( 'NONE', *, *, #4552, .T. ) ;
#4823 = DIRECTION ( 'NONE',  ( -0.0000000000000000000, -0.0000000000000000000, -1.000000000000000000 ) ) ;
#4824 = EDGE_LOOP ( 'NONE', ( #2613, #4178, #3447, #3462 ) ) ;
#4825 = VECTOR ( 'NONE', #1682, 1000.000000000000000 ) ;
#4826 = CARTESIAN_POINT ( 'NONE',  ( -2.063842636575960100, 0.4748065572667322100, 0.3900000000000004600 ) ) ;
#4827 = FACE_OUTER_BOUND ( 'NONE', #3928, .T. ) ;
#4828 = ORIENTED_EDGE ( 'NONE', *, *, #2692, .T. ) ;
#4829 = UNCERTAINTY_MEASURE_WITH_UNIT (LENGTH_MEASURE( 1.000000000000000100E-005 ), #196, 'distance_accuracy_value', 'NONE');
#4830 = CARTESIAN_POINT ( 'NONE',  ( -2.201813623794040400, 0.1927602130810808800, 0.1100000000000005000 ) ) ;
#4831 = DIRECTION ( 'NONE',  ( 1.000000000000000000, 0.0000000000000000000, -0.0000000000000000000 ) ) ;
#4832 = VECTOR ( 'NONE', #1820, 1000.000000000000000 ) ;
#4833 = ORIENTED_EDGE ( 'NONE', *, *, #2472, .T. ) ;
#4834 = PLANE ( 'NONE',  #2780 ) ;
#4835 = CYLINDRICAL_SURFACE ( 'NONE', #696, 0.2921194534934680200 ) ;
#4836 = DIRECTION ( 'NONE',  ( -0.0000000000000000000, -0.0000000000000000000, -1.000000000000000000 ) ) ;
#4837 = EDGE_CURVE ( 'NONE', #3741, #1447, #1423, .T. ) ;
#4838 = ORIENTED_EDGE ( 'NONE', *, *, #3926, .T. ) ;
#4839 = ADVANCED_FACE ( 'NONE', ( #3919 ), #3040, .F. ) ;
#4840 = EDGE_CURVE ( 'NONE', #3525, #2122, #1290, .T. ) ;
#4841 = AXIS2_PLACEMENT_3D ( 'NONE', #1041, #4451, #2149 ) ;
#4842 = AXIS2_PLACEMENT_3D ( 'NONE', #3797, #3104, #1203 ) ;
#4843 = DIRECTION ( 'NONE',  ( -0.9986295347545742800, -0.05233595624293664600, 0.0000000000000000000 ) ) ;
#4844 = FACE_OUTER_BOUND ( 'NONE', #750, .T. ) ;
#4845 = CARTESIAN_POINT ( 'NONE',  ( -1.500000000000000900, 0.7162000000000003900, 0.8900000000000004600 ) ) ;
#4846 = VERTEX_POINT ( 'NONE', #34 ) ;
#4847 = VECTOR ( 'NONE', #866, 1000.000000000000000 ) ;
#4848 = DIRECTION ( 'NONE',  ( -0.1736481776669294200, -0.9848077530122082400, 0.0000000000000000000 ) ) ;
#4849 = CARTESIAN_POINT ( 'NONE',  ( -2.063842636575960100, 0.4748065572667322100, 1.110000000000000500 ) ) ;
#4850 = AXIS2_PLACEMENT_3D ( 'NONE', #2471, #3623, #3238 ) ;
#4851 = EDGE_CURVE ( 'NONE', #1329, #3350, #2178, .T. ) ;
#4852 = PLANE ( 'NONE',  #1673 ) ;
#4853 = CARTESIAN_POINT ( 'NONE',  ( -1.072574600253919600, 0.9999999999999993300, -0.8708287496200622900 ) ) ;
#4854 = CARTESIAN_POINT ( 'NONE',  ( -2.450000000000000200, 0.1797533162558227800, 0.1100000000000005000 ) ) ;
#4855 = CARTESIAN_POINT ( 'NONE',  ( -1.432325704804090500, 1.099999999999999400, -1.432325704804091600 ) ) ;
#4856 = ORIENTED_EDGE ( 'NONE', *, *, #4925, .F. ) ;
#4857 = LINE ( 'NONE', #1899, #191 ) ;
#4858 = ORIENTED_EDGE ( 'NONE', *, *, #4066, .F. ) ;
#4859 = DIRECTION ( 'NONE',  ( 1.000000000000000000, -3.925976682162903200E-016, 0.0000000000000000000 ) ) ;
#4860 = ORIENTED_EDGE ( 'NONE', *, *, #2029, .F. ) ;
#4861 = VECTOR ( 'NONE', #426, 1000.000000000000000 ) ;
#4862 = ORIENTED_EDGE ( 'NONE', *, *, #160, .T. ) ;
#4863 = ORIENTED_EDGE ( 'NONE', *, *, #971, .T. ) ;
#4864 = DIRECTION ( 'NONE',  ( -1.000000000000000000, 0.0000000000000000000, 0.0000000000000000000 ) ) ;
#4865 = DIRECTION ( 'NONE',  ( 0.9986295347545742800, 0.05233595624293722200, -0.0000000000000000000 ) ) ;
#4866 = ORIENTED_EDGE ( 'NONE', *, *, #4320, .F. ) ;
#4867 = ORIENTED_EDGE ( 'NONE', *, *, #2119, .F. ) ;
#4868 = EDGE_CURVE ( 'NONE', #4154, #4428, #2260, .T. ) ;
#4869 = EDGE_CURVE ( 'NONE', #1891, #3852, #2729, .T. ) ;
#4870 = EDGE_CURVE ( 'NONE', #1622, #1775, #224, .T. ) ;
#4871 = CYLINDRICAL_SURFACE ( 'NONE', #2182, 0.1121194534934686200 ) ;
#4872 = ORIENTED_EDGE ( 'NONE', *, *, #3824, .F. ) ;
#4873 = CARTESIAN_POINT ( 'NONE',  ( 1.776161133969903500, 0.5362000000000003400, -0.3899999999999995100 ) ) ;
#4874 = CARTESIAN_POINT ( 'NONE',  ( 2.207681502606056800, 0.3047260107602004500, 0.1100000000000005000 ) ) ;
#4875 = CARTESIAN_POINT ( 'NONE',  ( -1.499999999999999300, 0.5362000000000004500, -1.500000000000000400 ) ) ;
#4876 = CYLINDRICAL_SURFACE ( 'NONE', #2839, 0.2921194534934680200 ) ;
#4877 = VERTEX_POINT ( 'NONE', #4253 ) ;
#4878 = AXIS2_PLACEMENT_3D ( 'NONE', #1957, #3772, #1573 ) ;
#4879 = DIRECTION ( 'NONE',  ( -0.0000000000000000000, -0.0000000000000000000, -1.000000000000000000 ) ) ;
#4880 = CARTESIAN_POINT ( 'NONE',  ( -1.776161133969903700, 0.4240805465065317600, -0.1099999999999995300 ) ) ;
#4881 = FACE_OUTER_BOUND ( 'NONE', #441, .T. ) ;
#4882 = ORIENTED_EDGE ( 'NONE', *, *, #4748, .F. ) ;
#4883 = CARTESIAN_POINT ( 'NONE',  ( -1.499999999999999100, 0.5362000000000004500, 1.499999999999999100 ) ) ;
#4884 = LINE ( 'NONE', #3960, #3848 ) ;
#4885 = PRESENTATION_STYLE_ASSIGNMENT (( #1320 ) ) ;
#4886 = CARTESIAN_POINT ( 'NONE',  ( 2.201813623794040400, 0.1927602130810809100, 0.3900000000000004600 ) ) ;
#4887 = LINE ( 'NONE', #1049, #1838 ) ;
#4888 = ORIENTED_EDGE ( 'NONE', *, *, #2590, .F. ) ;
#4889 = LINE ( 'NONE', #2104, #2838 ) ;
#4890 = DIRECTION ( 'NONE',  ( -0.0000000000000000000, -0.0000000000000000000, -1.000000000000000000 ) ) ;
#4891 = CARTESIAN_POINT ( 'NONE',  ( -1.776161133969903700, 0.5362000000000003400, -0.1099999999999995300 ) ) ;
#4892 = DIRECTION ( 'NONE',  ( -0.1736481776669282800, 0.9848077530122084600, -0.0000000000000000000 ) ) ;
#4893 = EDGE_LOOP ( 'NONE', ( #3426, #1619, #3111, #3887 ) ) ;
#4894 = DIRECTION ( 'NONE',  ( -1.000000000000000000, -2.355586009297741800E-015, 0.0000000000000000000 ) ) ;
#4895 = EDGE_CURVE ( 'NONE', #3995, #4716, #2907, .T. ) ;
#4896 = CARTESIAN_POINT ( 'NONE',  ( -2.450000000000000200, 0.1797533162558227800, 0.1100000000000005000 ) ) ;
#4897 = ORIENTED_EDGE ( 'NONE', *, *, #2300, .T. ) ;
#4898 = EDGE_CURVE ( 'NONE', #3317, #3857, #1228, .T. ) ;
#4899 = PRESENTATION_LAYER_ASSIGNMENT (  '', '', ( #2914 ) ) ;
#4900 = PLANE ( 'NONE',  #869 ) ;
#4901 = DIRECTION ( 'NONE',  ( 0.0000000000000000000, 0.0000000000000000000, 1.000000000000000000 ) ) ;
#4902 = LINE ( 'NONE', #3485, #1261 ) ;
#4903 = DIRECTION ( 'NONE',  ( 0.1736481776669293900, -0.9848077530122082400, 0.0000000000000000000 ) ) ;
#4904 = ORIENTED_EDGE ( 'NONE', *, *, #4895, .T. ) ;
#4905 = EDGE_LOOP ( 'NONE', ( #1272, #703, #2807, #631 ) ) ;
#4906 = CARTESIAN_POINT ( 'NONE',  ( -2.097265395542197400, 0.2852566719800474500, -0.3899999999999995100 ) ) ;
#4907 = VECTOR ( 'NONE', #1334, 1000.000000000000000 ) ;
#4908 = AXIS2_PLACEMENT_3D ( 'NONE', #4392, #172, #152 ) ;
#4909 = EDGE_CURVE ( 'NONE', #3595, #1964, #2568, .T. ) ;
#4910 = ORIENTED_EDGE ( 'NONE', *, *, #1194, .T. ) ;
#4911 = VECTOR ( 'NONE', #2718, 1000.000000000000000 ) ;
#4912 = CARTESIAN_POINT ( 'NONE',  ( 1.500000000000000900, 0.7162000000000003900, 0.6100000000000005400 ) ) ;
#4913 = ORIENTED_EDGE ( 'NONE', *, *, #2252, .T. ) ;
#4914 = ORIENTED_EDGE ( 'NONE', *, *, #814, .T. ) ;
#4915 = VERTEX_POINT ( 'NONE', #51 ) ;
#4916 = DIRECTION ( 'NONE',  ( 0.9848077530122082400, 0.1736481776669294200, -0.0000000000000000000 ) ) ;
#4917 = ORIENTED_EDGE ( 'NONE', *, *, #4079, .F. ) ;
#4918 = ORIENTED_EDGE ( 'NONE', *, *, #4280, .F. ) ;
#4919 = PLANE ( 'NONE',  #3793 ) ;
#4920 = ORIENTED_EDGE ( 'NONE', *, *, #3352, .T. ) ;
#4921 = DIRECTION ( 'NONE',  ( 1.000000000000000000, 0.0000000000000000000, 0.0000000000000000000 ) ) ;
#4922 = ORIENTED_EDGE ( 'NONE', *, *, #3616, .F. ) ;
#4923 = CARTESIAN_POINT ( 'NONE',  ( 1.776161133969903500, 0.4240805465065317600, -1.109999999999999400 ) ) ;
#4924 = CARTESIAN_POINT ( 'NONE',  ( -1.500000000000001100, 0.5362000000000004500, -0.3899999999999995100 ) ) ;
#4925 = EDGE_CURVE ( 'NONE', #822, #3655, #4690, .T. ) ;
#4926 = LINE ( 'NONE', #251, #923 ) ;
#4927 = DIRECTION ( 'NONE',  ( -0.0000000000000000000, -0.0000000000000000000, -1.000000000000000000 ) ) ;
#4928 = EDGE_CURVE ( 'NONE', #2337, #4941, #1826, .T. ) ;
#4929 = AXIS2_PLACEMENT_3D ( 'NONE', #3123, #918, #4701 ) ;
#4930 = AXIS2_PLACEMENT_3D ( 'NONE', #2979, #4207, #1518 ) ;
#4931 = VECTOR ( 'NONE', #1818, 1000.000000000000000 ) ;
#4932 = ADVANCED_FACE ( 'NONE', ( #394 ), #1550, .T. ) ;
#4933 = PLANE ( 'NONE',  #4037 ) ;
#4934 = CARTESIAN_POINT ( 'NONE',  ( 2.207681502606056800, 0.3047260107602004500, -0.3899999999999995100 ) ) ;
#4935 = LINE ( 'NONE', #1345, #3908 ) ;
#4936 = CYLINDRICAL_SURFACE ( 'NONE', #962, 0.1121194534934686200 ) ;
#4937 = LINE ( 'NONE', #2336, #2543 ) ;
#4938 = ORIENTED_EDGE ( 'NONE', *, *, #1797, .F. ) ;
#4939 = EDGE_CURVE ( 'NONE', #803, #1476, #1235, .T. ) ;
#4940 = CARTESIAN_POINT ( 'NONE',  ( -1.500000000000001100, 0.7162000000000003900, -0.3899999999999995100 ) ) ;
#4941 = VERTEX_POINT ( 'NONE', #4627 ) ;
#4942 = LINE ( 'NONE', #359, #4761 ) ;
#4943 = CIRCLE ( 'NONE', #1766, 0.2921194534934680200 ) ;
#4944 =( NAMED_UNIT ( * ) SI_UNIT ( $, .STERADIAN. ) SOLID_ANGLE_UNIT ( ) );
#4945 = ORIENTED_EDGE ( 'NONE', *, *, #780, .F. ) ;
#4946 = DIRECTION ( 'NONE',  ( -0.05233595624293722200, 0.9986295347545742800, 0.0000000000000000000 ) ) ;
#4947 = VECTOR ( 'NONE', #1786, 1000.000000000000000 ) ;
ENDSEC;
END-ISO-10303-21;
